config,pid,model_x,model_y,dimension,category,winner_xy,winner
single/gemma-3-4b,02be96c6-b03a-42ba-85cb-8d3a3efee449,Qwen/Qwen2.5-7B-Instruct,mistralai/Mistral-7B-Instruct-v0.3,Empathic Understanding,Exploration,y,mistralai/Mistral-7B-Instruct-v0.3
sc/gemma-3-4b,02be96c6-b03a-42ba-85cb-8d3a3efee449,Qwen/Qwen2.5-7B-Instruct,mistralai/Mistral-7B-Instruct-v0.3,Empathic Understanding,Exploration,y,mistralai/Mistral-7B-Instruct-v0.3
single/phi-4-mini,02be96c6-b03a-42ba-85cb-8d3a3efee449,Qwen/Qwen2.5-7B-Instruct,mistralai/Mistral-7B-Instruct-v0.3,Empathic Understanding,Exploration,tie,tie
sc/phi-4-mini,02be96c6-b03a-42ba-85cb-8d3a3efee449,Qwen/Qwen2.5-7B-Instruct,mistralai/Mistral-7B-Instruct-v0.3,Empathic Understanding,Exploration,tie,tie
ensemble_single,02be96c6-b03a-42ba-85cb-8d3a3efee449,Qwen/Qwen2.5-7B-Instruct,mistralai/Mistral-7B-Instruct-v0.3,Empathic Understanding,Exploration,tie,tie
ensemble_sc,02be96c6-b03a-42ba-85cb-8d3a3efee449,Qwen/Qwen2.5-7B-Instruct,mistralai/Mistral-7B-Instruct-v0.3,Empathic Understanding,Exploration,tie,tie
single/gemma-3-4b,02be96c6-b03a-42ba-85cb-8d3a3efee449,Qwen/Qwen2.5-7B-Instruct,mistralai/Mistral-7B-Instruct-v0.3,Encouragement of Emotional Expression,Exploration,y,mistralai/Mistral-7B-Instruct-v0.3
sc/gemma-3-4b,02be96c6-b03a-42ba-85cb-8d3a3efee449,Qwen/Qwen2.5-7B-Instruct,mistralai/Mistral-7B-Instruct-v0.3,Encouragement of Emotional Expression,Exploration,y,mistralai/Mistral-7B-Instruct-v0.3
single/phi-4-mini,02be96c6-b03a-42ba-85cb-8d3a3efee449,Qwen/Qwen2.5-7B-Instruct,mistralai/Mistral-7B-Instruct-v0.3,Encouragement of Emotional Expression,Exploration,tie,tie
sc/phi-4-mini,02be96c6-b03a-42ba-85cb-8d3a3efee449,Qwen/Qwen2.5-7B-Instruct,mistralai/Mistral-7B-Instruct-v0.3,Encouragement of Emotional Expression,Exploration,tie,tie
ensemble_single,02be96c6-b03a-42ba-85cb-8d3a3efee449,Qwen/Qwen2.5-7B-Instruct,mistralai/Mistral-7B-Instruct-v0.3,Encouragement of Emotional Expression,Exploration,tie,tie
ensemble_sc,02be96c6-b03a-42ba-85cb-8d3a3efee449,Qwen/Qwen2.5-7B-Instruct,mistralai/Mistral-7B-Instruct-v0.3,Encouragement of Emotional Expression,Exploration,tie,tie
single/gemma-3-4b,02be96c6-b03a-42ba-85cb-8d3a3efee449,Qwen/Qwen2.5-7B-Instruct,mistralai/Mistral-7B-Instruct-v0.3,Exploration of Thoughts and Narratives,Exploration,y,mistralai/Mistral-7B-Instruct-v0.3
sc/gemma-3-4b,02be96c6-b03a-42ba-85cb-8d3a3efee449,Qwen/Qwen2.5-7B-Instruct,mistralai/Mistral-7B-Instruct-v0.3,Exploration of Thoughts and Narratives,Exploration,y,mistralai/Mistral-7B-Instruct-v0.3
single/phi-4-mini,02be96c6-b03a-42ba-85cb-8d3a3efee449,Qwen/Qwen2.5-7B-Instruct,mistralai/Mistral-7B-Instruct-v0.3,Exploration of Thoughts and Narratives,Exploration,tie,tie
sc/phi-4-mini,02be96c6-b03a-42ba-85cb-8d3a3efee449,Qwen/Qwen2.5-7B-Instruct,mistralai/Mistral-7B-Instruct-v0.3,Exploration of Thoughts and Narratives,Exploration,tie,tie
ensemble_single,02be96c6-b03a-42ba-85cb-8d3a3efee449,Qwen/Qwen2.5-7B-Instruct,mistralai/Mistral-7B-Instruct-v0.3,Exploration of Thoughts and Narratives,Exploration,tie,tie
ensemble_sc,02be96c6-b03a-42ba-85cb-8d3a3efee449,Qwen/Qwen2.5-7B-Instruct,mistralai/Mistral-7B-Instruct-v0.3,Exploration of Thoughts and Narratives,Exploration,tie,tie
single/gemma-3-4b,02be96c6-b03a-42ba-85cb-8d3a3efee449,Qwen/Qwen2.5-7B-Instruct,mistralai/Mistral-7B-Instruct-v0.3,Establish a Trusting Foundation,Insight,y,mistralai/Mistral-7B-Instruct-v0.3
sc/gemma-3-4b,02be96c6-b03a-42ba-85cb-8d3a3efee449,Qwen/Qwen2.5-7B-Instruct,mistralai/Mistral-7B-Instruct-v0.3,Establish a Trusting Foundation,Insight,y,mistralai/Mistral-7B-Instruct-v0.3
single/phi-4-mini,02be96c6-b03a-42ba-85cb-8d3a3efee449,Qwen/Qwen2.5-7B-Instruct,mistralai/Mistral-7B-Instruct-v0.3,Establish a Trusting Foundation,Insight,tie,tie
sc/phi-4-mini,02be96c6-b03a-42ba-85cb-8d3a3efee449,Qwen/Qwen2.5-7B-Instruct,mistralai/Mistral-7B-Instruct-v0.3,Establish a Trusting Foundation,Insight,tie,tie
ensemble_single,02be96c6-b03a-42ba-85cb-8d3a3efee449,Qwen/Qwen2.5-7B-Instruct,mistralai/Mistral-7B-Instruct-v0.3,Establish a Trusting Foundation,Insight,tie,tie
ensemble_sc,02be96c6-b03a-42ba-85cb-8d3a3efee449,Qwen/Qwen2.5-7B-Instruct,mistralai/Mistral-7B-Instruct-v0.3,Establish a Trusting Foundation,Insight,tie,tie
single/gemma-3-4b,02be96c6-b03a-42ba-85cb-8d3a3efee449,Qwen/Qwen2.5-7B-Instruct,mistralai/Mistral-7B-Instruct-v0.3,Assess Readiness for Insight,Insight,y,mistralai/Mistral-7B-Instruct-v0.3
sc/gemma-3-4b,02be96c6-b03a-42ba-85cb-8d3a3efee449,Qwen/Qwen2.5-7B-Instruct,mistralai/Mistral-7B-Instruct-v0.3,Assess Readiness for Insight,Insight,y,mistralai/Mistral-7B-Instruct-v0.3
single/phi-4-mini,02be96c6-b03a-42ba-85cb-8d3a3efee449,Qwen/Qwen2.5-7B-Instruct,mistralai/Mistral-7B-Instruct-v0.3,Assess Readiness for Insight,Insight,tie,tie
sc/phi-4-mini,02be96c6-b03a-42ba-85cb-8d3a3efee449,Qwen/Qwen2.5-7B-Instruct,mistralai/Mistral-7B-Instruct-v0.3,Assess Readiness for Insight,Insight,tie,tie
ensemble_single,02be96c6-b03a-42ba-85cb-8d3a3efee449,Qwen/Qwen2.5-7B-Instruct,mistralai/Mistral-7B-Instruct-v0.3,Assess Readiness for Insight,Insight,tie,tie
ensemble_sc,02be96c6-b03a-42ba-85cb-8d3a3efee449,Qwen/Qwen2.5-7B-Instruct,mistralai/Mistral-7B-Instruct-v0.3,Assess Readiness for Insight,Insight,tie,tie
single/gemma-3-4b,02be96c6-b03a-42ba-85cb-8d3a3efee449,Qwen/Qwen2.5-7B-Instruct,mistralai/Mistral-7B-Instruct-v0.3,Use Gentle Challenges and Interpretations,Insight,y,mistralai/Mistral-7B-Instruct-v0.3
sc/gemma-3-4b,02be96c6-b03a-42ba-85cb-8d3a3efee449,Qwen/Qwen2.5-7B-Instruct,mistralai/Mistral-7B-Instruct-v0.3,Use Gentle Challenges and Interpretations,Insight,y,mistralai/Mistral-7B-Instruct-v0.3
single/phi-4-mini,02be96c6-b03a-42ba-85cb-8d3a3efee449,Qwen/Qwen2.5-7B-Instruct,mistralai/Mistral-7B-Instruct-v0.3,Use Gentle Challenges and Interpretations,Insight,tie,tie
sc/phi-4-mini,02be96c6-b03a-42ba-85cb-8d3a3efee449,Qwen/Qwen2.5-7B-Instruct,mistralai/Mistral-7B-Instruct-v0.3,Use Gentle Challenges and Interpretations,Insight,tie,tie
ensemble_single,02be96c6-b03a-42ba-85cb-8d3a3efee449,Qwen/Qwen2.5-7B-Instruct,mistralai/Mistral-7B-Instruct-v0.3,Use Gentle Challenges and Interpretations,Insight,tie,tie
ensemble_sc,02be96c6-b03a-42ba-85cb-8d3a3efee449,Qwen/Qwen2.5-7B-Instruct,mistralai/Mistral-7B-Instruct-v0.3,Use Gentle Challenges and Interpretations,Insight,tie,tie
single/gemma-3-4b,02be96c6-b03a-42ba-85cb-8d3a3efee449,Qwen/Qwen2.5-7B-Instruct,mistralai/Mistral-7B-Instruct-v0.3,Clarify the Desired Change,Action,y,mistralai/Mistral-7B-Instruct-v0.3
sc/gemma-3-4b,02be96c6-b03a-42ba-85cb-8d3a3efee449,Qwen/Qwen2.5-7B-Instruct,mistralai/Mistral-7B-Instruct-v0.3,Clarify the Desired Change,Action,y,mistralai/Mistral-7B-Instruct-v0.3
single/phi-4-mini,02be96c6-b03a-42ba-85cb-8d3a3efee449,Qwen/Qwen2.5-7B-Instruct,mistralai/Mistral-7B-Instruct-v0.3,Clarify the Desired Change,Action,tie,tie
sc/phi-4-mini,02be96c6-b03a-42ba-85cb-8d3a3efee449,Qwen/Qwen2.5-7B-Instruct,mistralai/Mistral-7B-Instruct-v0.3,Clarify the Desired Change,Action,,
ensemble_single,02be96c6-b03a-42ba-85cb-8d3a3efee449,Qwen/Qwen2.5-7B-Instruct,mistralai/Mistral-7B-Instruct-v0.3,Clarify the Desired Change,Action,tie,tie
ensemble_sc,02be96c6-b03a-42ba-85cb-8d3a3efee449,Qwen/Qwen2.5-7B-Instruct,mistralai/Mistral-7B-Instruct-v0.3,Clarify the Desired Change,Action,,
single/gemma-3-4b,02be96c6-b03a-42ba-85cb-8d3a3efee449,Qwen/Qwen2.5-7B-Instruct,mistralai/Mistral-7B-Instruct-v0.3,Ensure Readiness and Collaboration,Action,y,mistralai/Mistral-7B-Instruct-v0.3
sc/gemma-3-4b,02be96c6-b03a-42ba-85cb-8d3a3efee449,Qwen/Qwen2.5-7B-Instruct,mistralai/Mistral-7B-Instruct-v0.3,Ensure Readiness and Collaboration,Action,y,mistralai/Mistral-7B-Instruct-v0.3
single/phi-4-mini,02be96c6-b03a-42ba-85cb-8d3a3efee449,Qwen/Qwen2.5-7B-Instruct,mistralai/Mistral-7B-Instruct-v0.3,Ensure Readiness and Collaboration,Action,,
sc/phi-4-mini,02be96c6-b03a-42ba-85cb-8d3a3efee449,Qwen/Qwen2.5-7B-Instruct,mistralai/Mistral-7B-Instruct-v0.3,Ensure Readiness and Collaboration,Action,,
ensemble_single,02be96c6-b03a-42ba-85cb-8d3a3efee449,Qwen/Qwen2.5-7B-Instruct,mistralai/Mistral-7B-Instruct-v0.3,Ensure Readiness and Collaboration,Action,,
ensemble_sc,02be96c6-b03a-42ba-85cb-8d3a3efee449,Qwen/Qwen2.5-7B-Instruct,mistralai/Mistral-7B-Instruct-v0.3,Ensure Readiness and Collaboration,Action,,
single/gemma-3-4b,02be96c6-b03a-42ba-85cb-8d3a3efee449,Qwen/Qwen2.5-7B-Instruct,mistralai/Mistral-7B-Instruct-v0.3,Brainstorm and Evaluate Options,Action,y,mistralai/Mistral-7B-Instruct-v0.3
sc/gemma-3-4b,02be96c6-b03a-42ba-85cb-8d3a3efee449,Qwen/Qwen2.5-7B-Instruct,mistralai/Mistral-7B-Instruct-v0.3,Brainstorm and Evaluate Options,Action,y,mistralai/Mistral-7B-Instruct-v0.3
single/phi-4-mini,02be96c6-b03a-42ba-85cb-8d3a3efee449,Qwen/Qwen2.5-7B-Instruct,mistralai/Mistral-7B-Instruct-v0.3,Brainstorm and Evaluate Options,Action,,
sc/phi-4-mini,02be96c6-b03a-42ba-85cb-8d3a3efee449,Qwen/Qwen2.5-7B-Instruct,mistralai/Mistral-7B-Instruct-v0.3,Brainstorm and Evaluate Options,Action,,
ensemble_single,02be96c6-b03a-42ba-85cb-8d3a3efee449,Qwen/Qwen2.5-7B-Instruct,mistralai/Mistral-7B-Instruct-v0.3,Brainstorm and Evaluate Options,Action,,
ensemble_sc,02be96c6-b03a-42ba-85cb-8d3a3efee449,Qwen/Qwen2.5-7B-Instruct,mistralai/Mistral-7B-Instruct-v0.3,Brainstorm and Evaluate Options,Action,,
single/gemma-3-4b,0367b65b-87f7-4756-a20d-6036915d01bf,Qwen/Qwen2.5-7B-Instruct,mistralai/Mistral-7B-Instruct-v0.3,Empathic Understanding,Exploration,x,Qwen/Qwen2.5-7B-Instruct
sc/gemma-3-4b,0367b65b-87f7-4756-a20d-6036915d01bf,Qwen/Qwen2.5-7B-Instruct,mistralai/Mistral-7B-Instruct-v0.3,Empathic Understanding,Exploration,tie,tie
single/phi-4-mini,0367b65b-87f7-4756-a20d-6036915d01bf,Qwen/Qwen2.5-7B-Instruct,mistralai/Mistral-7B-Instruct-v0.3,Empathic Understanding,Exploration,tie,tie
sc/phi-4-mini,0367b65b-87f7-4756-a20d-6036915d01bf,Qwen/Qwen2.5-7B-Instruct,mistralai/Mistral-7B-Instruct-v0.3,Empathic Understanding,Exploration,tie,tie
ensemble_single,0367b65b-87f7-4756-a20d-6036915d01bf,Qwen/Qwen2.5-7B-Instruct,mistralai/Mistral-7B-Instruct-v0.3,Empathic Understanding,Exploration,tie,tie
ensemble_sc,0367b65b-87f7-4756-a20d-6036915d01bf,Qwen/Qwen2.5-7B-Instruct,mistralai/Mistral-7B-Instruct-v0.3,Empathic Understanding,Exploration,tie,tie
single/gemma-3-4b,0367b65b-87f7-4756-a20d-6036915d01bf,Qwen/Qwen2.5-7B-Instruct,mistralai/Mistral-7B-Instruct-v0.3,Encouragement of Emotional Expression,Exploration,x,Qwen/Qwen2.5-7B-Instruct
sc/gemma-3-4b,0367b65b-87f7-4756-a20d-6036915d01bf,Qwen/Qwen2.5-7B-Instruct,mistralai/Mistral-7B-Instruct-v0.3,Encouragement of Emotional Expression,Exploration,tie,tie
single/phi-4-mini,0367b65b-87f7-4756-a20d-6036915d01bf,Qwen/Qwen2.5-7B-Instruct,mistralai/Mistral-7B-Instruct-v0.3,Encouragement of Emotional Expression,Exploration,tie,tie
sc/phi-4-mini,0367b65b-87f7-4756-a20d-6036915d01bf,Qwen/Qwen2.5-7B-Instruct,mistralai/Mistral-7B-Instruct-v0.3,Encouragement of Emotional Expression,Exploration,tie,tie
ensemble_single,0367b65b-87f7-4756-a20d-6036915d01bf,Qwen/Qwen2.5-7B-Instruct,mistralai/Mistral-7B-Instruct-v0.3,Encouragement of Emotional Expression,Exploration,tie,tie
ensemble_sc,0367b65b-87f7-4756-a20d-6036915d01bf,Qwen/Qwen2.5-7B-Instruct,mistralai/Mistral-7B-Instruct-v0.3,Encouragement of Emotional Expression,Exploration,tie,tie
single/gemma-3-4b,0367b65b-87f7-4756-a20d-6036915d01bf,Qwen/Qwen2.5-7B-Instruct,mistralai/Mistral-7B-Instruct-v0.3,Exploration of Thoughts and Narratives,Exploration,x,Qwen/Qwen2.5-7B-Instruct
sc/gemma-3-4b,0367b65b-87f7-4756-a20d-6036915d01bf,Qwen/Qwen2.5-7B-Instruct,mistralai/Mistral-7B-Instruct-v0.3,Exploration of Thoughts and Narratives,Exploration,tie,tie
single/phi-4-mini,0367b65b-87f7-4756-a20d-6036915d01bf,Qwen/Qwen2.5-7B-Instruct,mistralai/Mistral-7B-Instruct-v0.3,Exploration of Thoughts and Narratives,Exploration,tie,tie
sc/phi-4-mini,0367b65b-87f7-4756-a20d-6036915d01bf,Qwen/Qwen2.5-7B-Instruct,mistralai/Mistral-7B-Instruct-v0.3,Exploration of Thoughts and Narratives,Exploration,tie,tie
ensemble_single,0367b65b-87f7-4756-a20d-6036915d01bf,Qwen/Qwen2.5-7B-Instruct,mistralai/Mistral-7B-Instruct-v0.3,Exploration of Thoughts and Narratives,Exploration,tie,tie
ensemble_sc,0367b65b-87f7-4756-a20d-6036915d01bf,Qwen/Qwen2.5-7B-Instruct,mistralai/Mistral-7B-Instruct-v0.3,Exploration of Thoughts and Narratives,Exploration,tie,tie
single/gemma-3-4b,0367b65b-87f7-4756-a20d-6036915d01bf,Qwen/Qwen2.5-7B-Instruct,mistralai/Mistral-7B-Instruct-v0.3,Establish a Trusting Foundation,Insight,x,Qwen/Qwen2.5-7B-Instruct
sc/gemma-3-4b,0367b65b-87f7-4756-a20d-6036915d01bf,Qwen/Qwen2.5-7B-Instruct,mistralai/Mistral-7B-Instruct-v0.3,Establish a Trusting Foundation,Insight,tie,tie
single/phi-4-mini,0367b65b-87f7-4756-a20d-6036915d01bf,Qwen/Qwen2.5-7B-Instruct,mistralai/Mistral-7B-Instruct-v0.3,Establish a Trusting Foundation,Insight,tie,tie
sc/phi-4-mini,0367b65b-87f7-4756-a20d-6036915d01bf,Qwen/Qwen2.5-7B-Instruct,mistralai/Mistral-7B-Instruct-v0.3,Establish a Trusting Foundation,Insight,tie,tie
ensemble_single,0367b65b-87f7-4756-a20d-6036915d01bf,Qwen/Qwen2.5-7B-Instruct,mistralai/Mistral-7B-Instruct-v0.3,Establish a Trusting Foundation,Insight,tie,tie
ensemble_sc,0367b65b-87f7-4756-a20d-6036915d01bf,Qwen/Qwen2.5-7B-Instruct,mistralai/Mistral-7B-Instruct-v0.3,Establish a Trusting Foundation,Insight,tie,tie
single/gemma-3-4b,0367b65b-87f7-4756-a20d-6036915d01bf,Qwen/Qwen2.5-7B-Instruct,mistralai/Mistral-7B-Instruct-v0.3,Assess Readiness for Insight,Insight,tie,tie
sc/gemma-3-4b,0367b65b-87f7-4756-a20d-6036915d01bf,Qwen/Qwen2.5-7B-Instruct,mistralai/Mistral-7B-Instruct-v0.3,Assess Readiness for Insight,Insight,tie,tie
single/phi-4-mini,0367b65b-87f7-4756-a20d-6036915d01bf,Qwen/Qwen2.5-7B-Instruct,mistralai/Mistral-7B-Instruct-v0.3,Assess Readiness for Insight,Insight,tie,tie
sc/phi-4-mini,0367b65b-87f7-4756-a20d-6036915d01bf,Qwen/Qwen2.5-7B-Instruct,mistralai/Mistral-7B-Instruct-v0.3,Assess Readiness for Insight,Insight,tie,tie
ensemble_single,0367b65b-87f7-4756-a20d-6036915d01bf,Qwen/Qwen2.5-7B-Instruct,mistralai/Mistral-7B-Instruct-v0.3,Assess Readiness for Insight,Insight,tie,tie
ensemble_sc,0367b65b-87f7-4756-a20d-6036915d01bf,Qwen/Qwen2.5-7B-Instruct,mistralai/Mistral-7B-Instruct-v0.3,Assess Readiness for Insight,Insight,tie,tie
single/gemma-3-4b,0367b65b-87f7-4756-a20d-6036915d01bf,Qwen/Qwen2.5-7B-Instruct,mistralai/Mistral-7B-Instruct-v0.3,Use Gentle Challenges and Interpretations,Insight,x,Qwen/Qwen2.5-7B-Instruct
sc/gemma-3-4b,0367b65b-87f7-4756-a20d-6036915d01bf,Qwen/Qwen2.5-7B-Instruct,mistralai/Mistral-7B-Instruct-v0.3,Use Gentle Challenges and Interpretations,Insight,tie,tie
single/phi-4-mini,0367b65b-87f7-4756-a20d-6036915d01bf,Qwen/Qwen2.5-7B-Instruct,mistralai/Mistral-7B-Instruct-v0.3,Use Gentle Challenges and Interpretations,Insight,tie,tie
sc/phi-4-mini,0367b65b-87f7-4756-a20d-6036915d01bf,Qwen/Qwen2.5-7B-Instruct,mistralai/Mistral-7B-Instruct-v0.3,Use Gentle Challenges and Interpretations,Insight,tie,tie
ensemble_single,0367b65b-87f7-4756-a20d-6036915d01bf,Qwen/Qwen2.5-7B-Instruct,mistralai/Mistral-7B-Instruct-v0.3,Use Gentle Challenges and Interpretations,Insight,tie,tie
ensemble_sc,0367b65b-87f7-4756-a20d-6036915d01bf,Qwen/Qwen2.5-7B-Instruct,mistralai/Mistral-7B-Instruct-v0.3,Use Gentle Challenges and Interpretations,Insight,tie,tie
single/gemma-3-4b,0367b65b-87f7-4756-a20d-6036915d01bf,Qwen/Qwen2.5-7B-Instruct,mistralai/Mistral-7B-Instruct-v0.3,Clarify the Desired Change,Action,tie,tie
sc/gemma-3-4b,0367b65b-87f7-4756-a20d-6036915d01bf,Qwen/Qwen2.5-7B-Instruct,mistralai/Mistral-7B-Instruct-v0.3,Clarify the Desired Change,Action,tie,tie
single/phi-4-mini,0367b65b-87f7-4756-a20d-6036915d01bf,Qwen/Qwen2.5-7B-Instruct,mistralai/Mistral-7B-Instruct-v0.3,Clarify the Desired Change,Action,tie,tie
sc/phi-4-mini,0367b65b-87f7-4756-a20d-6036915d01bf,Qwen/Qwen2.5-7B-Instruct,mistralai/Mistral-7B-Instruct-v0.3,Clarify the Desired Change,Action,tie,tie
ensemble_single,0367b65b-87f7-4756-a20d-6036915d01bf,Qwen/Qwen2.5-7B-Instruct,mistralai/Mistral-7B-Instruct-v0.3,Clarify the Desired Change,Action,tie,tie
ensemble_sc,0367b65b-87f7-4756-a20d-6036915d01bf,Qwen/Qwen2.5-7B-Instruct,mistralai/Mistral-7B-Instruct-v0.3,Clarify the Desired Change,Action,tie,tie
single/gemma-3-4b,0367b65b-87f7-4756-a20d-6036915d01bf,Qwen/Qwen2.5-7B-Instruct,mistralai/Mistral-7B-Instruct-v0.3,Ensure Readiness and Collaboration,Action,x,Qwen/Qwen2.5-7B-Instruct
sc/gemma-3-4b,0367b65b-87f7-4756-a20d-6036915d01bf,Qwen/Qwen2.5-7B-Instruct,mistralai/Mistral-7B-Instruct-v0.3,Ensure Readiness and Collaboration,Action,tie,tie
single/phi-4-mini,0367b65b-87f7-4756-a20d-6036915d01bf,Qwen/Qwen2.5-7B-Instruct,mistralai/Mistral-7B-Instruct-v0.3,Ensure Readiness and Collaboration,Action,tie,tie
sc/phi-4-mini,0367b65b-87f7-4756-a20d-6036915d01bf,Qwen/Qwen2.5-7B-Instruct,mistralai/Mistral-7B-Instruct-v0.3,Ensure Readiness and Collaboration,Action,tie,tie
ensemble_single,0367b65b-87f7-4756-a20d-6036915d01bf,Qwen/Qwen2.5-7B-Instruct,mistralai/Mistral-7B-Instruct-v0.3,Ensure Readiness and Collaboration,Action,tie,tie
ensemble_sc,0367b65b-87f7-4756-a20d-6036915d01bf,Qwen/Qwen2.5-7B-Instruct,mistralai/Mistral-7B-Instruct-v0.3,Ensure Readiness and Collaboration,Action,tie,tie
single/gemma-3-4b,0367b65b-87f7-4756-a20d-6036915d01bf,Qwen/Qwen2.5-7B-Instruct,mistralai/Mistral-7B-Instruct-v0.3,Brainstorm and Evaluate Options,Action,tie,tie
sc/gemma-3-4b,0367b65b-87f7-4756-a20d-6036915d01bf,Qwen/Qwen2.5-7B-Instruct,mistralai/Mistral-7B-Instruct-v0.3,Brainstorm and Evaluate Options,Action,tie,tie
single/phi-4-mini,0367b65b-87f7-4756-a20d-6036915d01bf,Qwen/Qwen2.5-7B-Instruct,mistralai/Mistral-7B-Instruct-v0.3,Brainstorm and Evaluate Options,Action,tie,tie
sc/phi-4-mini,0367b65b-87f7-4756-a20d-6036915d01bf,Qwen/Qwen2.5-7B-Instruct,mistralai/Mistral-7B-Instruct-v0.3,Brainstorm and Evaluate Options,Action,tie,tie
ensemble_single,0367b65b-87f7-4756-a20d-6036915d01bf,Qwen/Qwen2.5-7B-Instruct,mistralai/Mistral-7B-Instruct-v0.3,Brainstorm and Evaluate Options,Action,tie,tie
ensemble_sc,0367b65b-87f7-4756-a20d-6036915d01bf,Qwen/Qwen2.5-7B-Instruct,mistralai/Mistral-7B-Instruct-v0.3,Brainstorm and Evaluate Options,Action,tie,tie
single/gemma-3-4b,0760c5a9-e197-4786-9389-eaeba5c8c29c,Qwen/Qwen2.5-7B-Instruct,mistralai/Mistral-7B-Instruct-v0.3,Empathic Understanding,Exploration,x,Qwen/Qwen2.5-7B-Instruct
sc/gemma-3-4b,0760c5a9-e197-4786-9389-eaeba5c8c29c,Qwen/Qwen2.5-7B-Instruct,mistralai/Mistral-7B-Instruct-v0.3,Empathic Understanding,Exploration,tie,tie
single/phi-4-mini,0760c5a9-e197-4786-9389-eaeba5c8c29c,Qwen/Qwen2.5-7B-Instruct,mistralai/Mistral-7B-Instruct-v0.3,Empathic Understanding,Exploration,y,mistralai/Mistral-7B-Instruct-v0.3
sc/phi-4-mini,0760c5a9-e197-4786-9389-eaeba5c8c29c,Qwen/Qwen2.5-7B-Instruct,mistralai/Mistral-7B-Instruct-v0.3,Empathic Understanding,Exploration,tie,tie
ensemble_single,0760c5a9-e197-4786-9389-eaeba5c8c29c,Qwen/Qwen2.5-7B-Instruct,mistralai/Mistral-7B-Instruct-v0.3,Empathic Understanding,Exploration,tie,tie
ensemble_sc,0760c5a9-e197-4786-9389-eaeba5c8c29c,Qwen/Qwen2.5-7B-Instruct,mistralai/Mistral-7B-Instruct-v0.3,Empathic Understanding,Exploration,tie,tie
single/gemma-3-4b,0760c5a9-e197-4786-9389-eaeba5c8c29c,Qwen/Qwen2.5-7B-Instruct,mistralai/Mistral-7B-Instruct-v0.3,Encouragement of Emotional Expression,Exploration,y,mistralai/Mistral-7B-Instruct-v0.3
sc/gemma-3-4b,0760c5a9-e197-4786-9389-eaeba5c8c29c,Qwen/Qwen2.5-7B-Instruct,mistralai/Mistral-7B-Instruct-v0.3,Encouragement of Emotional Expression,Exploration,tie,tie
single/phi-4-mini,0760c5a9-e197-4786-9389-eaeba5c8c29c,Qwen/Qwen2.5-7B-Instruct,mistralai/Mistral-7B-Instruct-v0.3,Encouragement of Emotional Expression,Exploration,y,mistralai/Mistral-7B-Instruct-v0.3
sc/phi-4-mini,0760c5a9-e197-4786-9389-eaeba5c8c29c,Qwen/Qwen2.5-7B-Instruct,mistralai/Mistral-7B-Instruct-v0.3,Encouragement of Emotional Expression,Exploration,tie,tie
ensemble_single,0760c5a9-e197-4786-9389-eaeba5c8c29c,Qwen/Qwen2.5-7B-Instruct,mistralai/Mistral-7B-Instruct-v0.3,Encouragement of Emotional Expression,Exploration,y,mistralai/Mistral-7B-Instruct-v0.3
ensemble_sc,0760c5a9-e197-4786-9389-eaeba5c8c29c,Qwen/Qwen2.5-7B-Instruct,mistralai/Mistral-7B-Instruct-v0.3,Encouragement of Emotional Expression,Exploration,tie,tie
single/gemma-3-4b,0760c5a9-e197-4786-9389-eaeba5c8c29c,Qwen/Qwen2.5-7B-Instruct,mistralai/Mistral-7B-Instruct-v0.3,Exploration of Thoughts and Narratives,Exploration,tie,tie
sc/gemma-3-4b,0760c5a9-e197-4786-9389-eaeba5c8c29c,Qwen/Qwen2.5-7B-Instruct,mistralai/Mistral-7B-Instruct-v0.3,Exploration of Thoughts and Narratives,Exploration,tie,tie
single/phi-4-mini,0760c5a9-e197-4786-9389-eaeba5c8c29c,Qwen/Qwen2.5-7B-Instruct,mistralai/Mistral-7B-Instruct-v0.3,Exploration of Thoughts and Narratives,Exploration,,
sc/phi-4-mini,0760c5a9-e197-4786-9389-eaeba5c8c29c,Qwen/Qwen2.5-7B-Instruct,mistralai/Mistral-7B-Instruct-v0.3,Exploration of Thoughts and Narratives,Exploration,,
ensemble_single,0760c5a9-e197-4786-9389-eaeba5c8c29c,Qwen/Qwen2.5-7B-Instruct,mistralai/Mistral-7B-Instruct-v0.3,Exploration of Thoughts and Narratives,Exploration,,
ensemble_sc,0760c5a9-e197-4786-9389-eaeba5c8c29c,Qwen/Qwen2.5-7B-Instruct,mistralai/Mistral-7B-Instruct-v0.3,Exploration of Thoughts and Narratives,Exploration,,
single/gemma-3-4b,0760c5a9-e197-4786-9389-eaeba5c8c29c,Qwen/Qwen2.5-7B-Instruct,mistralai/Mistral-7B-Instruct-v0.3,Establish a Trusting Foundation,Insight,y,mistralai/Mistral-7B-Instruct-v0.3
sc/gemma-3-4b,0760c5a9-e197-4786-9389-eaeba5c8c29c,Qwen/Qwen2.5-7B-Instruct,mistralai/Mistral-7B-Instruct-v0.3,Establish a Trusting Foundation,Insight,tie,tie
single/phi-4-mini,0760c5a9-e197-4786-9389-eaeba5c8c29c,Qwen/Qwen2.5-7B-Instruct,mistralai/Mistral-7B-Instruct-v0.3,Establish a Trusting Foundation,Insight,,
sc/phi-4-mini,0760c5a9-e197-4786-9389-eaeba5c8c29c,Qwen/Qwen2.5-7B-Instruct,mistralai/Mistral-7B-Instruct-v0.3,Establish a Trusting Foundation,Insight,,
ensemble_single,0760c5a9-e197-4786-9389-eaeba5c8c29c,Qwen/Qwen2.5-7B-Instruct,mistralai/Mistral-7B-Instruct-v0.3,Establish a Trusting Foundation,Insight,,
ensemble_sc,0760c5a9-e197-4786-9389-eaeba5c8c29c,Qwen/Qwen2.5-7B-Instruct,mistralai/Mistral-7B-Instruct-v0.3,Establish a Trusting Foundation,Insight,,
single/gemma-3-4b,0760c5a9-e197-4786-9389-eaeba5c8c29c,Qwen/Qwen2.5-7B-Instruct,mistralai/Mistral-7B-Instruct-v0.3,Assess Readiness for Insight,Insight,y,mistralai/Mistral-7B-Instruct-v0.3
sc/gemma-3-4b,0760c5a9-e197-4786-9389-eaeba5c8c29c,Qwen/Qwen2.5-7B-Instruct,mistralai/Mistral-7B-Instruct-v0.3,Assess Readiness for Insight,Insight,tie,tie
single/phi-4-mini,0760c5a9-e197-4786-9389-eaeba5c8c29c,Qwen/Qwen2.5-7B-Instruct,mistralai/Mistral-7B-Instruct-v0.3,Assess Readiness for Insight,Insight,,
sc/phi-4-mini,0760c5a9-e197-4786-9389-eaeba5c8c29c,Qwen/Qwen2.5-7B-Instruct,mistralai/Mistral-7B-Instruct-v0.3,Assess Readiness for Insight,Insight,,
ensemble_single,0760c5a9-e197-4786-9389-eaeba5c8c29c,Qwen/Qwen2.5-7B-Instruct,mistralai/Mistral-7B-Instruct-v0.3,Assess Readiness for Insight,Insight,,
ensemble_sc,0760c5a9-e197-4786-9389-eaeba5c8c29c,Qwen/Qwen2.5-7B-Instruct,mistralai/Mistral-7B-Instruct-v0.3,Assess Readiness for Insight,Insight,,
single/gemma-3-4b,0760c5a9-e197-4786-9389-eaeba5c8c29c,Qwen/Qwen2.5-7B-Instruct,mistralai/Mistral-7B-Instruct-v0.3,Use Gentle Challenges and Interpretations,Insight,x,Qwen/Qwen2.5-7B-Instruct
sc/gemma-3-4b,0760c5a9-e197-4786-9389-eaeba5c8c29c,Qwen/Qwen2.5-7B-Instruct,mistralai/Mistral-7B-Instruct-v0.3,Use Gentle Challenges and Interpretations,Insight,tie,tie
single/phi-4-mini,0760c5a9-e197-4786-9389-eaeba5c8c29c,Qwen/Qwen2.5-7B-Instruct,mistralai/Mistral-7B-Instruct-v0.3,Use Gentle Challenges and Interpretations,Insight,,
sc/phi-4-mini,0760c5a9-e197-4786-9389-eaeba5c8c29c,Qwen/Qwen2.5-7B-Instruct,mistralai/Mistral-7B-Instruct-v0.3,Use Gentle Challenges and Interpretations,Insight,,
ensemble_single,0760c5a9-e197-4786-9389-eaeba5c8c29c,Qwen/Qwen2.5-7B-Instruct,mistralai/Mistral-7B-Instruct-v0.3,Use Gentle Challenges and Interpretations,Insight,,
ensemble_sc,0760c5a9-e197-4786-9389-eaeba5c8c29c,Qwen/Qwen2.5-7B-Instruct,mistralai/Mistral-7B-Instruct-v0.3,Use Gentle Challenges and Interpretations,Insight,,
single/gemma-3-4b,0760c5a9-e197-4786-9389-eaeba5c8c29c,Qwen/Qwen2.5-7B-Instruct,mistralai/Mistral-7B-Instruct-v0.3,Clarify the Desired Change,Action,y,mistralai/Mistral-7B-Instruct-v0.3
sc/gemma-3-4b,0760c5a9-e197-4786-9389-eaeba5c8c29c,Qwen/Qwen2.5-7B-Instruct,mistralai/Mistral-7B-Instruct-v0.3,Clarify the Desired Change,Action,y,mistralai/Mistral-7B-Instruct-v0.3
single/phi-4-mini,0760c5a9-e197-4786-9389-eaeba5c8c29c,Qwen/Qwen2.5-7B-Instruct,mistralai/Mistral-7B-Instruct-v0.3,Clarify the Desired Change,Action,,
sc/phi-4-mini,0760c5a9-e197-4786-9389-eaeba5c8c29c,Qwen/Qwen2.5-7B-Instruct,mistralai/Mistral-7B-Instruct-v0.3,Clarify the Desired Change,Action,,
ensemble_single,0760c5a9-e197-4786-9389-eaeba5c8c29c,Qwen/Qwen2.5-7B-Instruct,mistralai/Mistral-7B-Instruct-v0.3,Clarify the Desired Change,Action,,
ensemble_sc,0760c5a9-e197-4786-9389-eaeba5c8c29c,Qwen/Qwen2.5-7B-Instruct,mistralai/Mistral-7B-Instruct-v0.3,Clarify the Desired Change,Action,,
single/gemma-3-4b,0760c5a9-e197-4786-9389-eaeba5c8c29c,Qwen/Qwen2.5-7B-Instruct,mistralai/Mistral-7B-Instruct-v0.3,Ensure Readiness and Collaboration,Action,y,mistralai/Mistral-7B-Instruct-v0.3
sc/gemma-3-4b,0760c5a9-e197-4786-9389-eaeba5c8c29c,Qwen/Qwen2.5-7B-Instruct,mistralai/Mistral-7B-Instruct-v0.3,Ensure Readiness and Collaboration,Action,tie,tie
single/phi-4-mini,0760c5a9-e197-4786-9389-eaeba5c8c29c,Qwen/Qwen2.5-7B-Instruct,mistralai/Mistral-7B-Instruct-v0.3,Ensure Readiness and Collaboration,Action,,
sc/phi-4-mini,0760c5a9-e197-4786-9389-eaeba5c8c29c,Qwen/Qwen2.5-7B-Instruct,mistralai/Mistral-7B-Instruct-v0.3,Ensure Readiness and Collaboration,Action,,
ensemble_single,0760c5a9-e197-4786-9389-eaeba5c8c29c,Qwen/Qwen2.5-7B-Instruct,mistralai/Mistral-7B-Instruct-v0.3,Ensure Readiness and Collaboration,Action,,
ensemble_sc,0760c5a9-e197-4786-9389-eaeba5c8c29c,Qwen/Qwen2.5-7B-Instruct,mistralai/Mistral-7B-Instruct-v0.3,Ensure Readiness and Collaboration,Action,,
single/gemma-3-4b,0760c5a9-e197-4786-9389-eaeba5c8c29c,Qwen/Qwen2.5-7B-Instruct,mistralai/Mistral-7B-Instruct-v0.3,Brainstorm and Evaluate Options,Action,y,mistralai/Mistral-7B-Instruct-v0.3
sc/gemma-3-4b,0760c5a9-e197-4786-9389-eaeba5c8c29c,Qwen/Qwen2.5-7B-Instruct,mistralai/Mistral-7B-Instruct-v0.3,Brainstorm and Evaluate Options,Action,y,mistralai/Mistral-7B-Instruct-v0.3
single/phi-4-mini,0760c5a9-e197-4786-9389-eaeba5c8c29c,Qwen/Qwen2.5-7B-Instruct,mistralai/Mistral-7B-Instruct-v0.3,Brainstorm and Evaluate Options,Action,,
sc/phi-4-mini,0760c5a9-e197-4786-9389-eaeba5c8c29c,Qwen/Qwen2.5-7B-Instruct,mistralai/Mistral-7B-Instruct-v0.3,Brainstorm and Evaluate Options,Action,,
ensemble_single,0760c5a9-e197-4786-9389-eaeba5c8c29c,Qwen/Qwen2.5-7B-Instruct,mistralai/Mistral-7B-Instruct-v0.3,Brainstorm and Evaluate Options,Action,,
ensemble_sc,0760c5a9-e197-4786-9389-eaeba5c8c29c,Qwen/Qwen2.5-7B-Instruct,mistralai/Mistral-7B-Instruct-v0.3,Brainstorm and Evaluate Options,Action,,
single/gemma-3-4b,07d2902e-20b9-4461-a8ad-75b340e12acd,Qwen/Qwen2.5-7B-Instruct,mistralai/Mistral-7B-Instruct-v0.3,Empathic Understanding,Exploration,y,mistralai/Mistral-7B-Instruct-v0.3
sc/gemma-3-4b,07d2902e-20b9-4461-a8ad-75b340e12acd,Qwen/Qwen2.5-7B-Instruct,mistralai/Mistral-7B-Instruct-v0.3,Empathic Understanding,Exploration,y,mistralai/Mistral-7B-Instruct-v0.3
single/phi-4-mini,07d2902e-20b9-4461-a8ad-75b340e12acd,Qwen/Qwen2.5-7B-Instruct,mistralai/Mistral-7B-Instruct-v0.3,Empathic Understanding,Exploration,tie,tie
sc/phi-4-mini,07d2902e-20b9-4461-a8ad-75b340e12acd,Qwen/Qwen2.5-7B-Instruct,mistralai/Mistral-7B-Instruct-v0.3,Empathic Understanding,Exploration,tie,tie
ensemble_single,07d2902e-20b9-4461-a8ad-75b340e12acd,Qwen/Qwen2.5-7B-Instruct,mistralai/Mistral-7B-Instruct-v0.3,Empathic Understanding,Exploration,tie,tie
ensemble_sc,07d2902e-20b9-4461-a8ad-75b340e12acd,Qwen/Qwen2.5-7B-Instruct,mistralai/Mistral-7B-Instruct-v0.3,Empathic Understanding,Exploration,tie,tie
single/gemma-3-4b,07d2902e-20b9-4461-a8ad-75b340e12acd,Qwen/Qwen2.5-7B-Instruct,mistralai/Mistral-7B-Instruct-v0.3,Encouragement of Emotional Expression,Exploration,y,mistralai/Mistral-7B-Instruct-v0.3
sc/gemma-3-4b,07d2902e-20b9-4461-a8ad-75b340e12acd,Qwen/Qwen2.5-7B-Instruct,mistralai/Mistral-7B-Instruct-v0.3,Encouragement of Emotional Expression,Exploration,y,mistralai/Mistral-7B-Instruct-v0.3
single/phi-4-mini,07d2902e-20b9-4461-a8ad-75b340e12acd,Qwen/Qwen2.5-7B-Instruct,mistralai/Mistral-7B-Instruct-v0.3,Encouragement of Emotional Expression,Exploration,x,Qwen/Qwen2.5-7B-Instruct
sc/phi-4-mini,07d2902e-20b9-4461-a8ad-75b340e12acd,Qwen/Qwen2.5-7B-Instruct,mistralai/Mistral-7B-Instruct-v0.3,Encouragement of Emotional Expression,Exploration,tie,tie
ensemble_single,07d2902e-20b9-4461-a8ad-75b340e12acd,Qwen/Qwen2.5-7B-Instruct,mistralai/Mistral-7B-Instruct-v0.3,Encouragement of Emotional Expression,Exploration,tie,tie
ensemble_sc,07d2902e-20b9-4461-a8ad-75b340e12acd,Qwen/Qwen2.5-7B-Instruct,mistralai/Mistral-7B-Instruct-v0.3,Encouragement of Emotional Expression,Exploration,tie,tie
single/gemma-3-4b,07d2902e-20b9-4461-a8ad-75b340e12acd,Qwen/Qwen2.5-7B-Instruct,mistralai/Mistral-7B-Instruct-v0.3,Exploration of Thoughts and Narratives,Exploration,y,mistralai/Mistral-7B-Instruct-v0.3
sc/gemma-3-4b,07d2902e-20b9-4461-a8ad-75b340e12acd,Qwen/Qwen2.5-7B-Instruct,mistralai/Mistral-7B-Instruct-v0.3,Exploration of Thoughts and Narratives,Exploration,y,mistralai/Mistral-7B-Instruct-v0.3
single/phi-4-mini,07d2902e-20b9-4461-a8ad-75b340e12acd,Qwen/Qwen2.5-7B-Instruct,mistralai/Mistral-7B-Instruct-v0.3,Exploration of Thoughts and Narratives,Exploration,tie,tie
sc/phi-4-mini,07d2902e-20b9-4461-a8ad-75b340e12acd,Qwen/Qwen2.5-7B-Instruct,mistralai/Mistral-7B-Instruct-v0.3,Exploration of Thoughts and Narratives,Exploration,tie,tie
ensemble_single,07d2902e-20b9-4461-a8ad-75b340e12acd,Qwen/Qwen2.5-7B-Instruct,mistralai/Mistral-7B-Instruct-v0.3,Exploration of Thoughts and Narratives,Exploration,tie,tie
ensemble_sc,07d2902e-20b9-4461-a8ad-75b340e12acd,Qwen/Qwen2.5-7B-Instruct,mistralai/Mistral-7B-Instruct-v0.3,Exploration of Thoughts and Narratives,Exploration,tie,tie
single/gemma-3-4b,07d2902e-20b9-4461-a8ad-75b340e12acd,Qwen/Qwen2.5-7B-Instruct,mistralai/Mistral-7B-Instruct-v0.3,Establish a Trusting Foundation,Insight,x,Qwen/Qwen2.5-7B-Instruct
sc/gemma-3-4b,07d2902e-20b9-4461-a8ad-75b340e12acd,Qwen/Qwen2.5-7B-Instruct,mistralai/Mistral-7B-Instruct-v0.3,Establish a Trusting Foundation,Insight,tie,tie
single/phi-4-mini,07d2902e-20b9-4461-a8ad-75b340e12acd,Qwen/Qwen2.5-7B-Instruct,mistralai/Mistral-7B-Instruct-v0.3,Establish a Trusting Foundation,Insight,y,mistralai/Mistral-7B-Instruct-v0.3
sc/phi-4-mini,07d2902e-20b9-4461-a8ad-75b340e12acd,Qwen/Qwen2.5-7B-Instruct,mistralai/Mistral-7B-Instruct-v0.3,Establish a Trusting Foundation,Insight,tie,tie
ensemble_single,07d2902e-20b9-4461-a8ad-75b340e12acd,Qwen/Qwen2.5-7B-Instruct,mistralai/Mistral-7B-Instruct-v0.3,Establish a Trusting Foundation,Insight,tie,tie
ensemble_sc,07d2902e-20b9-4461-a8ad-75b340e12acd,Qwen/Qwen2.5-7B-Instruct,mistralai/Mistral-7B-Instruct-v0.3,Establish a Trusting Foundation,Insight,tie,tie
single/gemma-3-4b,07d2902e-20b9-4461-a8ad-75b340e12acd,Qwen/Qwen2.5-7B-Instruct,mistralai/Mistral-7B-Instruct-v0.3,Assess Readiness for Insight,Insight,y,mistralai/Mistral-7B-Instruct-v0.3
sc/gemma-3-4b,07d2902e-20b9-4461-a8ad-75b340e12acd,Qwen/Qwen2.5-7B-Instruct,mistralai/Mistral-7B-Instruct-v0.3,Assess Readiness for Insight,Insight,y,mistralai/Mistral-7B-Instruct-v0.3
single/phi-4-mini,07d2902e-20b9-4461-a8ad-75b340e12acd,Qwen/Qwen2.5-7B-Instruct,mistralai/Mistral-7B-Instruct-v0.3,Assess Readiness for Insight,Insight,x,Qwen/Qwen2.5-7B-Instruct
sc/phi-4-mini,07d2902e-20b9-4461-a8ad-75b340e12acd,Qwen/Qwen2.5-7B-Instruct,mistralai/Mistral-7B-Instruct-v0.3,Assess Readiness for Insight,Insight,tie,tie
ensemble_single,07d2902e-20b9-4461-a8ad-75b340e12acd,Qwen/Qwen2.5-7B-Instruct,mistralai/Mistral-7B-Instruct-v0.3,Assess Readiness for Insight,Insight,tie,tie
ensemble_sc,07d2902e-20b9-4461-a8ad-75b340e12acd,Qwen/Qwen2.5-7B-Instruct,mistralai/Mistral-7B-Instruct-v0.3,Assess Readiness for Insight,Insight,tie,tie
single/gemma-3-4b,07d2902e-20b9-4461-a8ad-75b340e12acd,Qwen/Qwen2.5-7B-Instruct,mistralai/Mistral-7B-Instruct-v0.3,Use Gentle Challenges and Interpretations,Insight,y,mistralai/Mistral-7B-Instruct-v0.3
sc/gemma-3-4b,07d2902e-20b9-4461-a8ad-75b340e12acd,Qwen/Qwen2.5-7B-Instruct,mistralai/Mistral-7B-Instruct-v0.3,Use Gentle Challenges and Interpretations,Insight,y,mistralai/Mistral-7B-Instruct-v0.3
single/phi-4-mini,07d2902e-20b9-4461-a8ad-75b340e12acd,Qwen/Qwen2.5-7B-Instruct,mistralai/Mistral-7B-Instruct-v0.3,Use Gentle Challenges and Interpretations,Insight,tie,tie
sc/phi-4-mini,07d2902e-20b9-4461-a8ad-75b340e12acd,Qwen/Qwen2.5-7B-Instruct,mistralai/Mistral-7B-Instruct-v0.3,Use Gentle Challenges and Interpretations,Insight,tie,tie
ensemble_single,07d2902e-20b9-4461-a8ad-75b340e12acd,Qwen/Qwen2.5-7B-Instruct,mistralai/Mistral-7B-Instruct-v0.3,Use Gentle Challenges and Interpretations,Insight,tie,tie
ensemble_sc,07d2902e-20b9-4461-a8ad-75b340e12acd,Qwen/Qwen2.5-7B-Instruct,mistralai/Mistral-7B-Instruct-v0.3,Use Gentle Challenges and Interpretations,Insight,tie,tie
single/gemma-3-4b,07d2902e-20b9-4461-a8ad-75b340e12acd,Qwen/Qwen2.5-7B-Instruct,mistralai/Mistral-7B-Instruct-v0.3,Clarify the Desired Change,Action,y,mistralai/Mistral-7B-Instruct-v0.3
sc/gemma-3-4b,07d2902e-20b9-4461-a8ad-75b340e12acd,Qwen/Qwen2.5-7B-Instruct,mistralai/Mistral-7B-Instruct-v0.3,Clarify the Desired Change,Action,tie,tie
single/phi-4-mini,07d2902e-20b9-4461-a8ad-75b340e12acd,Qwen/Qwen2.5-7B-Instruct,mistralai/Mistral-7B-Instruct-v0.3,Clarify the Desired Change,Action,tie,tie
sc/phi-4-mini,07d2902e-20b9-4461-a8ad-75b340e12acd,Qwen/Qwen2.5-7B-Instruct,mistralai/Mistral-7B-Instruct-v0.3,Clarify the Desired Change,Action,tie,tie
ensemble_single,07d2902e-20b9-4461-a8ad-75b340e12acd,Qwen/Qwen2.5-7B-Instruct,mistralai/Mistral-7B-Instruct-v0.3,Clarify the Desired Change,Action,tie,tie
ensemble_sc,07d2902e-20b9-4461-a8ad-75b340e12acd,Qwen/Qwen2.5-7B-Instruct,mistralai/Mistral-7B-Instruct-v0.3,Clarify the Desired Change,Action,tie,tie
single/gemma-3-4b,07d2902e-20b9-4461-a8ad-75b340e12acd,Qwen/Qwen2.5-7B-Instruct,mistralai/Mistral-7B-Instruct-v0.3,Ensure Readiness and Collaboration,Action,y,mistralai/Mistral-7B-Instruct-v0.3
sc/gemma-3-4b,07d2902e-20b9-4461-a8ad-75b340e12acd,Qwen/Qwen2.5-7B-Instruct,mistralai/Mistral-7B-Instruct-v0.3,Ensure Readiness and Collaboration,Action,y,mistralai/Mistral-7B-Instruct-v0.3
single/phi-4-mini,07d2902e-20b9-4461-a8ad-75b340e12acd,Qwen/Qwen2.5-7B-Instruct,mistralai/Mistral-7B-Instruct-v0.3,Ensure Readiness and Collaboration,Action,tie,tie
sc/phi-4-mini,07d2902e-20b9-4461-a8ad-75b340e12acd,Qwen/Qwen2.5-7B-Instruct,mistralai/Mistral-7B-Instruct-v0.3,Ensure Readiness and Collaboration,Action,tie,tie
ensemble_single,07d2902e-20b9-4461-a8ad-75b340e12acd,Qwen/Qwen2.5-7B-Instruct,mistralai/Mistral-7B-Instruct-v0.3,Ensure Readiness and Collaboration,Action,tie,tie
ensemble_sc,07d2902e-20b9-4461-a8ad-75b340e12acd,Qwen/Qwen2.5-7B-Instruct,mistralai/Mistral-7B-Instruct-v0.3,Ensure Readiness and Collaboration,Action,tie,tie
single/gemma-3-4b,07d2902e-20b9-4461-a8ad-75b340e12acd,Qwen/Qwen2.5-7B-Instruct,mistralai/Mistral-7B-Instruct-v0.3,Brainstorm and Evaluate Options,Action,tie,tie
sc/gemma-3-4b,07d2902e-20b9-4461-a8ad-75b340e12acd,Qwen/Qwen2.5-7B-Instruct,mistralai/Mistral-7B-Instruct-v0.3,Brainstorm and Evaluate Options,Action,tie,tie
single/phi-4-mini,07d2902e-20b9-4461-a8ad-75b340e12acd,Qwen/Qwen2.5-7B-Instruct,mistralai/Mistral-7B-Instruct-v0.3,Brainstorm and Evaluate Options,Action,tie,tie
sc/phi-4-mini,07d2902e-20b9-4461-a8ad-75b340e12acd,Qwen/Qwen2.5-7B-Instruct,mistralai/Mistral-7B-Instruct-v0.3,Brainstorm and Evaluate Options,Action,tie,tie
ensemble_single,07d2902e-20b9-4461-a8ad-75b340e12acd,Qwen/Qwen2.5-7B-Instruct,mistralai/Mistral-7B-Instruct-v0.3,Brainstorm and Evaluate Options,Action,tie,tie
ensemble_sc,07d2902e-20b9-4461-a8ad-75b340e12acd,Qwen/Qwen2.5-7B-Instruct,mistralai/Mistral-7B-Instruct-v0.3,Brainstorm and Evaluate Options,Action,tie,tie
single/gemma-3-4b,36f4d173-7954-46e3-83e3-9dd8d2994db2,Qwen/Qwen2.5-7B-Instruct,mistralai/Mistral-7B-Instruct-v0.3,Empathic Understanding,Exploration,x,Qwen/Qwen2.5-7B-Instruct
sc/gemma-3-4b,36f4d173-7954-46e3-83e3-9dd8d2994db2,Qwen/Qwen2.5-7B-Instruct,mistralai/Mistral-7B-Instruct-v0.3,Empathic Understanding,Exploration,tie,tie
single/phi-4-mini,36f4d173-7954-46e3-83e3-9dd8d2994db2,Qwen/Qwen2.5-7B-Instruct,mistralai/Mistral-7B-Instruct-v0.3,Empathic Understanding,Exploration,tie,tie
sc/phi-4-mini,36f4d173-7954-46e3-83e3-9dd8d2994db2,Qwen/Qwen2.5-7B-Instruct,mistralai/Mistral-7B-Instruct-v0.3,Empathic Understanding,Exploration,tie,tie
ensemble_single,36f4d173-7954-46e3-83e3-9dd8d2994db2,Qwen/Qwen2.5-7B-Instruct,mistralai/Mistral-7B-Instruct-v0.3,Empathic Understanding,Exploration,tie,tie
ensemble_sc,36f4d173-7954-46e3-83e3-9dd8d2994db2,Qwen/Qwen2.5-7B-Instruct,mistralai/Mistral-7B-Instruct-v0.3,Empathic Understanding,Exploration,tie,tie
single/gemma-3-4b,36f4d173-7954-46e3-83e3-9dd8d2994db2,Qwen/Qwen2.5-7B-Instruct,mistralai/Mistral-7B-Instruct-v0.3,Encouragement of Emotional Expression,Exploration,y,mistralai/Mistral-7B-Instruct-v0.3
sc/gemma-3-4b,36f4d173-7954-46e3-83e3-9dd8d2994db2,Qwen/Qwen2.5-7B-Instruct,mistralai/Mistral-7B-Instruct-v0.3,Encouragement of Emotional Expression,Exploration,tie,tie
single/phi-4-mini,36f4d173-7954-46e3-83e3-9dd8d2994db2,Qwen/Qwen2.5-7B-Instruct,mistralai/Mistral-7B-Instruct-v0.3,Encouragement of Emotional Expression,Exploration,tie,tie
sc/phi-4-mini,36f4d173-7954-46e3-83e3-9dd8d2994db2,Qwen/Qwen2.5-7B-Instruct,mistralai/Mistral-7B-Instruct-v0.3,Encouragement of Emotional Expression,Exploration,tie,tie
ensemble_single,36f4d173-7954-46e3-83e3-9dd8d2994db2,Qwen/Qwen2.5-7B-Instruct,mistralai/Mistral-7B-Instruct-v0.3,Encouragement of Emotional Expression,Exploration,tie,tie
ensemble_sc,36f4d173-7954-46e3-83e3-9dd8d2994db2,Qwen/Qwen2.5-7B-Instruct,mistralai/Mistral-7B-Instruct-v0.3,Encouragement of Emotional Expression,Exploration,tie,tie
single/gemma-3-4b,36f4d173-7954-46e3-83e3-9dd8d2994db2,Qwen/Qwen2.5-7B-Instruct,mistralai/Mistral-7B-Instruct-v0.3,Exploration of Thoughts and Narratives,Exploration,x,Qwen/Qwen2.5-7B-Instruct
sc/gemma-3-4b,36f4d173-7954-46e3-83e3-9dd8d2994db2,Qwen/Qwen2.5-7B-Instruct,mistralai/Mistral-7B-Instruct-v0.3,Exploration of Thoughts and Narratives,Exploration,tie,tie
single/phi-4-mini,36f4d173-7954-46e3-83e3-9dd8d2994db2,Qwen/Qwen2.5-7B-Instruct,mistralai/Mistral-7B-Instruct-v0.3,Exploration of Thoughts and Narratives,Exploration,y,mistralai/Mistral-7B-Instruct-v0.3
sc/phi-4-mini,36f4d173-7954-46e3-83e3-9dd8d2994db2,Qwen/Qwen2.5-7B-Instruct,mistralai/Mistral-7B-Instruct-v0.3,Exploration of Thoughts and Narratives,Exploration,tie,tie
ensemble_single,36f4d173-7954-46e3-83e3-9dd8d2994db2,Qwen/Qwen2.5-7B-Instruct,mistralai/Mistral-7B-Instruct-v0.3,Exploration of Thoughts and Narratives,Exploration,tie,tie
ensemble_sc,36f4d173-7954-46e3-83e3-9dd8d2994db2,Qwen/Qwen2.5-7B-Instruct,mistralai/Mistral-7B-Instruct-v0.3,Exploration of Thoughts and Narratives,Exploration,tie,tie
single/gemma-3-4b,36f4d173-7954-46e3-83e3-9dd8d2994db2,Qwen/Qwen2.5-7B-Instruct,mistralai/Mistral-7B-Instruct-v0.3,Establish a Trusting Foundation,Insight,x,Qwen/Qwen2.5-7B-Instruct
sc/gemma-3-4b,36f4d173-7954-46e3-83e3-9dd8d2994db2,Qwen/Qwen2.5-7B-Instruct,mistralai/Mistral-7B-Instruct-v0.3,Establish a Trusting Foundation,Insight,tie,tie
single/phi-4-mini,36f4d173-7954-46e3-83e3-9dd8d2994db2,Qwen/Qwen2.5-7B-Instruct,mistralai/Mistral-7B-Instruct-v0.3,Establish a Trusting Foundation,Insight,,
sc/phi-4-mini,36f4d173-7954-46e3-83e3-9dd8d2994db2,Qwen/Qwen2.5-7B-Instruct,mistralai/Mistral-7B-Instruct-v0.3,Establish a Trusting Foundation,Insight,,
ensemble_single,36f4d173-7954-46e3-83e3-9dd8d2994db2,Qwen/Qwen2.5-7B-Instruct,mistralai/Mistral-7B-Instruct-v0.3,Establish a Trusting Foundation,Insight,,
ensemble_sc,36f4d173-7954-46e3-83e3-9dd8d2994db2,Qwen/Qwen2.5-7B-Instruct,mistralai/Mistral-7B-Instruct-v0.3,Establish a Trusting Foundation,Insight,,
single/gemma-3-4b,36f4d173-7954-46e3-83e3-9dd8d2994db2,Qwen/Qwen2.5-7B-Instruct,mistralai/Mistral-7B-Instruct-v0.3,Assess Readiness for Insight,Insight,x,Qwen/Qwen2.5-7B-Instruct
sc/gemma-3-4b,36f4d173-7954-46e3-83e3-9dd8d2994db2,Qwen/Qwen2.5-7B-Instruct,mistralai/Mistral-7B-Instruct-v0.3,Assess Readiness for Insight,Insight,tie,tie
single/phi-4-mini,36f4d173-7954-46e3-83e3-9dd8d2994db2,Qwen/Qwen2.5-7B-Instruct,mistralai/Mistral-7B-Instruct-v0.3,Assess Readiness for Insight,Insight,,
sc/phi-4-mini,36f4d173-7954-46e3-83e3-9dd8d2994db2,Qwen/Qwen2.5-7B-Instruct,mistralai/Mistral-7B-Instruct-v0.3,Assess Readiness for Insight,Insight,,
ensemble_single,36f4d173-7954-46e3-83e3-9dd8d2994db2,Qwen/Qwen2.5-7B-Instruct,mistralai/Mistral-7B-Instruct-v0.3,Assess Readiness for Insight,Insight,,
ensemble_sc,36f4d173-7954-46e3-83e3-9dd8d2994db2,Qwen/Qwen2.5-7B-Instruct,mistralai/Mistral-7B-Instruct-v0.3,Assess Readiness for Insight,Insight,,
single/gemma-3-4b,36f4d173-7954-46e3-83e3-9dd8d2994db2,Qwen/Qwen2.5-7B-Instruct,mistralai/Mistral-7B-Instruct-v0.3,Use Gentle Challenges and Interpretations,Insight,x,Qwen/Qwen2.5-7B-Instruct
sc/gemma-3-4b,36f4d173-7954-46e3-83e3-9dd8d2994db2,Qwen/Qwen2.5-7B-Instruct,mistralai/Mistral-7B-Instruct-v0.3,Use Gentle Challenges and Interpretations,Insight,tie,tie
single/phi-4-mini,36f4d173-7954-46e3-83e3-9dd8d2994db2,Qwen/Qwen2.5-7B-Instruct,mistralai/Mistral-7B-Instruct-v0.3,Use Gentle Challenges and Interpretations,Insight,,
sc/phi-4-mini,36f4d173-7954-46e3-83e3-9dd8d2994db2,Qwen/Qwen2.5-7B-Instruct,mistralai/Mistral-7B-Instruct-v0.3,Use Gentle Challenges and Interpretations,Insight,,
ensemble_single,36f4d173-7954-46e3-83e3-9dd8d2994db2,Qwen/Qwen2.5-7B-Instruct,mistralai/Mistral-7B-Instruct-v0.3,Use Gentle Challenges and Interpretations,Insight,,
ensemble_sc,36f4d173-7954-46e3-83e3-9dd8d2994db2,Qwen/Qwen2.5-7B-Instruct,mistralai/Mistral-7B-Instruct-v0.3,Use Gentle Challenges and Interpretations,Insight,,
single/gemma-3-4b,36f4d173-7954-46e3-83e3-9dd8d2994db2,Qwen/Qwen2.5-7B-Instruct,mistralai/Mistral-7B-Instruct-v0.3,Clarify the Desired Change,Action,x,Qwen/Qwen2.5-7B-Instruct
sc/gemma-3-4b,36f4d173-7954-46e3-83e3-9dd8d2994db2,Qwen/Qwen2.5-7B-Instruct,mistralai/Mistral-7B-Instruct-v0.3,Clarify the Desired Change,Action,tie,tie
single/phi-4-mini,36f4d173-7954-46e3-83e3-9dd8d2994db2,Qwen/Qwen2.5-7B-Instruct,mistralai/Mistral-7B-Instruct-v0.3,Clarify the Desired Change,Action,,
sc/phi-4-mini,36f4d173-7954-46e3-83e3-9dd8d2994db2,Qwen/Qwen2.5-7B-Instruct,mistralai/Mistral-7B-Instruct-v0.3,Clarify the Desired Change,Action,,
ensemble_single,36f4d173-7954-46e3-83e3-9dd8d2994db2,Qwen/Qwen2.5-7B-Instruct,mistralai/Mistral-7B-Instruct-v0.3,Clarify the Desired Change,Action,,
ensemble_sc,36f4d173-7954-46e3-83e3-9dd8d2994db2,Qwen/Qwen2.5-7B-Instruct,mistralai/Mistral-7B-Instruct-v0.3,Clarify the Desired Change,Action,,
single/gemma-3-4b,36f4d173-7954-46e3-83e3-9dd8d2994db2,Qwen/Qwen2.5-7B-Instruct,mistralai/Mistral-7B-Instruct-v0.3,Ensure Readiness and Collaboration,Action,x,Qwen/Qwen2.5-7B-Instruct
sc/gemma-3-4b,36f4d173-7954-46e3-83e3-9dd8d2994db2,Qwen/Qwen2.5-7B-Instruct,mistralai/Mistral-7B-Instruct-v0.3,Ensure Readiness and Collaboration,Action,tie,tie
single/phi-4-mini,36f4d173-7954-46e3-83e3-9dd8d2994db2,Qwen/Qwen2.5-7B-Instruct,mistralai/Mistral-7B-Instruct-v0.3,Ensure Readiness and Collaboration,Action,,
sc/phi-4-mini,36f4d173-7954-46e3-83e3-9dd8d2994db2,Qwen/Qwen2.5-7B-Instruct,mistralai/Mistral-7B-Instruct-v0.3,Ensure Readiness and Collaboration,Action,,
ensemble_single,36f4d173-7954-46e3-83e3-9dd8d2994db2,Qwen/Qwen2.5-7B-Instruct,mistralai/Mistral-7B-Instruct-v0.3,Ensure Readiness and Collaboration,Action,,
ensemble_sc,36f4d173-7954-46e3-83e3-9dd8d2994db2,Qwen/Qwen2.5-7B-Instruct,mistralai/Mistral-7B-Instruct-v0.3,Ensure Readiness and Collaboration,Action,,
single/gemma-3-4b,36f4d173-7954-46e3-83e3-9dd8d2994db2,Qwen/Qwen2.5-7B-Instruct,mistralai/Mistral-7B-Instruct-v0.3,Brainstorm and Evaluate Options,Action,tie,tie
sc/gemma-3-4b,36f4d173-7954-46e3-83e3-9dd8d2994db2,Qwen/Qwen2.5-7B-Instruct,mistralai/Mistral-7B-Instruct-v0.3,Brainstorm and Evaluate Options,Action,tie,tie
single/phi-4-mini,36f4d173-7954-46e3-83e3-9dd8d2994db2,Qwen/Qwen2.5-7B-Instruct,mistralai/Mistral-7B-Instruct-v0.3,Brainstorm and Evaluate Options,Action,,
sc/phi-4-mini,36f4d173-7954-46e3-83e3-9dd8d2994db2,Qwen/Qwen2.5-7B-Instruct,mistralai/Mistral-7B-Instruct-v0.3,Brainstorm and Evaluate Options,Action,,
ensemble_single,36f4d173-7954-46e3-83e3-9dd8d2994db2,Qwen/Qwen2.5-7B-Instruct,mistralai/Mistral-7B-Instruct-v0.3,Brainstorm and Evaluate Options,Action,,
ensemble_sc,36f4d173-7954-46e3-83e3-9dd8d2994db2,Qwen/Qwen2.5-7B-Instruct,mistralai/Mistral-7B-Instruct-v0.3,Brainstorm and Evaluate Options,Action,,
single/gemma-3-4b,401094aa-2cf4-4d52-a7c2-eb85f9811d0b,Qwen/Qwen2.5-7B-Instruct,mistralai/Mistral-7B-Instruct-v0.3,Empathic Understanding,Exploration,y,mistralai/Mistral-7B-Instruct-v0.3
sc/gemma-3-4b,401094aa-2cf4-4d52-a7c2-eb85f9811d0b,Qwen/Qwen2.5-7B-Instruct,mistralai/Mistral-7B-Instruct-v0.3,Empathic Understanding,Exploration,y,mistralai/Mistral-7B-Instruct-v0.3
single/phi-4-mini,401094aa-2cf4-4d52-a7c2-eb85f9811d0b,Qwen/Qwen2.5-7B-Instruct,mistralai/Mistral-7B-Instruct-v0.3,Empathic Understanding,Exploration,tie,tie
sc/phi-4-mini,401094aa-2cf4-4d52-a7c2-eb85f9811d0b,Qwen/Qwen2.5-7B-Instruct,mistralai/Mistral-7B-Instruct-v0.3,Empathic Understanding,Exploration,tie,tie
ensemble_single,401094aa-2cf4-4d52-a7c2-eb85f9811d0b,Qwen/Qwen2.5-7B-Instruct,mistralai/Mistral-7B-Instruct-v0.3,Empathic Understanding,Exploration,tie,tie
ensemble_sc,401094aa-2cf4-4d52-a7c2-eb85f9811d0b,Qwen/Qwen2.5-7B-Instruct,mistralai/Mistral-7B-Instruct-v0.3,Empathic Understanding,Exploration,tie,tie
single/gemma-3-4b,401094aa-2cf4-4d52-a7c2-eb85f9811d0b,Qwen/Qwen2.5-7B-Instruct,mistralai/Mistral-7B-Instruct-v0.3,Encouragement of Emotional Expression,Exploration,x,Qwen/Qwen2.5-7B-Instruct
sc/gemma-3-4b,401094aa-2cf4-4d52-a7c2-eb85f9811d0b,Qwen/Qwen2.5-7B-Instruct,mistralai/Mistral-7B-Instruct-v0.3,Encouragement of Emotional Expression,Exploration,x,Qwen/Qwen2.5-7B-Instruct
single/phi-4-mini,401094aa-2cf4-4d52-a7c2-eb85f9811d0b,Qwen/Qwen2.5-7B-Instruct,mistralai/Mistral-7B-Instruct-v0.3,Encouragement of Emotional Expression,Exploration,tie,tie
sc/phi-4-mini,401094aa-2cf4-4d52-a7c2-eb85f9811d0b,Qwen/Qwen2.5-7B-Instruct,mistralai/Mistral-7B-Instruct-v0.3,Encouragement of Emotional Expression,Exploration,tie,tie
ensemble_single,401094aa-2cf4-4d52-a7c2-eb85f9811d0b,Qwen/Qwen2.5-7B-Instruct,mistralai/Mistral-7B-Instruct-v0.3,Encouragement of Emotional Expression,Exploration,tie,tie
ensemble_sc,401094aa-2cf4-4d52-a7c2-eb85f9811d0b,Qwen/Qwen2.5-7B-Instruct,mistralai/Mistral-7B-Instruct-v0.3,Encouragement of Emotional Expression,Exploration,tie,tie
single/gemma-3-4b,401094aa-2cf4-4d52-a7c2-eb85f9811d0b,Qwen/Qwen2.5-7B-Instruct,mistralai/Mistral-7B-Instruct-v0.3,Exploration of Thoughts and Narratives,Exploration,x,Qwen/Qwen2.5-7B-Instruct
sc/gemma-3-4b,401094aa-2cf4-4d52-a7c2-eb85f9811d0b,Qwen/Qwen2.5-7B-Instruct,mistralai/Mistral-7B-Instruct-v0.3,Exploration of Thoughts and Narratives,Exploration,tie,tie
single/phi-4-mini,401094aa-2cf4-4d52-a7c2-eb85f9811d0b,Qwen/Qwen2.5-7B-Instruct,mistralai/Mistral-7B-Instruct-v0.3,Exploration of Thoughts and Narratives,Exploration,tie,tie
sc/phi-4-mini,401094aa-2cf4-4d52-a7c2-eb85f9811d0b,Qwen/Qwen2.5-7B-Instruct,mistralai/Mistral-7B-Instruct-v0.3,Exploration of Thoughts and Narratives,Exploration,tie,tie
ensemble_single,401094aa-2cf4-4d52-a7c2-eb85f9811d0b,Qwen/Qwen2.5-7B-Instruct,mistralai/Mistral-7B-Instruct-v0.3,Exploration of Thoughts and Narratives,Exploration,tie,tie
ensemble_sc,401094aa-2cf4-4d52-a7c2-eb85f9811d0b,Qwen/Qwen2.5-7B-Instruct,mistralai/Mistral-7B-Instruct-v0.3,Exploration of Thoughts and Narratives,Exploration,tie,tie
single/gemma-3-4b,401094aa-2cf4-4d52-a7c2-eb85f9811d0b,Qwen/Qwen2.5-7B-Instruct,mistralai/Mistral-7B-Instruct-v0.3,Establish a Trusting Foundation,Insight,x,Qwen/Qwen2.5-7B-Instruct
sc/gemma-3-4b,401094aa-2cf4-4d52-a7c2-eb85f9811d0b,Qwen/Qwen2.5-7B-Instruct,mistralai/Mistral-7B-Instruct-v0.3,Establish a Trusting Foundation,Insight,tie,tie
single/phi-4-mini,401094aa-2cf4-4d52-a7c2-eb85f9811d0b,Qwen/Qwen2.5-7B-Instruct,mistralai/Mistral-7B-Instruct-v0.3,Establish a Trusting Foundation,Insight,tie,tie
sc/phi-4-mini,401094aa-2cf4-4d52-a7c2-eb85f9811d0b,Qwen/Qwen2.5-7B-Instruct,mistralai/Mistral-7B-Instruct-v0.3,Establish a Trusting Foundation,Insight,tie,tie
ensemble_single,401094aa-2cf4-4d52-a7c2-eb85f9811d0b,Qwen/Qwen2.5-7B-Instruct,mistralai/Mistral-7B-Instruct-v0.3,Establish a Trusting Foundation,Insight,tie,tie
ensemble_sc,401094aa-2cf4-4d52-a7c2-eb85f9811d0b,Qwen/Qwen2.5-7B-Instruct,mistralai/Mistral-7B-Instruct-v0.3,Establish a Trusting Foundation,Insight,tie,tie
single/gemma-3-4b,401094aa-2cf4-4d52-a7c2-eb85f9811d0b,Qwen/Qwen2.5-7B-Instruct,mistralai/Mistral-7B-Instruct-v0.3,Assess Readiness for Insight,Insight,x,Qwen/Qwen2.5-7B-Instruct
sc/gemma-3-4b,401094aa-2cf4-4d52-a7c2-eb85f9811d0b,Qwen/Qwen2.5-7B-Instruct,mistralai/Mistral-7B-Instruct-v0.3,Assess Readiness for Insight,Insight,x,Qwen/Qwen2.5-7B-Instruct
single/phi-4-mini,401094aa-2cf4-4d52-a7c2-eb85f9811d0b,Qwen/Qwen2.5-7B-Instruct,mistralai/Mistral-7B-Instruct-v0.3,Assess Readiness for Insight,Insight,tie,tie
sc/phi-4-mini,401094aa-2cf4-4d52-a7c2-eb85f9811d0b,Qwen/Qwen2.5-7B-Instruct,mistralai/Mistral-7B-Instruct-v0.3,Assess Readiness for Insight,Insight,tie,tie
ensemble_single,401094aa-2cf4-4d52-a7c2-eb85f9811d0b,Qwen/Qwen2.5-7B-Instruct,mistralai/Mistral-7B-Instruct-v0.3,Assess Readiness for Insight,Insight,tie,tie
ensemble_sc,401094aa-2cf4-4d52-a7c2-eb85f9811d0b,Qwen/Qwen2.5-7B-Instruct,mistralai/Mistral-7B-Instruct-v0.3,Assess Readiness for Insight,Insight,tie,tie
single/gemma-3-4b,401094aa-2cf4-4d52-a7c2-eb85f9811d0b,Qwen/Qwen2.5-7B-Instruct,mistralai/Mistral-7B-Instruct-v0.3,Use Gentle Challenges and Interpretations,Insight,x,Qwen/Qwen2.5-7B-Instruct
sc/gemma-3-4b,401094aa-2cf4-4d52-a7c2-eb85f9811d0b,Qwen/Qwen2.5-7B-Instruct,mistralai/Mistral-7B-Instruct-v0.3,Use Gentle Challenges and Interpretations,Insight,tie,tie
single/phi-4-mini,401094aa-2cf4-4d52-a7c2-eb85f9811d0b,Qwen/Qwen2.5-7B-Instruct,mistralai/Mistral-7B-Instruct-v0.3,Use Gentle Challenges and Interpretations,Insight,,
sc/phi-4-mini,401094aa-2cf4-4d52-a7c2-eb85f9811d0b,Qwen/Qwen2.5-7B-Instruct,mistralai/Mistral-7B-Instruct-v0.3,Use Gentle Challenges and Interpretations,Insight,,
ensemble_single,401094aa-2cf4-4d52-a7c2-eb85f9811d0b,Qwen/Qwen2.5-7B-Instruct,mistralai/Mistral-7B-Instruct-v0.3,Use Gentle Challenges and Interpretations,Insight,,
ensemble_sc,401094aa-2cf4-4d52-a7c2-eb85f9811d0b,Qwen/Qwen2.5-7B-Instruct,mistralai/Mistral-7B-Instruct-v0.3,Use Gentle Challenges and Interpretations,Insight,,
single/gemma-3-4b,401094aa-2cf4-4d52-a7c2-eb85f9811d0b,Qwen/Qwen2.5-7B-Instruct,mistralai/Mistral-7B-Instruct-v0.3,Clarify the Desired Change,Action,x,Qwen/Qwen2.5-7B-Instruct
sc/gemma-3-4b,401094aa-2cf4-4d52-a7c2-eb85f9811d0b,Qwen/Qwen2.5-7B-Instruct,mistralai/Mistral-7B-Instruct-v0.3,Clarify the Desired Change,Action,x,Qwen/Qwen2.5-7B-Instruct
single/phi-4-mini,401094aa-2cf4-4d52-a7c2-eb85f9811d0b,Qwen/Qwen2.5-7B-Instruct,mistralai/Mistral-7B-Instruct-v0.3,Clarify the Desired Change,Action,,
sc/phi-4-mini,401094aa-2cf4-4d52-a7c2-eb85f9811d0b,Qwen/Qwen2.5-7B-Instruct,mistralai/Mistral-7B-Instruct-v0.3,Clarify the Desired Change,Action,,
ensemble_single,401094aa-2cf4-4d52-a7c2-eb85f9811d0b,Qwen/Qwen2.5-7B-Instruct,mistralai/Mistral-7B-Instruct-v0.3,Clarify the Desired Change,Action,,
ensemble_sc,401094aa-2cf4-4d52-a7c2-eb85f9811d0b,Qwen/Qwen2.5-7B-Instruct,mistralai/Mistral-7B-Instruct-v0.3,Clarify the Desired Change,Action,,
single/gemma-3-4b,401094aa-2cf4-4d52-a7c2-eb85f9811d0b,Qwen/Qwen2.5-7B-Instruct,mistralai/Mistral-7B-Instruct-v0.3,Ensure Readiness and Collaboration,Action,x,Qwen/Qwen2.5-7B-Instruct
sc/gemma-3-4b,401094aa-2cf4-4d52-a7c2-eb85f9811d0b,Qwen/Qwen2.5-7B-Instruct,mistralai/Mistral-7B-Instruct-v0.3,Ensure Readiness and Collaboration,Action,x,Qwen/Qwen2.5-7B-Instruct
single/phi-4-mini,401094aa-2cf4-4d52-a7c2-eb85f9811d0b,Qwen/Qwen2.5-7B-Instruct,mistralai/Mistral-7B-Instruct-v0.3,Ensure Readiness and Collaboration,Action,,
sc/phi-4-mini,401094aa-2cf4-4d52-a7c2-eb85f9811d0b,Qwen/Qwen2.5-7B-Instruct,mistralai/Mistral-7B-Instruct-v0.3,Ensure Readiness and Collaboration,Action,,
ensemble_single,401094aa-2cf4-4d52-a7c2-eb85f9811d0b,Qwen/Qwen2.5-7B-Instruct,mistralai/Mistral-7B-Instruct-v0.3,Ensure Readiness and Collaboration,Action,,
ensemble_sc,401094aa-2cf4-4d52-a7c2-eb85f9811d0b,Qwen/Qwen2.5-7B-Instruct,mistralai/Mistral-7B-Instruct-v0.3,Ensure Readiness and Collaboration,Action,,
single/gemma-3-4b,401094aa-2cf4-4d52-a7c2-eb85f9811d0b,Qwen/Qwen2.5-7B-Instruct,mistralai/Mistral-7B-Instruct-v0.3,Brainstorm and Evaluate Options,Action,x,Qwen/Qwen2.5-7B-Instruct
sc/gemma-3-4b,401094aa-2cf4-4d52-a7c2-eb85f9811d0b,Qwen/Qwen2.5-7B-Instruct,mistralai/Mistral-7B-Instruct-v0.3,Brainstorm and Evaluate Options,Action,x,Qwen/Qwen2.5-7B-Instruct
single/phi-4-mini,401094aa-2cf4-4d52-a7c2-eb85f9811d0b,Qwen/Qwen2.5-7B-Instruct,mistralai/Mistral-7B-Instruct-v0.3,Brainstorm and Evaluate Options,Action,,
sc/phi-4-mini,401094aa-2cf4-4d52-a7c2-eb85f9811d0b,Qwen/Qwen2.5-7B-Instruct,mistralai/Mistral-7B-Instruct-v0.3,Brainstorm and Evaluate Options,Action,,
ensemble_single,401094aa-2cf4-4d52-a7c2-eb85f9811d0b,Qwen/Qwen2.5-7B-Instruct,mistralai/Mistral-7B-Instruct-v0.3,Brainstorm and Evaluate Options,Action,,
ensemble_sc,401094aa-2cf4-4d52-a7c2-eb85f9811d0b,Qwen/Qwen2.5-7B-Instruct,mistralai/Mistral-7B-Instruct-v0.3,Brainstorm and Evaluate Options,Action,,
single/gemma-3-4b,40579f5f-1e29-4b22-a817-1705f625e30d,Qwen/Qwen2.5-7B-Instruct,mistralai/Mistral-7B-Instruct-v0.3,Empathic Understanding,Exploration,x,Qwen/Qwen2.5-7B-Instruct
sc/gemma-3-4b,40579f5f-1e29-4b22-a817-1705f625e30d,Qwen/Qwen2.5-7B-Instruct,mistralai/Mistral-7B-Instruct-v0.3,Empathic Understanding,Exploration,tie,tie
single/phi-4-mini,40579f5f-1e29-4b22-a817-1705f625e30d,Qwen/Qwen2.5-7B-Instruct,mistralai/Mistral-7B-Instruct-v0.3,Empathic Understanding,Exploration,x,Qwen/Qwen2.5-7B-Instruct
sc/phi-4-mini,40579f5f-1e29-4b22-a817-1705f625e30d,Qwen/Qwen2.5-7B-Instruct,mistralai/Mistral-7B-Instruct-v0.3,Empathic Understanding,Exploration,tie,tie
ensemble_single,40579f5f-1e29-4b22-a817-1705f625e30d,Qwen/Qwen2.5-7B-Instruct,mistralai/Mistral-7B-Instruct-v0.3,Empathic Understanding,Exploration,x,Qwen/Qwen2.5-7B-Instruct
ensemble_sc,40579f5f-1e29-4b22-a817-1705f625e30d,Qwen/Qwen2.5-7B-Instruct,mistralai/Mistral-7B-Instruct-v0.3,Empathic Understanding,Exploration,tie,tie
single/gemma-3-4b,40579f5f-1e29-4b22-a817-1705f625e30d,Qwen/Qwen2.5-7B-Instruct,mistralai/Mistral-7B-Instruct-v0.3,Encouragement of Emotional Expression,Exploration,x,Qwen/Qwen2.5-7B-Instruct
sc/gemma-3-4b,40579f5f-1e29-4b22-a817-1705f625e30d,Qwen/Qwen2.5-7B-Instruct,mistralai/Mistral-7B-Instruct-v0.3,Encouragement of Emotional Expression,Exploration,tie,tie
single/phi-4-mini,40579f5f-1e29-4b22-a817-1705f625e30d,Qwen/Qwen2.5-7B-Instruct,mistralai/Mistral-7B-Instruct-v0.3,Encouragement of Emotional Expression,Exploration,x,Qwen/Qwen2.5-7B-Instruct
sc/phi-4-mini,40579f5f-1e29-4b22-a817-1705f625e30d,Qwen/Qwen2.5-7B-Instruct,mistralai/Mistral-7B-Instruct-v0.3,Encouragement of Emotional Expression,Exploration,tie,tie
ensemble_single,40579f5f-1e29-4b22-a817-1705f625e30d,Qwen/Qwen2.5-7B-Instruct,mistralai/Mistral-7B-Instruct-v0.3,Encouragement of Emotional Expression,Exploration,x,Qwen/Qwen2.5-7B-Instruct
ensemble_sc,40579f5f-1e29-4b22-a817-1705f625e30d,Qwen/Qwen2.5-7B-Instruct,mistralai/Mistral-7B-Instruct-v0.3,Encouragement of Emotional Expression,Exploration,tie,tie
single/gemma-3-4b,40579f5f-1e29-4b22-a817-1705f625e30d,Qwen/Qwen2.5-7B-Instruct,mistralai/Mistral-7B-Instruct-v0.3,Exploration of Thoughts and Narratives,Exploration,x,Qwen/Qwen2.5-7B-Instruct
sc/gemma-3-4b,40579f5f-1e29-4b22-a817-1705f625e30d,Qwen/Qwen2.5-7B-Instruct,mistralai/Mistral-7B-Instruct-v0.3,Exploration of Thoughts and Narratives,Exploration,tie,tie
single/phi-4-mini,40579f5f-1e29-4b22-a817-1705f625e30d,Qwen/Qwen2.5-7B-Instruct,mistralai/Mistral-7B-Instruct-v0.3,Exploration of Thoughts and Narratives,Exploration,x,Qwen/Qwen2.5-7B-Instruct
sc/phi-4-mini,40579f5f-1e29-4b22-a817-1705f625e30d,Qwen/Qwen2.5-7B-Instruct,mistralai/Mistral-7B-Instruct-v0.3,Exploration of Thoughts and Narratives,Exploration,x,Qwen/Qwen2.5-7B-Instruct
ensemble_single,40579f5f-1e29-4b22-a817-1705f625e30d,Qwen/Qwen2.5-7B-Instruct,mistralai/Mistral-7B-Instruct-v0.3,Exploration of Thoughts and Narratives,Exploration,x,Qwen/Qwen2.5-7B-Instruct
ensemble_sc,40579f5f-1e29-4b22-a817-1705f625e30d,Qwen/Qwen2.5-7B-Instruct,mistralai/Mistral-7B-Instruct-v0.3,Exploration of Thoughts and Narratives,Exploration,tie,tie
single/gemma-3-4b,40579f5f-1e29-4b22-a817-1705f625e30d,Qwen/Qwen2.5-7B-Instruct,mistralai/Mistral-7B-Instruct-v0.3,Establish a Trusting Foundation,Insight,x,Qwen/Qwen2.5-7B-Instruct
sc/gemma-3-4b,40579f5f-1e29-4b22-a817-1705f625e30d,Qwen/Qwen2.5-7B-Instruct,mistralai/Mistral-7B-Instruct-v0.3,Establish a Trusting Foundation,Insight,tie,tie
single/phi-4-mini,40579f5f-1e29-4b22-a817-1705f625e30d,Qwen/Qwen2.5-7B-Instruct,mistralai/Mistral-7B-Instruct-v0.3,Establish a Trusting Foundation,Insight,,
sc/phi-4-mini,40579f5f-1e29-4b22-a817-1705f625e30d,Qwen/Qwen2.5-7B-Instruct,mistralai/Mistral-7B-Instruct-v0.3,Establish a Trusting Foundation,Insight,,
ensemble_single,40579f5f-1e29-4b22-a817-1705f625e30d,Qwen/Qwen2.5-7B-Instruct,mistralai/Mistral-7B-Instruct-v0.3,Establish a Trusting Foundation,Insight,,
ensemble_sc,40579f5f-1e29-4b22-a817-1705f625e30d,Qwen/Qwen2.5-7B-Instruct,mistralai/Mistral-7B-Instruct-v0.3,Establish a Trusting Foundation,Insight,,
single/gemma-3-4b,40579f5f-1e29-4b22-a817-1705f625e30d,Qwen/Qwen2.5-7B-Instruct,mistralai/Mistral-7B-Instruct-v0.3,Assess Readiness for Insight,Insight,x,Qwen/Qwen2.5-7B-Instruct
sc/gemma-3-4b,40579f5f-1e29-4b22-a817-1705f625e30d,Qwen/Qwen2.5-7B-Instruct,mistralai/Mistral-7B-Instruct-v0.3,Assess Readiness for Insight,Insight,tie,tie
single/phi-4-mini,40579f5f-1e29-4b22-a817-1705f625e30d,Qwen/Qwen2.5-7B-Instruct,mistralai/Mistral-7B-Instruct-v0.3,Assess Readiness for Insight,Insight,,
sc/phi-4-mini,40579f5f-1e29-4b22-a817-1705f625e30d,Qwen/Qwen2.5-7B-Instruct,mistralai/Mistral-7B-Instruct-v0.3,Assess Readiness for Insight,Insight,,
ensemble_single,40579f5f-1e29-4b22-a817-1705f625e30d,Qwen/Qwen2.5-7B-Instruct,mistralai/Mistral-7B-Instruct-v0.3,Assess Readiness for Insight,Insight,,
ensemble_sc,40579f5f-1e29-4b22-a817-1705f625e30d,Qwen/Qwen2.5-7B-Instruct,mistralai/Mistral-7B-Instruct-v0.3,Assess Readiness for Insight,Insight,,
single/gemma-3-4b,40579f5f-1e29-4b22-a817-1705f625e30d,Qwen/Qwen2.5-7B-Instruct,mistralai/Mistral-7B-Instruct-v0.3,Use Gentle Challenges and Interpretations,Insight,x,Qwen/Qwen2.5-7B-Instruct
sc/gemma-3-4b,40579f5f-1e29-4b22-a817-1705f625e30d,Qwen/Qwen2.5-7B-Instruct,mistralai/Mistral-7B-Instruct-v0.3,Use Gentle Challenges and Interpretations,Insight,tie,tie
single/phi-4-mini,40579f5f-1e29-4b22-a817-1705f625e30d,Qwen/Qwen2.5-7B-Instruct,mistralai/Mistral-7B-Instruct-v0.3,Use Gentle Challenges and Interpretations,Insight,,
sc/phi-4-mini,40579f5f-1e29-4b22-a817-1705f625e30d,Qwen/Qwen2.5-7B-Instruct,mistralai/Mistral-7B-Instruct-v0.3,Use Gentle Challenges and Interpretations,Insight,,
ensemble_single,40579f5f-1e29-4b22-a817-1705f625e30d,Qwen/Qwen2.5-7B-Instruct,mistralai/Mistral-7B-Instruct-v0.3,Use Gentle Challenges and Interpretations,Insight,,
ensemble_sc,40579f5f-1e29-4b22-a817-1705f625e30d,Qwen/Qwen2.5-7B-Instruct,mistralai/Mistral-7B-Instruct-v0.3,Use Gentle Challenges and Interpretations,Insight,,
single/gemma-3-4b,40579f5f-1e29-4b22-a817-1705f625e30d,Qwen/Qwen2.5-7B-Instruct,mistralai/Mistral-7B-Instruct-v0.3,Clarify the Desired Change,Action,x,Qwen/Qwen2.5-7B-Instruct
sc/gemma-3-4b,40579f5f-1e29-4b22-a817-1705f625e30d,Qwen/Qwen2.5-7B-Instruct,mistralai/Mistral-7B-Instruct-v0.3,Clarify the Desired Change,Action,tie,tie
single/phi-4-mini,40579f5f-1e29-4b22-a817-1705f625e30d,Qwen/Qwen2.5-7B-Instruct,mistralai/Mistral-7B-Instruct-v0.3,Clarify the Desired Change,Action,,
sc/phi-4-mini,40579f5f-1e29-4b22-a817-1705f625e30d,Qwen/Qwen2.5-7B-Instruct,mistralai/Mistral-7B-Instruct-v0.3,Clarify the Desired Change,Action,,
ensemble_single,40579f5f-1e29-4b22-a817-1705f625e30d,Qwen/Qwen2.5-7B-Instruct,mistralai/Mistral-7B-Instruct-v0.3,Clarify the Desired Change,Action,,
ensemble_sc,40579f5f-1e29-4b22-a817-1705f625e30d,Qwen/Qwen2.5-7B-Instruct,mistralai/Mistral-7B-Instruct-v0.3,Clarify the Desired Change,Action,,
single/gemma-3-4b,40579f5f-1e29-4b22-a817-1705f625e30d,Qwen/Qwen2.5-7B-Instruct,mistralai/Mistral-7B-Instruct-v0.3,Ensure Readiness and Collaboration,Action,x,Qwen/Qwen2.5-7B-Instruct
sc/gemma-3-4b,40579f5f-1e29-4b22-a817-1705f625e30d,Qwen/Qwen2.5-7B-Instruct,mistralai/Mistral-7B-Instruct-v0.3,Ensure Readiness and Collaboration,Action,tie,tie
single/phi-4-mini,40579f5f-1e29-4b22-a817-1705f625e30d,Qwen/Qwen2.5-7B-Instruct,mistralai/Mistral-7B-Instruct-v0.3,Ensure Readiness and Collaboration,Action,,
sc/phi-4-mini,40579f5f-1e29-4b22-a817-1705f625e30d,Qwen/Qwen2.5-7B-Instruct,mistralai/Mistral-7B-Instruct-v0.3,Ensure Readiness and Collaboration,Action,,
ensemble_single,40579f5f-1e29-4b22-a817-1705f625e30d,Qwen/Qwen2.5-7B-Instruct,mistralai/Mistral-7B-Instruct-v0.3,Ensure Readiness and Collaboration,Action,,
ensemble_sc,40579f5f-1e29-4b22-a817-1705f625e30d,Qwen/Qwen2.5-7B-Instruct,mistralai/Mistral-7B-Instruct-v0.3,Ensure Readiness and Collaboration,Action,,
single/gemma-3-4b,40579f5f-1e29-4b22-a817-1705f625e30d,Qwen/Qwen2.5-7B-Instruct,mistralai/Mistral-7B-Instruct-v0.3,Brainstorm and Evaluate Options,Action,x,Qwen/Qwen2.5-7B-Instruct
sc/gemma-3-4b,40579f5f-1e29-4b22-a817-1705f625e30d,Qwen/Qwen2.5-7B-Instruct,mistralai/Mistral-7B-Instruct-v0.3,Brainstorm and Evaluate Options,Action,tie,tie
single/phi-4-mini,40579f5f-1e29-4b22-a817-1705f625e30d,Qwen/Qwen2.5-7B-Instruct,mistralai/Mistral-7B-Instruct-v0.3,Brainstorm and Evaluate Options,Action,,
sc/phi-4-mini,40579f5f-1e29-4b22-a817-1705f625e30d,Qwen/Qwen2.5-7B-Instruct,mistralai/Mistral-7B-Instruct-v0.3,Brainstorm and Evaluate Options,Action,,
ensemble_single,40579f5f-1e29-4b22-a817-1705f625e30d,Qwen/Qwen2.5-7B-Instruct,mistralai/Mistral-7B-Instruct-v0.3,Brainstorm and Evaluate Options,Action,,
ensemble_sc,40579f5f-1e29-4b22-a817-1705f625e30d,Qwen/Qwen2.5-7B-Instruct,mistralai/Mistral-7B-Instruct-v0.3,Brainstorm and Evaluate Options,Action,,
single/gemma-3-4b,4992c5f9-0af4-418b-b04b-8cb0a784a871,Qwen/Qwen2.5-7B-Instruct,mistralai/Mistral-7B-Instruct-v0.3,Empathic Understanding,Exploration,x,Qwen/Qwen2.5-7B-Instruct
sc/gemma-3-4b,4992c5f9-0af4-418b-b04b-8cb0a784a871,Qwen/Qwen2.5-7B-Instruct,mistralai/Mistral-7B-Instruct-v0.3,Empathic Understanding,Exploration,tie,tie
single/phi-4-mini,4992c5f9-0af4-418b-b04b-8cb0a784a871,Qwen/Qwen2.5-7B-Instruct,mistralai/Mistral-7B-Instruct-v0.3,Empathic Understanding,Exploration,tie,tie
sc/phi-4-mini,4992c5f9-0af4-418b-b04b-8cb0a784a871,Qwen/Qwen2.5-7B-Instruct,mistralai/Mistral-7B-Instruct-v0.3,Empathic Understanding,Exploration,tie,tie
ensemble_single,4992c5f9-0af4-418b-b04b-8cb0a784a871,Qwen/Qwen2.5-7B-Instruct,mistralai/Mistral-7B-Instruct-v0.3,Empathic Understanding,Exploration,tie,tie
ensemble_sc,4992c5f9-0af4-418b-b04b-8cb0a784a871,Qwen/Qwen2.5-7B-Instruct,mistralai/Mistral-7B-Instruct-v0.3,Empathic Understanding,Exploration,tie,tie
single/gemma-3-4b,4992c5f9-0af4-418b-b04b-8cb0a784a871,Qwen/Qwen2.5-7B-Instruct,mistralai/Mistral-7B-Instruct-v0.3,Encouragement of Emotional Expression,Exploration,x,Qwen/Qwen2.5-7B-Instruct
sc/gemma-3-4b,4992c5f9-0af4-418b-b04b-8cb0a784a871,Qwen/Qwen2.5-7B-Instruct,mistralai/Mistral-7B-Instruct-v0.3,Encouragement of Emotional Expression,Exploration,tie,tie
single/phi-4-mini,4992c5f9-0af4-418b-b04b-8cb0a784a871,Qwen/Qwen2.5-7B-Instruct,mistralai/Mistral-7B-Instruct-v0.3,Encouragement of Emotional Expression,Exploration,tie,tie
sc/phi-4-mini,4992c5f9-0af4-418b-b04b-8cb0a784a871,Qwen/Qwen2.5-7B-Instruct,mistralai/Mistral-7B-Instruct-v0.3,Encouragement of Emotional Expression,Exploration,tie,tie
ensemble_single,4992c5f9-0af4-418b-b04b-8cb0a784a871,Qwen/Qwen2.5-7B-Instruct,mistralai/Mistral-7B-Instruct-v0.3,Encouragement of Emotional Expression,Exploration,tie,tie
ensemble_sc,4992c5f9-0af4-418b-b04b-8cb0a784a871,Qwen/Qwen2.5-7B-Instruct,mistralai/Mistral-7B-Instruct-v0.3,Encouragement of Emotional Expression,Exploration,tie,tie
single/gemma-3-4b,4992c5f9-0af4-418b-b04b-8cb0a784a871,Qwen/Qwen2.5-7B-Instruct,mistralai/Mistral-7B-Instruct-v0.3,Exploration of Thoughts and Narratives,Exploration,x,Qwen/Qwen2.5-7B-Instruct
sc/gemma-3-4b,4992c5f9-0af4-418b-b04b-8cb0a784a871,Qwen/Qwen2.5-7B-Instruct,mistralai/Mistral-7B-Instruct-v0.3,Exploration of Thoughts and Narratives,Exploration,tie,tie
single/phi-4-mini,4992c5f9-0af4-418b-b04b-8cb0a784a871,Qwen/Qwen2.5-7B-Instruct,mistralai/Mistral-7B-Instruct-v0.3,Exploration of Thoughts and Narratives,Exploration,tie,tie
sc/phi-4-mini,4992c5f9-0af4-418b-b04b-8cb0a784a871,Qwen/Qwen2.5-7B-Instruct,mistralai/Mistral-7B-Instruct-v0.3,Exploration of Thoughts and Narratives,Exploration,tie,tie
ensemble_single,4992c5f9-0af4-418b-b04b-8cb0a784a871,Qwen/Qwen2.5-7B-Instruct,mistralai/Mistral-7B-Instruct-v0.3,Exploration of Thoughts and Narratives,Exploration,tie,tie
ensemble_sc,4992c5f9-0af4-418b-b04b-8cb0a784a871,Qwen/Qwen2.5-7B-Instruct,mistralai/Mistral-7B-Instruct-v0.3,Exploration of Thoughts and Narratives,Exploration,tie,tie
single/gemma-3-4b,4992c5f9-0af4-418b-b04b-8cb0a784a871,Qwen/Qwen2.5-7B-Instruct,mistralai/Mistral-7B-Instruct-v0.3,Establish a Trusting Foundation,Insight,x,Qwen/Qwen2.5-7B-Instruct
sc/gemma-3-4b,4992c5f9-0af4-418b-b04b-8cb0a784a871,Qwen/Qwen2.5-7B-Instruct,mistralai/Mistral-7B-Instruct-v0.3,Establish a Trusting Foundation,Insight,tie,tie
single/phi-4-mini,4992c5f9-0af4-418b-b04b-8cb0a784a871,Qwen/Qwen2.5-7B-Instruct,mistralai/Mistral-7B-Instruct-v0.3,Establish a Trusting Foundation,Insight,tie,tie
sc/phi-4-mini,4992c5f9-0af4-418b-b04b-8cb0a784a871,Qwen/Qwen2.5-7B-Instruct,mistralai/Mistral-7B-Instruct-v0.3,Establish a Trusting Foundation,Insight,tie,tie
ensemble_single,4992c5f9-0af4-418b-b04b-8cb0a784a871,Qwen/Qwen2.5-7B-Instruct,mistralai/Mistral-7B-Instruct-v0.3,Establish a Trusting Foundation,Insight,tie,tie
ensemble_sc,4992c5f9-0af4-418b-b04b-8cb0a784a871,Qwen/Qwen2.5-7B-Instruct,mistralai/Mistral-7B-Instruct-v0.3,Establish a Trusting Foundation,Insight,tie,tie
single/gemma-3-4b,4992c5f9-0af4-418b-b04b-8cb0a784a871,Qwen/Qwen2.5-7B-Instruct,mistralai/Mistral-7B-Instruct-v0.3,Assess Readiness for Insight,Insight,x,Qwen/Qwen2.5-7B-Instruct
sc/gemma-3-4b,4992c5f9-0af4-418b-b04b-8cb0a784a871,Qwen/Qwen2.5-7B-Instruct,mistralai/Mistral-7B-Instruct-v0.3,Assess Readiness for Insight,Insight,tie,tie
single/phi-4-mini,4992c5f9-0af4-418b-b04b-8cb0a784a871,Qwen/Qwen2.5-7B-Instruct,mistralai/Mistral-7B-Instruct-v0.3,Assess Readiness for Insight,Insight,tie,tie
sc/phi-4-mini,4992c5f9-0af4-418b-b04b-8cb0a784a871,Qwen/Qwen2.5-7B-Instruct,mistralai/Mistral-7B-Instruct-v0.3,Assess Readiness for Insight,Insight,tie,tie
ensemble_single,4992c5f9-0af4-418b-b04b-8cb0a784a871,Qwen/Qwen2.5-7B-Instruct,mistralai/Mistral-7B-Instruct-v0.3,Assess Readiness for Insight,Insight,tie,tie
ensemble_sc,4992c5f9-0af4-418b-b04b-8cb0a784a871,Qwen/Qwen2.5-7B-Instruct,mistralai/Mistral-7B-Instruct-v0.3,Assess Readiness for Insight,Insight,tie,tie
single/gemma-3-4b,4992c5f9-0af4-418b-b04b-8cb0a784a871,Qwen/Qwen2.5-7B-Instruct,mistralai/Mistral-7B-Instruct-v0.3,Use Gentle Challenges and Interpretations,Insight,x,Qwen/Qwen2.5-7B-Instruct
sc/gemma-3-4b,4992c5f9-0af4-418b-b04b-8cb0a784a871,Qwen/Qwen2.5-7B-Instruct,mistralai/Mistral-7B-Instruct-v0.3,Use Gentle Challenges and Interpretations,Insight,tie,tie
single/phi-4-mini,4992c5f9-0af4-418b-b04b-8cb0a784a871,Qwen/Qwen2.5-7B-Instruct,mistralai/Mistral-7B-Instruct-v0.3,Use Gentle Challenges and Interpretations,Insight,tie,tie
sc/phi-4-mini,4992c5f9-0af4-418b-b04b-8cb0a784a871,Qwen/Qwen2.5-7B-Instruct,mistralai/Mistral-7B-Instruct-v0.3,Use Gentle Challenges and Interpretations,Insight,tie,tie
ensemble_single,4992c5f9-0af4-418b-b04b-8cb0a784a871,Qwen/Qwen2.5-7B-Instruct,mistralai/Mistral-7B-Instruct-v0.3,Use Gentle Challenges and Interpretations,Insight,tie,tie
ensemble_sc,4992c5f9-0af4-418b-b04b-8cb0a784a871,Qwen/Qwen2.5-7B-Instruct,mistralai/Mistral-7B-Instruct-v0.3,Use Gentle Challenges and Interpretations,Insight,tie,tie
single/gemma-3-4b,4992c5f9-0af4-418b-b04b-8cb0a784a871,Qwen/Qwen2.5-7B-Instruct,mistralai/Mistral-7B-Instruct-v0.3,Clarify the Desired Change,Action,x,Qwen/Qwen2.5-7B-Instruct
sc/gemma-3-4b,4992c5f9-0af4-418b-b04b-8cb0a784a871,Qwen/Qwen2.5-7B-Instruct,mistralai/Mistral-7B-Instruct-v0.3,Clarify the Desired Change,Action,tie,tie
single/phi-4-mini,4992c5f9-0af4-418b-b04b-8cb0a784a871,Qwen/Qwen2.5-7B-Instruct,mistralai/Mistral-7B-Instruct-v0.3,Clarify the Desired Change,Action,tie,tie
sc/phi-4-mini,4992c5f9-0af4-418b-b04b-8cb0a784a871,Qwen/Qwen2.5-7B-Instruct,mistralai/Mistral-7B-Instruct-v0.3,Clarify the Desired Change,Action,tie,tie
ensemble_single,4992c5f9-0af4-418b-b04b-8cb0a784a871,Qwen/Qwen2.5-7B-Instruct,mistralai/Mistral-7B-Instruct-v0.3,Clarify the Desired Change,Action,tie,tie
ensemble_sc,4992c5f9-0af4-418b-b04b-8cb0a784a871,Qwen/Qwen2.5-7B-Instruct,mistralai/Mistral-7B-Instruct-v0.3,Clarify the Desired Change,Action,tie,tie
single/gemma-3-4b,4992c5f9-0af4-418b-b04b-8cb0a784a871,Qwen/Qwen2.5-7B-Instruct,mistralai/Mistral-7B-Instruct-v0.3,Ensure Readiness and Collaboration,Action,x,Qwen/Qwen2.5-7B-Instruct
sc/gemma-3-4b,4992c5f9-0af4-418b-b04b-8cb0a784a871,Qwen/Qwen2.5-7B-Instruct,mistralai/Mistral-7B-Instruct-v0.3,Ensure Readiness and Collaboration,Action,tie,tie
single/phi-4-mini,4992c5f9-0af4-418b-b04b-8cb0a784a871,Qwen/Qwen2.5-7B-Instruct,mistralai/Mistral-7B-Instruct-v0.3,Ensure Readiness and Collaboration,Action,tie,tie
sc/phi-4-mini,4992c5f9-0af4-418b-b04b-8cb0a784a871,Qwen/Qwen2.5-7B-Instruct,mistralai/Mistral-7B-Instruct-v0.3,Ensure Readiness and Collaboration,Action,tie,tie
ensemble_single,4992c5f9-0af4-418b-b04b-8cb0a784a871,Qwen/Qwen2.5-7B-Instruct,mistralai/Mistral-7B-Instruct-v0.3,Ensure Readiness and Collaboration,Action,tie,tie
ensemble_sc,4992c5f9-0af4-418b-b04b-8cb0a784a871,Qwen/Qwen2.5-7B-Instruct,mistralai/Mistral-7B-Instruct-v0.3,Ensure Readiness and Collaboration,Action,tie,tie
single/gemma-3-4b,4992c5f9-0af4-418b-b04b-8cb0a784a871,Qwen/Qwen2.5-7B-Instruct,mistralai/Mistral-7B-Instruct-v0.3,Brainstorm and Evaluate Options,Action,x,Qwen/Qwen2.5-7B-Instruct
sc/gemma-3-4b,4992c5f9-0af4-418b-b04b-8cb0a784a871,Qwen/Qwen2.5-7B-Instruct,mistralai/Mistral-7B-Instruct-v0.3,Brainstorm and Evaluate Options,Action,tie,tie
single/phi-4-mini,4992c5f9-0af4-418b-b04b-8cb0a784a871,Qwen/Qwen2.5-7B-Instruct,mistralai/Mistral-7B-Instruct-v0.3,Brainstorm and Evaluate Options,Action,tie,tie
sc/phi-4-mini,4992c5f9-0af4-418b-b04b-8cb0a784a871,Qwen/Qwen2.5-7B-Instruct,mistralai/Mistral-7B-Instruct-v0.3,Brainstorm and Evaluate Options,Action,tie,tie
ensemble_single,4992c5f9-0af4-418b-b04b-8cb0a784a871,Qwen/Qwen2.5-7B-Instruct,mistralai/Mistral-7B-Instruct-v0.3,Brainstorm and Evaluate Options,Action,tie,tie
ensemble_sc,4992c5f9-0af4-418b-b04b-8cb0a784a871,Qwen/Qwen2.5-7B-Instruct,mistralai/Mistral-7B-Instruct-v0.3,Brainstorm and Evaluate Options,Action,tie,tie
single/gemma-3-4b,4cbaac58-dd57-41de-90ab-7edaddbe84a9,Qwen/Qwen2.5-7B-Instruct,mistralai/Mistral-7B-Instruct-v0.3,Empathic Understanding,Exploration,y,mistralai/Mistral-7B-Instruct-v0.3
sc/gemma-3-4b,4cbaac58-dd57-41de-90ab-7edaddbe84a9,Qwen/Qwen2.5-7B-Instruct,mistralai/Mistral-7B-Instruct-v0.3,Empathic Understanding,Exploration,y,mistralai/Mistral-7B-Instruct-v0.3
single/phi-4-mini,4cbaac58-dd57-41de-90ab-7edaddbe84a9,Qwen/Qwen2.5-7B-Instruct,mistralai/Mistral-7B-Instruct-v0.3,Empathic Understanding,Exploration,tie,tie
sc/phi-4-mini,4cbaac58-dd57-41de-90ab-7edaddbe84a9,Qwen/Qwen2.5-7B-Instruct,mistralai/Mistral-7B-Instruct-v0.3,Empathic Understanding,Exploration,tie,tie
ensemble_single,4cbaac58-dd57-41de-90ab-7edaddbe84a9,Qwen/Qwen2.5-7B-Instruct,mistralai/Mistral-7B-Instruct-v0.3,Empathic Understanding,Exploration,tie,tie
ensemble_sc,4cbaac58-dd57-41de-90ab-7edaddbe84a9,Qwen/Qwen2.5-7B-Instruct,mistralai/Mistral-7B-Instruct-v0.3,Empathic Understanding,Exploration,tie,tie
single/gemma-3-4b,4cbaac58-dd57-41de-90ab-7edaddbe84a9,Qwen/Qwen2.5-7B-Instruct,mistralai/Mistral-7B-Instruct-v0.3,Encouragement of Emotional Expression,Exploration,y,mistralai/Mistral-7B-Instruct-v0.3
sc/gemma-3-4b,4cbaac58-dd57-41de-90ab-7edaddbe84a9,Qwen/Qwen2.5-7B-Instruct,mistralai/Mistral-7B-Instruct-v0.3,Encouragement of Emotional Expression,Exploration,y,mistralai/Mistral-7B-Instruct-v0.3
single/phi-4-mini,4cbaac58-dd57-41de-90ab-7edaddbe84a9,Qwen/Qwen2.5-7B-Instruct,mistralai/Mistral-7B-Instruct-v0.3,Encouragement of Emotional Expression,Exploration,tie,tie
sc/phi-4-mini,4cbaac58-dd57-41de-90ab-7edaddbe84a9,Qwen/Qwen2.5-7B-Instruct,mistralai/Mistral-7B-Instruct-v0.3,Encouragement of Emotional Expression,Exploration,tie,tie
ensemble_single,4cbaac58-dd57-41de-90ab-7edaddbe84a9,Qwen/Qwen2.5-7B-Instruct,mistralai/Mistral-7B-Instruct-v0.3,Encouragement of Emotional Expression,Exploration,tie,tie
ensemble_sc,4cbaac58-dd57-41de-90ab-7edaddbe84a9,Qwen/Qwen2.5-7B-Instruct,mistralai/Mistral-7B-Instruct-v0.3,Encouragement of Emotional Expression,Exploration,tie,tie
single/gemma-3-4b,4cbaac58-dd57-41de-90ab-7edaddbe84a9,Qwen/Qwen2.5-7B-Instruct,mistralai/Mistral-7B-Instruct-v0.3,Exploration of Thoughts and Narratives,Exploration,y,mistralai/Mistral-7B-Instruct-v0.3
sc/gemma-3-4b,4cbaac58-dd57-41de-90ab-7edaddbe84a9,Qwen/Qwen2.5-7B-Instruct,mistralai/Mistral-7B-Instruct-v0.3,Exploration of Thoughts and Narratives,Exploration,y,mistralai/Mistral-7B-Instruct-v0.3
single/phi-4-mini,4cbaac58-dd57-41de-90ab-7edaddbe84a9,Qwen/Qwen2.5-7B-Instruct,mistralai/Mistral-7B-Instruct-v0.3,Exploration of Thoughts and Narratives,Exploration,y,mistralai/Mistral-7B-Instruct-v0.3
sc/phi-4-mini,4cbaac58-dd57-41de-90ab-7edaddbe84a9,Qwen/Qwen2.5-7B-Instruct,mistralai/Mistral-7B-Instruct-v0.3,Exploration of Thoughts and Narratives,Exploration,tie,tie
ensemble_single,4cbaac58-dd57-41de-90ab-7edaddbe84a9,Qwen/Qwen2.5-7B-Instruct,mistralai/Mistral-7B-Instruct-v0.3,Exploration of Thoughts and Narratives,Exploration,y,mistralai/Mistral-7B-Instruct-v0.3
ensemble_sc,4cbaac58-dd57-41de-90ab-7edaddbe84a9,Qwen/Qwen2.5-7B-Instruct,mistralai/Mistral-7B-Instruct-v0.3,Exploration of Thoughts and Narratives,Exploration,tie,tie
single/gemma-3-4b,4cbaac58-dd57-41de-90ab-7edaddbe84a9,Qwen/Qwen2.5-7B-Instruct,mistralai/Mistral-7B-Instruct-v0.3,Establish a Trusting Foundation,Insight,y,mistralai/Mistral-7B-Instruct-v0.3
sc/gemma-3-4b,4cbaac58-dd57-41de-90ab-7edaddbe84a9,Qwen/Qwen2.5-7B-Instruct,mistralai/Mistral-7B-Instruct-v0.3,Establish a Trusting Foundation,Insight,y,mistralai/Mistral-7B-Instruct-v0.3
single/phi-4-mini,4cbaac58-dd57-41de-90ab-7edaddbe84a9,Qwen/Qwen2.5-7B-Instruct,mistralai/Mistral-7B-Instruct-v0.3,Establish a Trusting Foundation,Insight,x,Qwen/Qwen2.5-7B-Instruct
sc/phi-4-mini,4cbaac58-dd57-41de-90ab-7edaddbe84a9,Qwen/Qwen2.5-7B-Instruct,mistralai/Mistral-7B-Instruct-v0.3,Establish a Trusting Foundation,Insight,tie,tie
ensemble_single,4cbaac58-dd57-41de-90ab-7edaddbe84a9,Qwen/Qwen2.5-7B-Instruct,mistralai/Mistral-7B-Instruct-v0.3,Establish a Trusting Foundation,Insight,tie,tie
ensemble_sc,4cbaac58-dd57-41de-90ab-7edaddbe84a9,Qwen/Qwen2.5-7B-Instruct,mistralai/Mistral-7B-Instruct-v0.3,Establish a Trusting Foundation,Insight,tie,tie
single/gemma-3-4b,4cbaac58-dd57-41de-90ab-7edaddbe84a9,Qwen/Qwen2.5-7B-Instruct,mistralai/Mistral-7B-Instruct-v0.3,Assess Readiness for Insight,Insight,y,mistralai/Mistral-7B-Instruct-v0.3
sc/gemma-3-4b,4cbaac58-dd57-41de-90ab-7edaddbe84a9,Qwen/Qwen2.5-7B-Instruct,mistralai/Mistral-7B-Instruct-v0.3,Assess Readiness for Insight,Insight,y,mistralai/Mistral-7B-Instruct-v0.3
single/phi-4-mini,4cbaac58-dd57-41de-90ab-7edaddbe84a9,Qwen/Qwen2.5-7B-Instruct,mistralai/Mistral-7B-Instruct-v0.3,Assess Readiness for Insight,Insight,x,Qwen/Qwen2.5-7B-Instruct
sc/phi-4-mini,4cbaac58-dd57-41de-90ab-7edaddbe84a9,Qwen/Qwen2.5-7B-Instruct,mistralai/Mistral-7B-Instruct-v0.3,Assess Readiness for Insight,Insight,tie,tie
ensemble_single,4cbaac58-dd57-41de-90ab-7edaddbe84a9,Qwen/Qwen2.5-7B-Instruct,mistralai/Mistral-7B-Instruct-v0.3,Assess Readiness for Insight,Insight,tie,tie
ensemble_sc,4cbaac58-dd57-41de-90ab-7edaddbe84a9,Qwen/Qwen2.5-7B-Instruct,mistralai/Mistral-7B-Instruct-v0.3,Assess Readiness for Insight,Insight,tie,tie
single/gemma-3-4b,4cbaac58-dd57-41de-90ab-7edaddbe84a9,Qwen/Qwen2.5-7B-Instruct,mistralai/Mistral-7B-Instruct-v0.3,Use Gentle Challenges and Interpretations,Insight,y,mistralai/Mistral-7B-Instruct-v0.3
sc/gemma-3-4b,4cbaac58-dd57-41de-90ab-7edaddbe84a9,Qwen/Qwen2.5-7B-Instruct,mistralai/Mistral-7B-Instruct-v0.3,Use Gentle Challenges and Interpretations,Insight,y,mistralai/Mistral-7B-Instruct-v0.3
single/phi-4-mini,4cbaac58-dd57-41de-90ab-7edaddbe84a9,Qwen/Qwen2.5-7B-Instruct,mistralai/Mistral-7B-Instruct-v0.3,Use Gentle Challenges and Interpretations,Insight,x,Qwen/Qwen2.5-7B-Instruct
sc/phi-4-mini,4cbaac58-dd57-41de-90ab-7edaddbe84a9,Qwen/Qwen2.5-7B-Instruct,mistralai/Mistral-7B-Instruct-v0.3,Use Gentle Challenges and Interpretations,Insight,tie,tie
ensemble_single,4cbaac58-dd57-41de-90ab-7edaddbe84a9,Qwen/Qwen2.5-7B-Instruct,mistralai/Mistral-7B-Instruct-v0.3,Use Gentle Challenges and Interpretations,Insight,tie,tie
ensemble_sc,4cbaac58-dd57-41de-90ab-7edaddbe84a9,Qwen/Qwen2.5-7B-Instruct,mistralai/Mistral-7B-Instruct-v0.3,Use Gentle Challenges and Interpretations,Insight,tie,tie
single/gemma-3-4b,4cbaac58-dd57-41de-90ab-7edaddbe84a9,Qwen/Qwen2.5-7B-Instruct,mistralai/Mistral-7B-Instruct-v0.3,Clarify the Desired Change,Action,y,mistralai/Mistral-7B-Instruct-v0.3
sc/gemma-3-4b,4cbaac58-dd57-41de-90ab-7edaddbe84a9,Qwen/Qwen2.5-7B-Instruct,mistralai/Mistral-7B-Instruct-v0.3,Clarify the Desired Change,Action,y,mistralai/Mistral-7B-Instruct-v0.3
single/phi-4-mini,4cbaac58-dd57-41de-90ab-7edaddbe84a9,Qwen/Qwen2.5-7B-Instruct,mistralai/Mistral-7B-Instruct-v0.3,Clarify the Desired Change,Action,tie,tie
sc/phi-4-mini,4cbaac58-dd57-41de-90ab-7edaddbe84a9,Qwen/Qwen2.5-7B-Instruct,mistralai/Mistral-7B-Instruct-v0.3,Clarify the Desired Change,Action,tie,tie
ensemble_single,4cbaac58-dd57-41de-90ab-7edaddbe84a9,Qwen/Qwen2.5-7B-Instruct,mistralai/Mistral-7B-Instruct-v0.3,Clarify the Desired Change,Action,tie,tie
ensemble_sc,4cbaac58-dd57-41de-90ab-7edaddbe84a9,Qwen/Qwen2.5-7B-Instruct,mistralai/Mistral-7B-Instruct-v0.3,Clarify the Desired Change,Action,tie,tie
single/gemma-3-4b,4cbaac58-dd57-41de-90ab-7edaddbe84a9,Qwen/Qwen2.5-7B-Instruct,mistralai/Mistral-7B-Instruct-v0.3,Ensure Readiness and Collaboration,Action,y,mistralai/Mistral-7B-Instruct-v0.3
sc/gemma-3-4b,4cbaac58-dd57-41de-90ab-7edaddbe84a9,Qwen/Qwen2.5-7B-Instruct,mistralai/Mistral-7B-Instruct-v0.3,Ensure Readiness and Collaboration,Action,y,mistralai/Mistral-7B-Instruct-v0.3
single/phi-4-mini,4cbaac58-dd57-41de-90ab-7edaddbe84a9,Qwen/Qwen2.5-7B-Instruct,mistralai/Mistral-7B-Instruct-v0.3,Ensure Readiness and Collaboration,Action,x,Qwen/Qwen2.5-7B-Instruct
sc/phi-4-mini,4cbaac58-dd57-41de-90ab-7edaddbe84a9,Qwen/Qwen2.5-7B-Instruct,mistralai/Mistral-7B-Instruct-v0.3,Ensure Readiness and Collaboration,Action,tie,tie
ensemble_single,4cbaac58-dd57-41de-90ab-7edaddbe84a9,Qwen/Qwen2.5-7B-Instruct,mistralai/Mistral-7B-Instruct-v0.3,Ensure Readiness and Collaboration,Action,tie,tie
ensemble_sc,4cbaac58-dd57-41de-90ab-7edaddbe84a9,Qwen/Qwen2.5-7B-Instruct,mistralai/Mistral-7B-Instruct-v0.3,Ensure Readiness and Collaboration,Action,tie,tie
single/gemma-3-4b,4cbaac58-dd57-41de-90ab-7edaddbe84a9,Qwen/Qwen2.5-7B-Instruct,mistralai/Mistral-7B-Instruct-v0.3,Brainstorm and Evaluate Options,Action,y,mistralai/Mistral-7B-Instruct-v0.3
sc/gemma-3-4b,4cbaac58-dd57-41de-90ab-7edaddbe84a9,Qwen/Qwen2.5-7B-Instruct,mistralai/Mistral-7B-Instruct-v0.3,Brainstorm and Evaluate Options,Action,y,mistralai/Mistral-7B-Instruct-v0.3
single/phi-4-mini,4cbaac58-dd57-41de-90ab-7edaddbe84a9,Qwen/Qwen2.5-7B-Instruct,mistralai/Mistral-7B-Instruct-v0.3,Brainstorm and Evaluate Options,Action,x,Qwen/Qwen2.5-7B-Instruct
sc/phi-4-mini,4cbaac58-dd57-41de-90ab-7edaddbe84a9,Qwen/Qwen2.5-7B-Instruct,mistralai/Mistral-7B-Instruct-v0.3,Brainstorm and Evaluate Options,Action,tie,tie
ensemble_single,4cbaac58-dd57-41de-90ab-7edaddbe84a9,Qwen/Qwen2.5-7B-Instruct,mistralai/Mistral-7B-Instruct-v0.3,Brainstorm and Evaluate Options,Action,tie,tie
ensemble_sc,4cbaac58-dd57-41de-90ab-7edaddbe84a9,Qwen/Qwen2.5-7B-Instruct,mistralai/Mistral-7B-Instruct-v0.3,Brainstorm and Evaluate Options,Action,tie,tie
single/gemma-3-4b,56b335f6-716f-4dee-b305-328cb77bc80e,Qwen/Qwen2.5-7B-Instruct,mistralai/Mistral-7B-Instruct-v0.3,Empathic Understanding,Exploration,y,mistralai/Mistral-7B-Instruct-v0.3
sc/gemma-3-4b,56b335f6-716f-4dee-b305-328cb77bc80e,Qwen/Qwen2.5-7B-Instruct,mistralai/Mistral-7B-Instruct-v0.3,Empathic Understanding,Exploration,tie,tie
single/phi-4-mini,56b335f6-716f-4dee-b305-328cb77bc80e,Qwen/Qwen2.5-7B-Instruct,mistralai/Mistral-7B-Instruct-v0.3,Empathic Understanding,Exploration,tie,tie
sc/phi-4-mini,56b335f6-716f-4dee-b305-328cb77bc80e,Qwen/Qwen2.5-7B-Instruct,mistralai/Mistral-7B-Instruct-v0.3,Empathic Understanding,Exploration,tie,tie
ensemble_single,56b335f6-716f-4dee-b305-328cb77bc80e,Qwen/Qwen2.5-7B-Instruct,mistralai/Mistral-7B-Instruct-v0.3,Empathic Understanding,Exploration,tie,tie
ensemble_sc,56b335f6-716f-4dee-b305-328cb77bc80e,Qwen/Qwen2.5-7B-Instruct,mistralai/Mistral-7B-Instruct-v0.3,Empathic Understanding,Exploration,tie,tie
single/gemma-3-4b,56b335f6-716f-4dee-b305-328cb77bc80e,Qwen/Qwen2.5-7B-Instruct,mistralai/Mistral-7B-Instruct-v0.3,Encouragement of Emotional Expression,Exploration,y,mistralai/Mistral-7B-Instruct-v0.3
sc/gemma-3-4b,56b335f6-716f-4dee-b305-328cb77bc80e,Qwen/Qwen2.5-7B-Instruct,mistralai/Mistral-7B-Instruct-v0.3,Encouragement of Emotional Expression,Exploration,tie,tie
single/phi-4-mini,56b335f6-716f-4dee-b305-328cb77bc80e,Qwen/Qwen2.5-7B-Instruct,mistralai/Mistral-7B-Instruct-v0.3,Encouragement of Emotional Expression,Exploration,tie,tie
sc/phi-4-mini,56b335f6-716f-4dee-b305-328cb77bc80e,Qwen/Qwen2.5-7B-Instruct,mistralai/Mistral-7B-Instruct-v0.3,Encouragement of Emotional Expression,Exploration,tie,tie
ensemble_single,56b335f6-716f-4dee-b305-328cb77bc80e,Qwen/Qwen2.5-7B-Instruct,mistralai/Mistral-7B-Instruct-v0.3,Encouragement of Emotional Expression,Exploration,tie,tie
ensemble_sc,56b335f6-716f-4dee-b305-328cb77bc80e,Qwen/Qwen2.5-7B-Instruct,mistralai/Mistral-7B-Instruct-v0.3,Encouragement of Emotional Expression,Exploration,tie,tie
single/gemma-3-4b,56b335f6-716f-4dee-b305-328cb77bc80e,Qwen/Qwen2.5-7B-Instruct,mistralai/Mistral-7B-Instruct-v0.3,Exploration of Thoughts and Narratives,Exploration,y,mistralai/Mistral-7B-Instruct-v0.3
sc/gemma-3-4b,56b335f6-716f-4dee-b305-328cb77bc80e,Qwen/Qwen2.5-7B-Instruct,mistralai/Mistral-7B-Instruct-v0.3,Exploration of Thoughts and Narratives,Exploration,tie,tie
single/phi-4-mini,56b335f6-716f-4dee-b305-328cb77bc80e,Qwen/Qwen2.5-7B-Instruct,mistralai/Mistral-7B-Instruct-v0.3,Exploration of Thoughts and Narratives,Exploration,tie,tie
sc/phi-4-mini,56b335f6-716f-4dee-b305-328cb77bc80e,Qwen/Qwen2.5-7B-Instruct,mistralai/Mistral-7B-Instruct-v0.3,Exploration of Thoughts and Narratives,Exploration,tie,tie
ensemble_single,56b335f6-716f-4dee-b305-328cb77bc80e,Qwen/Qwen2.5-7B-Instruct,mistralai/Mistral-7B-Instruct-v0.3,Exploration of Thoughts and Narratives,Exploration,tie,tie
ensemble_sc,56b335f6-716f-4dee-b305-328cb77bc80e,Qwen/Qwen2.5-7B-Instruct,mistralai/Mistral-7B-Instruct-v0.3,Exploration of Thoughts and Narratives,Exploration,tie,tie
single/gemma-3-4b,56b335f6-716f-4dee-b305-328cb77bc80e,Qwen/Qwen2.5-7B-Instruct,mistralai/Mistral-7B-Instruct-v0.3,Establish a Trusting Foundation,Insight,y,mistralai/Mistral-7B-Instruct-v0.3
sc/gemma-3-4b,56b335f6-716f-4dee-b305-328cb77bc80e,Qwen/Qwen2.5-7B-Instruct,mistralai/Mistral-7B-Instruct-v0.3,Establish a Trusting Foundation,Insight,tie,tie
single/phi-4-mini,56b335f6-716f-4dee-b305-328cb77bc80e,Qwen/Qwen2.5-7B-Instruct,mistralai/Mistral-7B-Instruct-v0.3,Establish a Trusting Foundation,Insight,tie,tie
sc/phi-4-mini,56b335f6-716f-4dee-b305-328cb77bc80e,Qwen/Qwen2.5-7B-Instruct,mistralai/Mistral-7B-Instruct-v0.3,Establish a Trusting Foundation,Insight,tie,tie
ensemble_single,56b335f6-716f-4dee-b305-328cb77bc80e,Qwen/Qwen2.5-7B-Instruct,mistralai/Mistral-7B-Instruct-v0.3,Establish a Trusting Foundation,Insight,tie,tie
ensemble_sc,56b335f6-716f-4dee-b305-328cb77bc80e,Qwen/Qwen2.5-7B-Instruct,mistralai/Mistral-7B-Instruct-v0.3,Establish a Trusting Foundation,Insight,tie,tie
single/gemma-3-4b,56b335f6-716f-4dee-b305-328cb77bc80e,Qwen/Qwen2.5-7B-Instruct,mistralai/Mistral-7B-Instruct-v0.3,Assess Readiness for Insight,Insight,tie,tie
sc/gemma-3-4b,56b335f6-716f-4dee-b305-328cb77bc80e,Qwen/Qwen2.5-7B-Instruct,mistralai/Mistral-7B-Instruct-v0.3,Assess Readiness for Insight,Insight,tie,tie
single/phi-4-mini,56b335f6-716f-4dee-b305-328cb77bc80e,Qwen/Qwen2.5-7B-Instruct,mistralai/Mistral-7B-Instruct-v0.3,Assess Readiness for Insight,Insight,tie,tie
sc/phi-4-mini,56b335f6-716f-4dee-b305-328cb77bc80e,Qwen/Qwen2.5-7B-Instruct,mistralai/Mistral-7B-Instruct-v0.3,Assess Readiness for Insight,Insight,tie,tie
ensemble_single,56b335f6-716f-4dee-b305-328cb77bc80e,Qwen/Qwen2.5-7B-Instruct,mistralai/Mistral-7B-Instruct-v0.3,Assess Readiness for Insight,Insight,tie,tie
ensemble_sc,56b335f6-716f-4dee-b305-328cb77bc80e,Qwen/Qwen2.5-7B-Instruct,mistralai/Mistral-7B-Instruct-v0.3,Assess Readiness for Insight,Insight,tie,tie
single/gemma-3-4b,56b335f6-716f-4dee-b305-328cb77bc80e,Qwen/Qwen2.5-7B-Instruct,mistralai/Mistral-7B-Instruct-v0.3,Use Gentle Challenges and Interpretations,Insight,y,mistralai/Mistral-7B-Instruct-v0.3
sc/gemma-3-4b,56b335f6-716f-4dee-b305-328cb77bc80e,Qwen/Qwen2.5-7B-Instruct,mistralai/Mistral-7B-Instruct-v0.3,Use Gentle Challenges and Interpretations,Insight,tie,tie
single/phi-4-mini,56b335f6-716f-4dee-b305-328cb77bc80e,Qwen/Qwen2.5-7B-Instruct,mistralai/Mistral-7B-Instruct-v0.3,Use Gentle Challenges and Interpretations,Insight,tie,tie
sc/phi-4-mini,56b335f6-716f-4dee-b305-328cb77bc80e,Qwen/Qwen2.5-7B-Instruct,mistralai/Mistral-7B-Instruct-v0.3,Use Gentle Challenges and Interpretations,Insight,tie,tie
ensemble_single,56b335f6-716f-4dee-b305-328cb77bc80e,Qwen/Qwen2.5-7B-Instruct,mistralai/Mistral-7B-Instruct-v0.3,Use Gentle Challenges and Interpretations,Insight,tie,tie
ensemble_sc,56b335f6-716f-4dee-b305-328cb77bc80e,Qwen/Qwen2.5-7B-Instruct,mistralai/Mistral-7B-Instruct-v0.3,Use Gentle Challenges and Interpretations,Insight,tie,tie
single/gemma-3-4b,56b335f6-716f-4dee-b305-328cb77bc80e,Qwen/Qwen2.5-7B-Instruct,mistralai/Mistral-7B-Instruct-v0.3,Clarify the Desired Change,Action,tie,tie
sc/gemma-3-4b,56b335f6-716f-4dee-b305-328cb77bc80e,Qwen/Qwen2.5-7B-Instruct,mistralai/Mistral-7B-Instruct-v0.3,Clarify the Desired Change,Action,tie,tie
single/phi-4-mini,56b335f6-716f-4dee-b305-328cb77bc80e,Qwen/Qwen2.5-7B-Instruct,mistralai/Mistral-7B-Instruct-v0.3,Clarify the Desired Change,Action,tie,tie
sc/phi-4-mini,56b335f6-716f-4dee-b305-328cb77bc80e,Qwen/Qwen2.5-7B-Instruct,mistralai/Mistral-7B-Instruct-v0.3,Clarify the Desired Change,Action,tie,tie
ensemble_single,56b335f6-716f-4dee-b305-328cb77bc80e,Qwen/Qwen2.5-7B-Instruct,mistralai/Mistral-7B-Instruct-v0.3,Clarify the Desired Change,Action,tie,tie
ensemble_sc,56b335f6-716f-4dee-b305-328cb77bc80e,Qwen/Qwen2.5-7B-Instruct,mistralai/Mistral-7B-Instruct-v0.3,Clarify the Desired Change,Action,tie,tie
single/gemma-3-4b,56b335f6-716f-4dee-b305-328cb77bc80e,Qwen/Qwen2.5-7B-Instruct,mistralai/Mistral-7B-Instruct-v0.3,Ensure Readiness and Collaboration,Action,y,mistralai/Mistral-7B-Instruct-v0.3
sc/gemma-3-4b,56b335f6-716f-4dee-b305-328cb77bc80e,Qwen/Qwen2.5-7B-Instruct,mistralai/Mistral-7B-Instruct-v0.3,Ensure Readiness and Collaboration,Action,tie,tie
single/phi-4-mini,56b335f6-716f-4dee-b305-328cb77bc80e,Qwen/Qwen2.5-7B-Instruct,mistralai/Mistral-7B-Instruct-v0.3,Ensure Readiness and Collaboration,Action,tie,tie
sc/phi-4-mini,56b335f6-716f-4dee-b305-328cb77bc80e,Qwen/Qwen2.5-7B-Instruct,mistralai/Mistral-7B-Instruct-v0.3,Ensure Readiness and Collaboration,Action,tie,tie
ensemble_single,56b335f6-716f-4dee-b305-328cb77bc80e,Qwen/Qwen2.5-7B-Instruct,mistralai/Mistral-7B-Instruct-v0.3,Ensure Readiness and Collaboration,Action,tie,tie
ensemble_sc,56b335f6-716f-4dee-b305-328cb77bc80e,Qwen/Qwen2.5-7B-Instruct,mistralai/Mistral-7B-Instruct-v0.3,Ensure Readiness and Collaboration,Action,tie,tie
single/gemma-3-4b,56b335f6-716f-4dee-b305-328cb77bc80e,Qwen/Qwen2.5-7B-Instruct,mistralai/Mistral-7B-Instruct-v0.3,Brainstorm and Evaluate Options,Action,tie,tie
sc/gemma-3-4b,56b335f6-716f-4dee-b305-328cb77bc80e,Qwen/Qwen2.5-7B-Instruct,mistralai/Mistral-7B-Instruct-v0.3,Brainstorm and Evaluate Options,Action,tie,tie
single/phi-4-mini,56b335f6-716f-4dee-b305-328cb77bc80e,Qwen/Qwen2.5-7B-Instruct,mistralai/Mistral-7B-Instruct-v0.3,Brainstorm and Evaluate Options,Action,tie,tie
sc/phi-4-mini,56b335f6-716f-4dee-b305-328cb77bc80e,Qwen/Qwen2.5-7B-Instruct,mistralai/Mistral-7B-Instruct-v0.3,Brainstorm and Evaluate Options,Action,tie,tie
ensemble_single,56b335f6-716f-4dee-b305-328cb77bc80e,Qwen/Qwen2.5-7B-Instruct,mistralai/Mistral-7B-Instruct-v0.3,Brainstorm and Evaluate Options,Action,tie,tie
ensemble_sc,56b335f6-716f-4dee-b305-328cb77bc80e,Qwen/Qwen2.5-7B-Instruct,mistralai/Mistral-7B-Instruct-v0.3,Brainstorm and Evaluate Options,Action,tie,tie
single/gemma-3-4b,57cc3acd-a5a7-40a4-bc60-5a71552064b3,Qwen/Qwen2.5-7B-Instruct,mistralai/Mistral-7B-Instruct-v0.3,Empathic Understanding,Exploration,x,Qwen/Qwen2.5-7B-Instruct
sc/gemma-3-4b,57cc3acd-a5a7-40a4-bc60-5a71552064b3,Qwen/Qwen2.5-7B-Instruct,mistralai/Mistral-7B-Instruct-v0.3,Empathic Understanding,Exploration,tie,tie
single/phi-4-mini,57cc3acd-a5a7-40a4-bc60-5a71552064b3,Qwen/Qwen2.5-7B-Instruct,mistralai/Mistral-7B-Instruct-v0.3,Empathic Understanding,Exploration,tie,tie
sc/phi-4-mini,57cc3acd-a5a7-40a4-bc60-5a71552064b3,Qwen/Qwen2.5-7B-Instruct,mistralai/Mistral-7B-Instruct-v0.3,Empathic Understanding,Exploration,tie,tie
ensemble_single,57cc3acd-a5a7-40a4-bc60-5a71552064b3,Qwen/Qwen2.5-7B-Instruct,mistralai/Mistral-7B-Instruct-v0.3,Empathic Understanding,Exploration,tie,tie
ensemble_sc,57cc3acd-a5a7-40a4-bc60-5a71552064b3,Qwen/Qwen2.5-7B-Instruct,mistralai/Mistral-7B-Instruct-v0.3,Empathic Understanding,Exploration,tie,tie
single/gemma-3-4b,57cc3acd-a5a7-40a4-bc60-5a71552064b3,Qwen/Qwen2.5-7B-Instruct,mistralai/Mistral-7B-Instruct-v0.3,Encouragement of Emotional Expression,Exploration,x,Qwen/Qwen2.5-7B-Instruct
sc/gemma-3-4b,57cc3acd-a5a7-40a4-bc60-5a71552064b3,Qwen/Qwen2.5-7B-Instruct,mistralai/Mistral-7B-Instruct-v0.3,Encouragement of Emotional Expression,Exploration,tie,tie
single/phi-4-mini,57cc3acd-a5a7-40a4-bc60-5a71552064b3,Qwen/Qwen2.5-7B-Instruct,mistralai/Mistral-7B-Instruct-v0.3,Encouragement of Emotional Expression,Exploration,tie,tie
sc/phi-4-mini,57cc3acd-a5a7-40a4-bc60-5a71552064b3,Qwen/Qwen2.5-7B-Instruct,mistralai/Mistral-7B-Instruct-v0.3,Encouragement of Emotional Expression,Exploration,tie,tie
ensemble_single,57cc3acd-a5a7-40a4-bc60-5a71552064b3,Qwen/Qwen2.5-7B-Instruct,mistralai/Mistral-7B-Instruct-v0.3,Encouragement of Emotional Expression,Exploration,tie,tie
ensemble_sc,57cc3acd-a5a7-40a4-bc60-5a71552064b3,Qwen/Qwen2.5-7B-Instruct,mistralai/Mistral-7B-Instruct-v0.3,Encouragement of Emotional Expression,Exploration,tie,tie
single/gemma-3-4b,57cc3acd-a5a7-40a4-bc60-5a71552064b3,Qwen/Qwen2.5-7B-Instruct,mistralai/Mistral-7B-Instruct-v0.3,Exploration of Thoughts and Narratives,Exploration,x,Qwen/Qwen2.5-7B-Instruct
sc/gemma-3-4b,57cc3acd-a5a7-40a4-bc60-5a71552064b3,Qwen/Qwen2.5-7B-Instruct,mistralai/Mistral-7B-Instruct-v0.3,Exploration of Thoughts and Narratives,Exploration,x,Qwen/Qwen2.5-7B-Instruct
single/phi-4-mini,57cc3acd-a5a7-40a4-bc60-5a71552064b3,Qwen/Qwen2.5-7B-Instruct,mistralai/Mistral-7B-Instruct-v0.3,Exploration of Thoughts and Narratives,Exploration,tie,tie
sc/phi-4-mini,57cc3acd-a5a7-40a4-bc60-5a71552064b3,Qwen/Qwen2.5-7B-Instruct,mistralai/Mistral-7B-Instruct-v0.3,Exploration of Thoughts and Narratives,Exploration,tie,tie
ensemble_single,57cc3acd-a5a7-40a4-bc60-5a71552064b3,Qwen/Qwen2.5-7B-Instruct,mistralai/Mistral-7B-Instruct-v0.3,Exploration of Thoughts and Narratives,Exploration,tie,tie
ensemble_sc,57cc3acd-a5a7-40a4-bc60-5a71552064b3,Qwen/Qwen2.5-7B-Instruct,mistralai/Mistral-7B-Instruct-v0.3,Exploration of Thoughts and Narratives,Exploration,tie,tie
single/gemma-3-4b,57cc3acd-a5a7-40a4-bc60-5a71552064b3,Qwen/Qwen2.5-7B-Instruct,mistralai/Mistral-7B-Instruct-v0.3,Establish a Trusting Foundation,Insight,x,Qwen/Qwen2.5-7B-Instruct
sc/gemma-3-4b,57cc3acd-a5a7-40a4-bc60-5a71552064b3,Qwen/Qwen2.5-7B-Instruct,mistralai/Mistral-7B-Instruct-v0.3,Establish a Trusting Foundation,Insight,tie,tie
single/phi-4-mini,57cc3acd-a5a7-40a4-bc60-5a71552064b3,Qwen/Qwen2.5-7B-Instruct,mistralai/Mistral-7B-Instruct-v0.3,Establish a Trusting Foundation,Insight,tie,tie
sc/phi-4-mini,57cc3acd-a5a7-40a4-bc60-5a71552064b3,Qwen/Qwen2.5-7B-Instruct,mistralai/Mistral-7B-Instruct-v0.3,Establish a Trusting Foundation,Insight,tie,tie
ensemble_single,57cc3acd-a5a7-40a4-bc60-5a71552064b3,Qwen/Qwen2.5-7B-Instruct,mistralai/Mistral-7B-Instruct-v0.3,Establish a Trusting Foundation,Insight,tie,tie
ensemble_sc,57cc3acd-a5a7-40a4-bc60-5a71552064b3,Qwen/Qwen2.5-7B-Instruct,mistralai/Mistral-7B-Instruct-v0.3,Establish a Trusting Foundation,Insight,tie,tie
single/gemma-3-4b,57cc3acd-a5a7-40a4-bc60-5a71552064b3,Qwen/Qwen2.5-7B-Instruct,mistralai/Mistral-7B-Instruct-v0.3,Assess Readiness for Insight,Insight,x,Qwen/Qwen2.5-7B-Instruct
sc/gemma-3-4b,57cc3acd-a5a7-40a4-bc60-5a71552064b3,Qwen/Qwen2.5-7B-Instruct,mistralai/Mistral-7B-Instruct-v0.3,Assess Readiness for Insight,Insight,x,Qwen/Qwen2.5-7B-Instruct
single/phi-4-mini,57cc3acd-a5a7-40a4-bc60-5a71552064b3,Qwen/Qwen2.5-7B-Instruct,mistralai/Mistral-7B-Instruct-v0.3,Assess Readiness for Insight,Insight,tie,tie
sc/phi-4-mini,57cc3acd-a5a7-40a4-bc60-5a71552064b3,Qwen/Qwen2.5-7B-Instruct,mistralai/Mistral-7B-Instruct-v0.3,Assess Readiness for Insight,Insight,tie,tie
ensemble_single,57cc3acd-a5a7-40a4-bc60-5a71552064b3,Qwen/Qwen2.5-7B-Instruct,mistralai/Mistral-7B-Instruct-v0.3,Assess Readiness for Insight,Insight,tie,tie
ensemble_sc,57cc3acd-a5a7-40a4-bc60-5a71552064b3,Qwen/Qwen2.5-7B-Instruct,mistralai/Mistral-7B-Instruct-v0.3,Assess Readiness for Insight,Insight,tie,tie
single/gemma-3-4b,57cc3acd-a5a7-40a4-bc60-5a71552064b3,Qwen/Qwen2.5-7B-Instruct,mistralai/Mistral-7B-Instruct-v0.3,Use Gentle Challenges and Interpretations,Insight,x,Qwen/Qwen2.5-7B-Instruct
sc/gemma-3-4b,57cc3acd-a5a7-40a4-bc60-5a71552064b3,Qwen/Qwen2.5-7B-Instruct,mistralai/Mistral-7B-Instruct-v0.3,Use Gentle Challenges and Interpretations,Insight,tie,tie
single/phi-4-mini,57cc3acd-a5a7-40a4-bc60-5a71552064b3,Qwen/Qwen2.5-7B-Instruct,mistralai/Mistral-7B-Instruct-v0.3,Use Gentle Challenges and Interpretations,Insight,tie,tie
sc/phi-4-mini,57cc3acd-a5a7-40a4-bc60-5a71552064b3,Qwen/Qwen2.5-7B-Instruct,mistralai/Mistral-7B-Instruct-v0.3,Use Gentle Challenges and Interpretations,Insight,tie,tie
ensemble_single,57cc3acd-a5a7-40a4-bc60-5a71552064b3,Qwen/Qwen2.5-7B-Instruct,mistralai/Mistral-7B-Instruct-v0.3,Use Gentle Challenges and Interpretations,Insight,tie,tie
ensemble_sc,57cc3acd-a5a7-40a4-bc60-5a71552064b3,Qwen/Qwen2.5-7B-Instruct,mistralai/Mistral-7B-Instruct-v0.3,Use Gentle Challenges and Interpretations,Insight,tie,tie
single/gemma-3-4b,57cc3acd-a5a7-40a4-bc60-5a71552064b3,Qwen/Qwen2.5-7B-Instruct,mistralai/Mistral-7B-Instruct-v0.3,Clarify the Desired Change,Action,x,Qwen/Qwen2.5-7B-Instruct
sc/gemma-3-4b,57cc3acd-a5a7-40a4-bc60-5a71552064b3,Qwen/Qwen2.5-7B-Instruct,mistralai/Mistral-7B-Instruct-v0.3,Clarify the Desired Change,Action,x,Qwen/Qwen2.5-7B-Instruct
single/phi-4-mini,57cc3acd-a5a7-40a4-bc60-5a71552064b3,Qwen/Qwen2.5-7B-Instruct,mistralai/Mistral-7B-Instruct-v0.3,Clarify the Desired Change,Action,tie,tie
sc/phi-4-mini,57cc3acd-a5a7-40a4-bc60-5a71552064b3,Qwen/Qwen2.5-7B-Instruct,mistralai/Mistral-7B-Instruct-v0.3,Clarify the Desired Change,Action,tie,tie
ensemble_single,57cc3acd-a5a7-40a4-bc60-5a71552064b3,Qwen/Qwen2.5-7B-Instruct,mistralai/Mistral-7B-Instruct-v0.3,Clarify the Desired Change,Action,tie,tie
ensemble_sc,57cc3acd-a5a7-40a4-bc60-5a71552064b3,Qwen/Qwen2.5-7B-Instruct,mistralai/Mistral-7B-Instruct-v0.3,Clarify the Desired Change,Action,tie,tie
single/gemma-3-4b,57cc3acd-a5a7-40a4-bc60-5a71552064b3,Qwen/Qwen2.5-7B-Instruct,mistralai/Mistral-7B-Instruct-v0.3,Ensure Readiness and Collaboration,Action,x,Qwen/Qwen2.5-7B-Instruct
sc/gemma-3-4b,57cc3acd-a5a7-40a4-bc60-5a71552064b3,Qwen/Qwen2.5-7B-Instruct,mistralai/Mistral-7B-Instruct-v0.3,Ensure Readiness and Collaboration,Action,x,Qwen/Qwen2.5-7B-Instruct
single/phi-4-mini,57cc3acd-a5a7-40a4-bc60-5a71552064b3,Qwen/Qwen2.5-7B-Instruct,mistralai/Mistral-7B-Instruct-v0.3,Ensure Readiness and Collaboration,Action,tie,tie
sc/phi-4-mini,57cc3acd-a5a7-40a4-bc60-5a71552064b3,Qwen/Qwen2.5-7B-Instruct,mistralai/Mistral-7B-Instruct-v0.3,Ensure Readiness and Collaboration,Action,tie,tie
ensemble_single,57cc3acd-a5a7-40a4-bc60-5a71552064b3,Qwen/Qwen2.5-7B-Instruct,mistralai/Mistral-7B-Instruct-v0.3,Ensure Readiness and Collaboration,Action,tie,tie
ensemble_sc,57cc3acd-a5a7-40a4-bc60-5a71552064b3,Qwen/Qwen2.5-7B-Instruct,mistralai/Mistral-7B-Instruct-v0.3,Ensure Readiness and Collaboration,Action,tie,tie
single/gemma-3-4b,57cc3acd-a5a7-40a4-bc60-5a71552064b3,Qwen/Qwen2.5-7B-Instruct,mistralai/Mistral-7B-Instruct-v0.3,Brainstorm and Evaluate Options,Action,x,Qwen/Qwen2.5-7B-Instruct
sc/gemma-3-4b,57cc3acd-a5a7-40a4-bc60-5a71552064b3,Qwen/Qwen2.5-7B-Instruct,mistralai/Mistral-7B-Instruct-v0.3,Brainstorm and Evaluate Options,Action,x,Qwen/Qwen2.5-7B-Instruct
single/phi-4-mini,57cc3acd-a5a7-40a4-bc60-5a71552064b3,Qwen/Qwen2.5-7B-Instruct,mistralai/Mistral-7B-Instruct-v0.3,Brainstorm and Evaluate Options,Action,tie,tie
sc/phi-4-mini,57cc3acd-a5a7-40a4-bc60-5a71552064b3,Qwen/Qwen2.5-7B-Instruct,mistralai/Mistral-7B-Instruct-v0.3,Brainstorm and Evaluate Options,Action,tie,tie
ensemble_single,57cc3acd-a5a7-40a4-bc60-5a71552064b3,Qwen/Qwen2.5-7B-Instruct,mistralai/Mistral-7B-Instruct-v0.3,Brainstorm and Evaluate Options,Action,tie,tie
ensemble_sc,57cc3acd-a5a7-40a4-bc60-5a71552064b3,Qwen/Qwen2.5-7B-Instruct,mistralai/Mistral-7B-Instruct-v0.3,Brainstorm and Evaluate Options,Action,tie,tie
single/gemma-3-4b,5e09da3b-01c1-44a1-8893-0d0f5174e870,Qwen/Qwen2.5-7B-Instruct,mistralai/Mistral-7B-Instruct-v0.3,Empathic Understanding,Exploration,x,Qwen/Qwen2.5-7B-Instruct
sc/gemma-3-4b,5e09da3b-01c1-44a1-8893-0d0f5174e870,Qwen/Qwen2.5-7B-Instruct,mistralai/Mistral-7B-Instruct-v0.3,Empathic Understanding,Exploration,tie,tie
single/phi-4-mini,5e09da3b-01c1-44a1-8893-0d0f5174e870,Qwen/Qwen2.5-7B-Instruct,mistralai/Mistral-7B-Instruct-v0.3,Empathic Understanding,Exploration,y,mistralai/Mistral-7B-Instruct-v0.3
sc/phi-4-mini,5e09da3b-01c1-44a1-8893-0d0f5174e870,Qwen/Qwen2.5-7B-Instruct,mistralai/Mistral-7B-Instruct-v0.3,Empathic Understanding,Exploration,tie,tie
ensemble_single,5e09da3b-01c1-44a1-8893-0d0f5174e870,Qwen/Qwen2.5-7B-Instruct,mistralai/Mistral-7B-Instruct-v0.3,Empathic Understanding,Exploration,tie,tie
ensemble_sc,5e09da3b-01c1-44a1-8893-0d0f5174e870,Qwen/Qwen2.5-7B-Instruct,mistralai/Mistral-7B-Instruct-v0.3,Empathic Understanding,Exploration,tie,tie
single/gemma-3-4b,5e09da3b-01c1-44a1-8893-0d0f5174e870,Qwen/Qwen2.5-7B-Instruct,mistralai/Mistral-7B-Instruct-v0.3,Encouragement of Emotional Expression,Exploration,x,Qwen/Qwen2.5-7B-Instruct
sc/gemma-3-4b,5e09da3b-01c1-44a1-8893-0d0f5174e870,Qwen/Qwen2.5-7B-Instruct,mistralai/Mistral-7B-Instruct-v0.3,Encouragement of Emotional Expression,Exploration,x,Qwen/Qwen2.5-7B-Instruct
single/phi-4-mini,5e09da3b-01c1-44a1-8893-0d0f5174e870,Qwen/Qwen2.5-7B-Instruct,mistralai/Mistral-7B-Instruct-v0.3,Encouragement of Emotional Expression,Exploration,y,mistralai/Mistral-7B-Instruct-v0.3
sc/phi-4-mini,5e09da3b-01c1-44a1-8893-0d0f5174e870,Qwen/Qwen2.5-7B-Instruct,mistralai/Mistral-7B-Instruct-v0.3,Encouragement of Emotional Expression,Exploration,tie,tie
ensemble_single,5e09da3b-01c1-44a1-8893-0d0f5174e870,Qwen/Qwen2.5-7B-Instruct,mistralai/Mistral-7B-Instruct-v0.3,Encouragement of Emotional Expression,Exploration,tie,tie
ensemble_sc,5e09da3b-01c1-44a1-8893-0d0f5174e870,Qwen/Qwen2.5-7B-Instruct,mistralai/Mistral-7B-Instruct-v0.3,Encouragement of Emotional Expression,Exploration,tie,tie
single/gemma-3-4b,5e09da3b-01c1-44a1-8893-0d0f5174e870,Qwen/Qwen2.5-7B-Instruct,mistralai/Mistral-7B-Instruct-v0.3,Exploration of Thoughts and Narratives,Exploration,x,Qwen/Qwen2.5-7B-Instruct
sc/gemma-3-4b,5e09da3b-01c1-44a1-8893-0d0f5174e870,Qwen/Qwen2.5-7B-Instruct,mistralai/Mistral-7B-Instruct-v0.3,Exploration of Thoughts and Narratives,Exploration,x,Qwen/Qwen2.5-7B-Instruct
single/phi-4-mini,5e09da3b-01c1-44a1-8893-0d0f5174e870,Qwen/Qwen2.5-7B-Instruct,mistralai/Mistral-7B-Instruct-v0.3,Exploration of Thoughts and Narratives,Exploration,tie,tie
sc/phi-4-mini,5e09da3b-01c1-44a1-8893-0d0f5174e870,Qwen/Qwen2.5-7B-Instruct,mistralai/Mistral-7B-Instruct-v0.3,Exploration of Thoughts and Narratives,Exploration,tie,tie
ensemble_single,5e09da3b-01c1-44a1-8893-0d0f5174e870,Qwen/Qwen2.5-7B-Instruct,mistralai/Mistral-7B-Instruct-v0.3,Exploration of Thoughts and Narratives,Exploration,tie,tie
ensemble_sc,5e09da3b-01c1-44a1-8893-0d0f5174e870,Qwen/Qwen2.5-7B-Instruct,mistralai/Mistral-7B-Instruct-v0.3,Exploration of Thoughts and Narratives,Exploration,tie,tie
single/gemma-3-4b,5e09da3b-01c1-44a1-8893-0d0f5174e870,Qwen/Qwen2.5-7B-Instruct,mistralai/Mistral-7B-Instruct-v0.3,Establish a Trusting Foundation,Insight,x,Qwen/Qwen2.5-7B-Instruct
sc/gemma-3-4b,5e09da3b-01c1-44a1-8893-0d0f5174e870,Qwen/Qwen2.5-7B-Instruct,mistralai/Mistral-7B-Instruct-v0.3,Establish a Trusting Foundation,Insight,x,Qwen/Qwen2.5-7B-Instruct
single/phi-4-mini,5e09da3b-01c1-44a1-8893-0d0f5174e870,Qwen/Qwen2.5-7B-Instruct,mistralai/Mistral-7B-Instruct-v0.3,Establish a Trusting Foundation,Insight,tie,tie
sc/phi-4-mini,5e09da3b-01c1-44a1-8893-0d0f5174e870,Qwen/Qwen2.5-7B-Instruct,mistralai/Mistral-7B-Instruct-v0.3,Establish a Trusting Foundation,Insight,tie,tie
ensemble_single,5e09da3b-01c1-44a1-8893-0d0f5174e870,Qwen/Qwen2.5-7B-Instruct,mistralai/Mistral-7B-Instruct-v0.3,Establish a Trusting Foundation,Insight,tie,tie
ensemble_sc,5e09da3b-01c1-44a1-8893-0d0f5174e870,Qwen/Qwen2.5-7B-Instruct,mistralai/Mistral-7B-Instruct-v0.3,Establish a Trusting Foundation,Insight,tie,tie
single/gemma-3-4b,5e09da3b-01c1-44a1-8893-0d0f5174e870,Qwen/Qwen2.5-7B-Instruct,mistralai/Mistral-7B-Instruct-v0.3,Assess Readiness for Insight,Insight,x,Qwen/Qwen2.5-7B-Instruct
sc/gemma-3-4b,5e09da3b-01c1-44a1-8893-0d0f5174e870,Qwen/Qwen2.5-7B-Instruct,mistralai/Mistral-7B-Instruct-v0.3,Assess Readiness for Insight,Insight,x,Qwen/Qwen2.5-7B-Instruct
single/phi-4-mini,5e09da3b-01c1-44a1-8893-0d0f5174e870,Qwen/Qwen2.5-7B-Instruct,mistralai/Mistral-7B-Instruct-v0.3,Assess Readiness for Insight,Insight,,
sc/phi-4-mini,5e09da3b-01c1-44a1-8893-0d0f5174e870,Qwen/Qwen2.5-7B-Instruct,mistralai/Mistral-7B-Instruct-v0.3,Assess Readiness for Insight,Insight,,
ensemble_single,5e09da3b-01c1-44a1-8893-0d0f5174e870,Qwen/Qwen2.5-7B-Instruct,mistralai/Mistral-7B-Instruct-v0.3,Assess Readiness for Insight,Insight,,
ensemble_sc,5e09da3b-01c1-44a1-8893-0d0f5174e870,Qwen/Qwen2.5-7B-Instruct,mistralai/Mistral-7B-Instruct-v0.3,Assess Readiness for Insight,Insight,,
single/gemma-3-4b,5e09da3b-01c1-44a1-8893-0d0f5174e870,Qwen/Qwen2.5-7B-Instruct,mistralai/Mistral-7B-Instruct-v0.3,Use Gentle Challenges and Interpretations,Insight,x,Qwen/Qwen2.5-7B-Instruct
sc/gemma-3-4b,5e09da3b-01c1-44a1-8893-0d0f5174e870,Qwen/Qwen2.5-7B-Instruct,mistralai/Mistral-7B-Instruct-v0.3,Use Gentle Challenges and Interpretations,Insight,x,Qwen/Qwen2.5-7B-Instruct
single/phi-4-mini,5e09da3b-01c1-44a1-8893-0d0f5174e870,Qwen/Qwen2.5-7B-Instruct,mistralai/Mistral-7B-Instruct-v0.3,Use Gentle Challenges and Interpretations,Insight,,
sc/phi-4-mini,5e09da3b-01c1-44a1-8893-0d0f5174e870,Qwen/Qwen2.5-7B-Instruct,mistralai/Mistral-7B-Instruct-v0.3,Use Gentle Challenges and Interpretations,Insight,,
ensemble_single,5e09da3b-01c1-44a1-8893-0d0f5174e870,Qwen/Qwen2.5-7B-Instruct,mistralai/Mistral-7B-Instruct-v0.3,Use Gentle Challenges and Interpretations,Insight,,
ensemble_sc,5e09da3b-01c1-44a1-8893-0d0f5174e870,Qwen/Qwen2.5-7B-Instruct,mistralai/Mistral-7B-Instruct-v0.3,Use Gentle Challenges and Interpretations,Insight,,
single/gemma-3-4b,5e09da3b-01c1-44a1-8893-0d0f5174e870,Qwen/Qwen2.5-7B-Instruct,mistralai/Mistral-7B-Instruct-v0.3,Clarify the Desired Change,Action,x,Qwen/Qwen2.5-7B-Instruct
sc/gemma-3-4b,5e09da3b-01c1-44a1-8893-0d0f5174e870,Qwen/Qwen2.5-7B-Instruct,mistralai/Mistral-7B-Instruct-v0.3,Clarify the Desired Change,Action,x,Qwen/Qwen2.5-7B-Instruct
single/phi-4-mini,5e09da3b-01c1-44a1-8893-0d0f5174e870,Qwen/Qwen2.5-7B-Instruct,mistralai/Mistral-7B-Instruct-v0.3,Clarify the Desired Change,Action,,
sc/phi-4-mini,5e09da3b-01c1-44a1-8893-0d0f5174e870,Qwen/Qwen2.5-7B-Instruct,mistralai/Mistral-7B-Instruct-v0.3,Clarify the Desired Change,Action,,
ensemble_single,5e09da3b-01c1-44a1-8893-0d0f5174e870,Qwen/Qwen2.5-7B-Instruct,mistralai/Mistral-7B-Instruct-v0.3,Clarify the Desired Change,Action,,
ensemble_sc,5e09da3b-01c1-44a1-8893-0d0f5174e870,Qwen/Qwen2.5-7B-Instruct,mistralai/Mistral-7B-Instruct-v0.3,Clarify the Desired Change,Action,,
single/gemma-3-4b,5e09da3b-01c1-44a1-8893-0d0f5174e870,Qwen/Qwen2.5-7B-Instruct,mistralai/Mistral-7B-Instruct-v0.3,Ensure Readiness and Collaboration,Action,x,Qwen/Qwen2.5-7B-Instruct
sc/gemma-3-4b,5e09da3b-01c1-44a1-8893-0d0f5174e870,Qwen/Qwen2.5-7B-Instruct,mistralai/Mistral-7B-Instruct-v0.3,Ensure Readiness and Collaboration,Action,x,Qwen/Qwen2.5-7B-Instruct
single/phi-4-mini,5e09da3b-01c1-44a1-8893-0d0f5174e870,Qwen/Qwen2.5-7B-Instruct,mistralai/Mistral-7B-Instruct-v0.3,Ensure Readiness and Collaboration,Action,,
sc/phi-4-mini,5e09da3b-01c1-44a1-8893-0d0f5174e870,Qwen/Qwen2.5-7B-Instruct,mistralai/Mistral-7B-Instruct-v0.3,Ensure Readiness and Collaboration,Action,,
ensemble_single,5e09da3b-01c1-44a1-8893-0d0f5174e870,Qwen/Qwen2.5-7B-Instruct,mistralai/Mistral-7B-Instruct-v0.3,Ensure Readiness and Collaboration,Action,,
ensemble_sc,5e09da3b-01c1-44a1-8893-0d0f5174e870,Qwen/Qwen2.5-7B-Instruct,mistralai/Mistral-7B-Instruct-v0.3,Ensure Readiness and Collaboration,Action,,
single/gemma-3-4b,5e09da3b-01c1-44a1-8893-0d0f5174e870,Qwen/Qwen2.5-7B-Instruct,mistralai/Mistral-7B-Instruct-v0.3,Brainstorm and Evaluate Options,Action,x,Qwen/Qwen2.5-7B-Instruct
sc/gemma-3-4b,5e09da3b-01c1-44a1-8893-0d0f5174e870,Qwen/Qwen2.5-7B-Instruct,mistralai/Mistral-7B-Instruct-v0.3,Brainstorm and Evaluate Options,Action,x,Qwen/Qwen2.5-7B-Instruct
single/phi-4-mini,5e09da3b-01c1-44a1-8893-0d0f5174e870,Qwen/Qwen2.5-7B-Instruct,mistralai/Mistral-7B-Instruct-v0.3,Brainstorm and Evaluate Options,Action,,
sc/phi-4-mini,5e09da3b-01c1-44a1-8893-0d0f5174e870,Qwen/Qwen2.5-7B-Instruct,mistralai/Mistral-7B-Instruct-v0.3,Brainstorm and Evaluate Options,Action,,
ensemble_single,5e09da3b-01c1-44a1-8893-0d0f5174e870,Qwen/Qwen2.5-7B-Instruct,mistralai/Mistral-7B-Instruct-v0.3,Brainstorm and Evaluate Options,Action,,
ensemble_sc,5e09da3b-01c1-44a1-8893-0d0f5174e870,Qwen/Qwen2.5-7B-Instruct,mistralai/Mistral-7B-Instruct-v0.3,Brainstorm and Evaluate Options,Action,,
single/gemma-3-4b,61ed8a64-ec8b-47c8-86f6-a5df1821d8e9,Qwen/Qwen2.5-7B-Instruct,mistralai/Mistral-7B-Instruct-v0.3,Empathic Understanding,Exploration,y,mistralai/Mistral-7B-Instruct-v0.3
sc/gemma-3-4b,61ed8a64-ec8b-47c8-86f6-a5df1821d8e9,Qwen/Qwen2.5-7B-Instruct,mistralai/Mistral-7B-Instruct-v0.3,Empathic Understanding,Exploration,tie,tie
single/phi-4-mini,61ed8a64-ec8b-47c8-86f6-a5df1821d8e9,Qwen/Qwen2.5-7B-Instruct,mistralai/Mistral-7B-Instruct-v0.3,Empathic Understanding,Exploration,x,Qwen/Qwen2.5-7B-Instruct
sc/phi-4-mini,61ed8a64-ec8b-47c8-86f6-a5df1821d8e9,Qwen/Qwen2.5-7B-Instruct,mistralai/Mistral-7B-Instruct-v0.3,Empathic Understanding,Exploration,tie,tie
ensemble_single,61ed8a64-ec8b-47c8-86f6-a5df1821d8e9,Qwen/Qwen2.5-7B-Instruct,mistralai/Mistral-7B-Instruct-v0.3,Empathic Understanding,Exploration,tie,tie
ensemble_sc,61ed8a64-ec8b-47c8-86f6-a5df1821d8e9,Qwen/Qwen2.5-7B-Instruct,mistralai/Mistral-7B-Instruct-v0.3,Empathic Understanding,Exploration,tie,tie
single/gemma-3-4b,61ed8a64-ec8b-47c8-86f6-a5df1821d8e9,Qwen/Qwen2.5-7B-Instruct,mistralai/Mistral-7B-Instruct-v0.3,Encouragement of Emotional Expression,Exploration,x,Qwen/Qwen2.5-7B-Instruct
sc/gemma-3-4b,61ed8a64-ec8b-47c8-86f6-a5df1821d8e9,Qwen/Qwen2.5-7B-Instruct,mistralai/Mistral-7B-Instruct-v0.3,Encouragement of Emotional Expression,Exploration,x,Qwen/Qwen2.5-7B-Instruct
single/phi-4-mini,61ed8a64-ec8b-47c8-86f6-a5df1821d8e9,Qwen/Qwen2.5-7B-Instruct,mistralai/Mistral-7B-Instruct-v0.3,Encouragement of Emotional Expression,Exploration,x,Qwen/Qwen2.5-7B-Instruct
sc/phi-4-mini,61ed8a64-ec8b-47c8-86f6-a5df1821d8e9,Qwen/Qwen2.5-7B-Instruct,mistralai/Mistral-7B-Instruct-v0.3,Encouragement of Emotional Expression,Exploration,tie,tie
ensemble_single,61ed8a64-ec8b-47c8-86f6-a5df1821d8e9,Qwen/Qwen2.5-7B-Instruct,mistralai/Mistral-7B-Instruct-v0.3,Encouragement of Emotional Expression,Exploration,x,Qwen/Qwen2.5-7B-Instruct
ensemble_sc,61ed8a64-ec8b-47c8-86f6-a5df1821d8e9,Qwen/Qwen2.5-7B-Instruct,mistralai/Mistral-7B-Instruct-v0.3,Encouragement of Emotional Expression,Exploration,tie,tie
single/gemma-3-4b,61ed8a64-ec8b-47c8-86f6-a5df1821d8e9,Qwen/Qwen2.5-7B-Instruct,mistralai/Mistral-7B-Instruct-v0.3,Exploration of Thoughts and Narratives,Exploration,x,Qwen/Qwen2.5-7B-Instruct
sc/gemma-3-4b,61ed8a64-ec8b-47c8-86f6-a5df1821d8e9,Qwen/Qwen2.5-7B-Instruct,mistralai/Mistral-7B-Instruct-v0.3,Exploration of Thoughts and Narratives,Exploration,x,Qwen/Qwen2.5-7B-Instruct
single/phi-4-mini,61ed8a64-ec8b-47c8-86f6-a5df1821d8e9,Qwen/Qwen2.5-7B-Instruct,mistralai/Mistral-7B-Instruct-v0.3,Exploration of Thoughts and Narratives,Exploration,tie,tie
sc/phi-4-mini,61ed8a64-ec8b-47c8-86f6-a5df1821d8e9,Qwen/Qwen2.5-7B-Instruct,mistralai/Mistral-7B-Instruct-v0.3,Exploration of Thoughts and Narratives,Exploration,tie,tie
ensemble_single,61ed8a64-ec8b-47c8-86f6-a5df1821d8e9,Qwen/Qwen2.5-7B-Instruct,mistralai/Mistral-7B-Instruct-v0.3,Exploration of Thoughts and Narratives,Exploration,tie,tie
ensemble_sc,61ed8a64-ec8b-47c8-86f6-a5df1821d8e9,Qwen/Qwen2.5-7B-Instruct,mistralai/Mistral-7B-Instruct-v0.3,Exploration of Thoughts and Narratives,Exploration,tie,tie
single/gemma-3-4b,61ed8a64-ec8b-47c8-86f6-a5df1821d8e9,Qwen/Qwen2.5-7B-Instruct,mistralai/Mistral-7B-Instruct-v0.3,Establish a Trusting Foundation,Insight,tie,tie
sc/gemma-3-4b,61ed8a64-ec8b-47c8-86f6-a5df1821d8e9,Qwen/Qwen2.5-7B-Instruct,mistralai/Mistral-7B-Instruct-v0.3,Establish a Trusting Foundation,Insight,tie,tie
single/phi-4-mini,61ed8a64-ec8b-47c8-86f6-a5df1821d8e9,Qwen/Qwen2.5-7B-Instruct,mistralai/Mistral-7B-Instruct-v0.3,Establish a Trusting Foundation,Insight,tie,tie
sc/phi-4-mini,61ed8a64-ec8b-47c8-86f6-a5df1821d8e9,Qwen/Qwen2.5-7B-Instruct,mistralai/Mistral-7B-Instruct-v0.3,Establish a Trusting Foundation,Insight,tie,tie
ensemble_single,61ed8a64-ec8b-47c8-86f6-a5df1821d8e9,Qwen/Qwen2.5-7B-Instruct,mistralai/Mistral-7B-Instruct-v0.3,Establish a Trusting Foundation,Insight,tie,tie
ensemble_sc,61ed8a64-ec8b-47c8-86f6-a5df1821d8e9,Qwen/Qwen2.5-7B-Instruct,mistralai/Mistral-7B-Instruct-v0.3,Establish a Trusting Foundation,Insight,tie,tie
single/gemma-3-4b,61ed8a64-ec8b-47c8-86f6-a5df1821d8e9,Qwen/Qwen2.5-7B-Instruct,mistralai/Mistral-7B-Instruct-v0.3,Assess Readiness for Insight,Insight,x,Qwen/Qwen2.5-7B-Instruct
sc/gemma-3-4b,61ed8a64-ec8b-47c8-86f6-a5df1821d8e9,Qwen/Qwen2.5-7B-Instruct,mistralai/Mistral-7B-Instruct-v0.3,Assess Readiness for Insight,Insight,tie,tie
single/phi-4-mini,61ed8a64-ec8b-47c8-86f6-a5df1821d8e9,Qwen/Qwen2.5-7B-Instruct,mistralai/Mistral-7B-Instruct-v0.3,Assess Readiness for Insight,Insight,tie,tie
sc/phi-4-mini,61ed8a64-ec8b-47c8-86f6-a5df1821d8e9,Qwen/Qwen2.5-7B-Instruct,mistralai/Mistral-7B-Instruct-v0.3,Assess Readiness for Insight,Insight,tie,tie
ensemble_single,61ed8a64-ec8b-47c8-86f6-a5df1821d8e9,Qwen/Qwen2.5-7B-Instruct,mistralai/Mistral-7B-Instruct-v0.3,Assess Readiness for Insight,Insight,tie,tie
ensemble_sc,61ed8a64-ec8b-47c8-86f6-a5df1821d8e9,Qwen/Qwen2.5-7B-Instruct,mistralai/Mistral-7B-Instruct-v0.3,Assess Readiness for Insight,Insight,tie,tie
single/gemma-3-4b,61ed8a64-ec8b-47c8-86f6-a5df1821d8e9,Qwen/Qwen2.5-7B-Instruct,mistralai/Mistral-7B-Instruct-v0.3,Use Gentle Challenges and Interpretations,Insight,x,Qwen/Qwen2.5-7B-Instruct
sc/gemma-3-4b,61ed8a64-ec8b-47c8-86f6-a5df1821d8e9,Qwen/Qwen2.5-7B-Instruct,mistralai/Mistral-7B-Instruct-v0.3,Use Gentle Challenges and Interpretations,Insight,x,Qwen/Qwen2.5-7B-Instruct
single/phi-4-mini,61ed8a64-ec8b-47c8-86f6-a5df1821d8e9,Qwen/Qwen2.5-7B-Instruct,mistralai/Mistral-7B-Instruct-v0.3,Use Gentle Challenges and Interpretations,Insight,x,Qwen/Qwen2.5-7B-Instruct
sc/phi-4-mini,61ed8a64-ec8b-47c8-86f6-a5df1821d8e9,Qwen/Qwen2.5-7B-Instruct,mistralai/Mistral-7B-Instruct-v0.3,Use Gentle Challenges and Interpretations,Insight,tie,tie
ensemble_single,61ed8a64-ec8b-47c8-86f6-a5df1821d8e9,Qwen/Qwen2.5-7B-Instruct,mistralai/Mistral-7B-Instruct-v0.3,Use Gentle Challenges and Interpretations,Insight,x,Qwen/Qwen2.5-7B-Instruct
ensemble_sc,61ed8a64-ec8b-47c8-86f6-a5df1821d8e9,Qwen/Qwen2.5-7B-Instruct,mistralai/Mistral-7B-Instruct-v0.3,Use Gentle Challenges and Interpretations,Insight,tie,tie
single/gemma-3-4b,61ed8a64-ec8b-47c8-86f6-a5df1821d8e9,Qwen/Qwen2.5-7B-Instruct,mistralai/Mistral-7B-Instruct-v0.3,Clarify the Desired Change,Action,x,Qwen/Qwen2.5-7B-Instruct
sc/gemma-3-4b,61ed8a64-ec8b-47c8-86f6-a5df1821d8e9,Qwen/Qwen2.5-7B-Instruct,mistralai/Mistral-7B-Instruct-v0.3,Clarify the Desired Change,Action,x,Qwen/Qwen2.5-7B-Instruct
single/phi-4-mini,61ed8a64-ec8b-47c8-86f6-a5df1821d8e9,Qwen/Qwen2.5-7B-Instruct,mistralai/Mistral-7B-Instruct-v0.3,Clarify the Desired Change,Action,tie,tie
sc/phi-4-mini,61ed8a64-ec8b-47c8-86f6-a5df1821d8e9,Qwen/Qwen2.5-7B-Instruct,mistralai/Mistral-7B-Instruct-v0.3,Clarify the Desired Change,Action,tie,tie
ensemble_single,61ed8a64-ec8b-47c8-86f6-a5df1821d8e9,Qwen/Qwen2.5-7B-Instruct,mistralai/Mistral-7B-Instruct-v0.3,Clarify the Desired Change,Action,tie,tie
ensemble_sc,61ed8a64-ec8b-47c8-86f6-a5df1821d8e9,Qwen/Qwen2.5-7B-Instruct,mistralai/Mistral-7B-Instruct-v0.3,Clarify the Desired Change,Action,tie,tie
single/gemma-3-4b,61ed8a64-ec8b-47c8-86f6-a5df1821d8e9,Qwen/Qwen2.5-7B-Instruct,mistralai/Mistral-7B-Instruct-v0.3,Ensure Readiness and Collaboration,Action,x,Qwen/Qwen2.5-7B-Instruct
sc/gemma-3-4b,61ed8a64-ec8b-47c8-86f6-a5df1821d8e9,Qwen/Qwen2.5-7B-Instruct,mistralai/Mistral-7B-Instruct-v0.3,Ensure Readiness and Collaboration,Action,x,Qwen/Qwen2.5-7B-Instruct
single/phi-4-mini,61ed8a64-ec8b-47c8-86f6-a5df1821d8e9,Qwen/Qwen2.5-7B-Instruct,mistralai/Mistral-7B-Instruct-v0.3,Ensure Readiness and Collaboration,Action,tie,tie
sc/phi-4-mini,61ed8a64-ec8b-47c8-86f6-a5df1821d8e9,Qwen/Qwen2.5-7B-Instruct,mistralai/Mistral-7B-Instruct-v0.3,Ensure Readiness and Collaboration,Action,tie,tie
ensemble_single,61ed8a64-ec8b-47c8-86f6-a5df1821d8e9,Qwen/Qwen2.5-7B-Instruct,mistralai/Mistral-7B-Instruct-v0.3,Ensure Readiness and Collaboration,Action,tie,tie
ensemble_sc,61ed8a64-ec8b-47c8-86f6-a5df1821d8e9,Qwen/Qwen2.5-7B-Instruct,mistralai/Mistral-7B-Instruct-v0.3,Ensure Readiness and Collaboration,Action,tie,tie
single/gemma-3-4b,61ed8a64-ec8b-47c8-86f6-a5df1821d8e9,Qwen/Qwen2.5-7B-Instruct,mistralai/Mistral-7B-Instruct-v0.3,Brainstorm and Evaluate Options,Action,tie,tie
sc/gemma-3-4b,61ed8a64-ec8b-47c8-86f6-a5df1821d8e9,Qwen/Qwen2.5-7B-Instruct,mistralai/Mistral-7B-Instruct-v0.3,Brainstorm and Evaluate Options,Action,tie,tie
single/phi-4-mini,61ed8a64-ec8b-47c8-86f6-a5df1821d8e9,Qwen/Qwen2.5-7B-Instruct,mistralai/Mistral-7B-Instruct-v0.3,Brainstorm and Evaluate Options,Action,tie,tie
sc/phi-4-mini,61ed8a64-ec8b-47c8-86f6-a5df1821d8e9,Qwen/Qwen2.5-7B-Instruct,mistralai/Mistral-7B-Instruct-v0.3,Brainstorm and Evaluate Options,Action,tie,tie
ensemble_single,61ed8a64-ec8b-47c8-86f6-a5df1821d8e9,Qwen/Qwen2.5-7B-Instruct,mistralai/Mistral-7B-Instruct-v0.3,Brainstorm and Evaluate Options,Action,tie,tie
ensemble_sc,61ed8a64-ec8b-47c8-86f6-a5df1821d8e9,Qwen/Qwen2.5-7B-Instruct,mistralai/Mistral-7B-Instruct-v0.3,Brainstorm and Evaluate Options,Action,tie,tie
single/gemma-3-4b,6a1a68ac-511b-4437-bd1f-0035c0a584e6,Qwen/Qwen2.5-7B-Instruct,mistralai/Mistral-7B-Instruct-v0.3,Empathic Understanding,Exploration,x,Qwen/Qwen2.5-7B-Instruct
sc/gemma-3-4b,6a1a68ac-511b-4437-bd1f-0035c0a584e6,Qwen/Qwen2.5-7B-Instruct,mistralai/Mistral-7B-Instruct-v0.3,Empathic Understanding,Exploration,tie,tie
single/phi-4-mini,6a1a68ac-511b-4437-bd1f-0035c0a584e6,Qwen/Qwen2.5-7B-Instruct,mistralai/Mistral-7B-Instruct-v0.3,Empathic Understanding,Exploration,,
sc/phi-4-mini,6a1a68ac-511b-4437-bd1f-0035c0a584e6,Qwen/Qwen2.5-7B-Instruct,mistralai/Mistral-7B-Instruct-v0.3,Empathic Understanding,Exploration,,
ensemble_single,6a1a68ac-511b-4437-bd1f-0035c0a584e6,Qwen/Qwen2.5-7B-Instruct,mistralai/Mistral-7B-Instruct-v0.3,Empathic Understanding,Exploration,,
ensemble_sc,6a1a68ac-511b-4437-bd1f-0035c0a584e6,Qwen/Qwen2.5-7B-Instruct,mistralai/Mistral-7B-Instruct-v0.3,Empathic Understanding,Exploration,,
single/gemma-3-4b,6a1a68ac-511b-4437-bd1f-0035c0a584e6,Qwen/Qwen2.5-7B-Instruct,mistralai/Mistral-7B-Instruct-v0.3,Encouragement of Emotional Expression,Exploration,x,Qwen/Qwen2.5-7B-Instruct
sc/gemma-3-4b,6a1a68ac-511b-4437-bd1f-0035c0a584e6,Qwen/Qwen2.5-7B-Instruct,mistralai/Mistral-7B-Instruct-v0.3,Encouragement of Emotional Expression,Exploration,tie,tie
single/phi-4-mini,6a1a68ac-511b-4437-bd1f-0035c0a584e6,Qwen/Qwen2.5-7B-Instruct,mistralai/Mistral-7B-Instruct-v0.3,Encouragement of Emotional Expression,Exploration,,
sc/phi-4-mini,6a1a68ac-511b-4437-bd1f-0035c0a584e6,Qwen/Qwen2.5-7B-Instruct,mistralai/Mistral-7B-Instruct-v0.3,Encouragement of Emotional Expression,Exploration,,
ensemble_single,6a1a68ac-511b-4437-bd1f-0035c0a584e6,Qwen/Qwen2.5-7B-Instruct,mistralai/Mistral-7B-Instruct-v0.3,Encouragement of Emotional Expression,Exploration,,
ensemble_sc,6a1a68ac-511b-4437-bd1f-0035c0a584e6,Qwen/Qwen2.5-7B-Instruct,mistralai/Mistral-7B-Instruct-v0.3,Encouragement of Emotional Expression,Exploration,,
single/gemma-3-4b,6a1a68ac-511b-4437-bd1f-0035c0a584e6,Qwen/Qwen2.5-7B-Instruct,mistralai/Mistral-7B-Instruct-v0.3,Exploration of Thoughts and Narratives,Exploration,x,Qwen/Qwen2.5-7B-Instruct
sc/gemma-3-4b,6a1a68ac-511b-4437-bd1f-0035c0a584e6,Qwen/Qwen2.5-7B-Instruct,mistralai/Mistral-7B-Instruct-v0.3,Exploration of Thoughts and Narratives,Exploration,tie,tie
single/phi-4-mini,6a1a68ac-511b-4437-bd1f-0035c0a584e6,Qwen/Qwen2.5-7B-Instruct,mistralai/Mistral-7B-Instruct-v0.3,Exploration of Thoughts and Narratives,Exploration,,
sc/phi-4-mini,6a1a68ac-511b-4437-bd1f-0035c0a584e6,Qwen/Qwen2.5-7B-Instruct,mistralai/Mistral-7B-Instruct-v0.3,Exploration of Thoughts and Narratives,Exploration,,
ensemble_single,6a1a68ac-511b-4437-bd1f-0035c0a584e6,Qwen/Qwen2.5-7B-Instruct,mistralai/Mistral-7B-Instruct-v0.3,Exploration of Thoughts and Narratives,Exploration,,
ensemble_sc,6a1a68ac-511b-4437-bd1f-0035c0a584e6,Qwen/Qwen2.5-7B-Instruct,mistralai/Mistral-7B-Instruct-v0.3,Exploration of Thoughts and Narratives,Exploration,,
single/gemma-3-4b,6a1a68ac-511b-4437-bd1f-0035c0a584e6,Qwen/Qwen2.5-7B-Instruct,mistralai/Mistral-7B-Instruct-v0.3,Establish a Trusting Foundation,Insight,x,Qwen/Qwen2.5-7B-Instruct
sc/gemma-3-4b,6a1a68ac-511b-4437-bd1f-0035c0a584e6,Qwen/Qwen2.5-7B-Instruct,mistralai/Mistral-7B-Instruct-v0.3,Establish a Trusting Foundation,Insight,tie,tie
single/phi-4-mini,6a1a68ac-511b-4437-bd1f-0035c0a584e6,Qwen/Qwen2.5-7B-Instruct,mistralai/Mistral-7B-Instruct-v0.3,Establish a Trusting Foundation,Insight,,
sc/phi-4-mini,6a1a68ac-511b-4437-bd1f-0035c0a584e6,Qwen/Qwen2.5-7B-Instruct,mistralai/Mistral-7B-Instruct-v0.3,Establish a Trusting Foundation,Insight,,
ensemble_single,6a1a68ac-511b-4437-bd1f-0035c0a584e6,Qwen/Qwen2.5-7B-Instruct,mistralai/Mistral-7B-Instruct-v0.3,Establish a Trusting Foundation,Insight,,
ensemble_sc,6a1a68ac-511b-4437-bd1f-0035c0a584e6,Qwen/Qwen2.5-7B-Instruct,mistralai/Mistral-7B-Instruct-v0.3,Establish a Trusting Foundation,Insight,,
single/gemma-3-4b,6a1a68ac-511b-4437-bd1f-0035c0a584e6,Qwen/Qwen2.5-7B-Instruct,mistralai/Mistral-7B-Instruct-v0.3,Assess Readiness for Insight,Insight,x,Qwen/Qwen2.5-7B-Instruct
sc/gemma-3-4b,6a1a68ac-511b-4437-bd1f-0035c0a584e6,Qwen/Qwen2.5-7B-Instruct,mistralai/Mistral-7B-Instruct-v0.3,Assess Readiness for Insight,Insight,tie,tie
single/phi-4-mini,6a1a68ac-511b-4437-bd1f-0035c0a584e6,Qwen/Qwen2.5-7B-Instruct,mistralai/Mistral-7B-Instruct-v0.3,Assess Readiness for Insight,Insight,,
sc/phi-4-mini,6a1a68ac-511b-4437-bd1f-0035c0a584e6,Qwen/Qwen2.5-7B-Instruct,mistralai/Mistral-7B-Instruct-v0.3,Assess Readiness for Insight,Insight,,
ensemble_single,6a1a68ac-511b-4437-bd1f-0035c0a584e6,Qwen/Qwen2.5-7B-Instruct,mistralai/Mistral-7B-Instruct-v0.3,Assess Readiness for Insight,Insight,,
ensemble_sc,6a1a68ac-511b-4437-bd1f-0035c0a584e6,Qwen/Qwen2.5-7B-Instruct,mistralai/Mistral-7B-Instruct-v0.3,Assess Readiness for Insight,Insight,,
single/gemma-3-4b,6a1a68ac-511b-4437-bd1f-0035c0a584e6,Qwen/Qwen2.5-7B-Instruct,mistralai/Mistral-7B-Instruct-v0.3,Use Gentle Challenges and Interpretations,Insight,x,Qwen/Qwen2.5-7B-Instruct
sc/gemma-3-4b,6a1a68ac-511b-4437-bd1f-0035c0a584e6,Qwen/Qwen2.5-7B-Instruct,mistralai/Mistral-7B-Instruct-v0.3,Use Gentle Challenges and Interpretations,Insight,tie,tie
single/phi-4-mini,6a1a68ac-511b-4437-bd1f-0035c0a584e6,Qwen/Qwen2.5-7B-Instruct,mistralai/Mistral-7B-Instruct-v0.3,Use Gentle Challenges and Interpretations,Insight,,
sc/phi-4-mini,6a1a68ac-511b-4437-bd1f-0035c0a584e6,Qwen/Qwen2.5-7B-Instruct,mistralai/Mistral-7B-Instruct-v0.3,Use Gentle Challenges and Interpretations,Insight,,
ensemble_single,6a1a68ac-511b-4437-bd1f-0035c0a584e6,Qwen/Qwen2.5-7B-Instruct,mistralai/Mistral-7B-Instruct-v0.3,Use Gentle Challenges and Interpretations,Insight,,
ensemble_sc,6a1a68ac-511b-4437-bd1f-0035c0a584e6,Qwen/Qwen2.5-7B-Instruct,mistralai/Mistral-7B-Instruct-v0.3,Use Gentle Challenges and Interpretations,Insight,,
single/gemma-3-4b,6a1a68ac-511b-4437-bd1f-0035c0a584e6,Qwen/Qwen2.5-7B-Instruct,mistralai/Mistral-7B-Instruct-v0.3,Clarify the Desired Change,Action,x,Qwen/Qwen2.5-7B-Instruct
sc/gemma-3-4b,6a1a68ac-511b-4437-bd1f-0035c0a584e6,Qwen/Qwen2.5-7B-Instruct,mistralai/Mistral-7B-Instruct-v0.3,Clarify the Desired Change,Action,tie,tie
single/phi-4-mini,6a1a68ac-511b-4437-bd1f-0035c0a584e6,Qwen/Qwen2.5-7B-Instruct,mistralai/Mistral-7B-Instruct-v0.3,Clarify the Desired Change,Action,,
sc/phi-4-mini,6a1a68ac-511b-4437-bd1f-0035c0a584e6,Qwen/Qwen2.5-7B-Instruct,mistralai/Mistral-7B-Instruct-v0.3,Clarify the Desired Change,Action,,
ensemble_single,6a1a68ac-511b-4437-bd1f-0035c0a584e6,Qwen/Qwen2.5-7B-Instruct,mistralai/Mistral-7B-Instruct-v0.3,Clarify the Desired Change,Action,,
ensemble_sc,6a1a68ac-511b-4437-bd1f-0035c0a584e6,Qwen/Qwen2.5-7B-Instruct,mistralai/Mistral-7B-Instruct-v0.3,Clarify the Desired Change,Action,,
single/gemma-3-4b,6a1a68ac-511b-4437-bd1f-0035c0a584e6,Qwen/Qwen2.5-7B-Instruct,mistralai/Mistral-7B-Instruct-v0.3,Ensure Readiness and Collaboration,Action,x,Qwen/Qwen2.5-7B-Instruct
sc/gemma-3-4b,6a1a68ac-511b-4437-bd1f-0035c0a584e6,Qwen/Qwen2.5-7B-Instruct,mistralai/Mistral-7B-Instruct-v0.3,Ensure Readiness and Collaboration,Action,tie,tie
single/phi-4-mini,6a1a68ac-511b-4437-bd1f-0035c0a584e6,Qwen/Qwen2.5-7B-Instruct,mistralai/Mistral-7B-Instruct-v0.3,Ensure Readiness and Collaboration,Action,,
sc/phi-4-mini,6a1a68ac-511b-4437-bd1f-0035c0a584e6,Qwen/Qwen2.5-7B-Instruct,mistralai/Mistral-7B-Instruct-v0.3,Ensure Readiness and Collaboration,Action,,
ensemble_single,6a1a68ac-511b-4437-bd1f-0035c0a584e6,Qwen/Qwen2.5-7B-Instruct,mistralai/Mistral-7B-Instruct-v0.3,Ensure Readiness and Collaboration,Action,,
ensemble_sc,6a1a68ac-511b-4437-bd1f-0035c0a584e6,Qwen/Qwen2.5-7B-Instruct,mistralai/Mistral-7B-Instruct-v0.3,Ensure Readiness and Collaboration,Action,,
single/gemma-3-4b,6a1a68ac-511b-4437-bd1f-0035c0a584e6,Qwen/Qwen2.5-7B-Instruct,mistralai/Mistral-7B-Instruct-v0.3,Brainstorm and Evaluate Options,Action,tie,tie
sc/gemma-3-4b,6a1a68ac-511b-4437-bd1f-0035c0a584e6,Qwen/Qwen2.5-7B-Instruct,mistralai/Mistral-7B-Instruct-v0.3,Brainstorm and Evaluate Options,Action,tie,tie
single/phi-4-mini,6a1a68ac-511b-4437-bd1f-0035c0a584e6,Qwen/Qwen2.5-7B-Instruct,mistralai/Mistral-7B-Instruct-v0.3,Brainstorm and Evaluate Options,Action,,
sc/phi-4-mini,6a1a68ac-511b-4437-bd1f-0035c0a584e6,Qwen/Qwen2.5-7B-Instruct,mistralai/Mistral-7B-Instruct-v0.3,Brainstorm and Evaluate Options,Action,,
ensemble_single,6a1a68ac-511b-4437-bd1f-0035c0a584e6,Qwen/Qwen2.5-7B-Instruct,mistralai/Mistral-7B-Instruct-v0.3,Brainstorm and Evaluate Options,Action,,
ensemble_sc,6a1a68ac-511b-4437-bd1f-0035c0a584e6,Qwen/Qwen2.5-7B-Instruct,mistralai/Mistral-7B-Instruct-v0.3,Brainstorm and Evaluate Options,Action,,
single/gemma-3-4b,6cc1e35d-de66-4fd9-ab7c-324b0cd7f68b,Qwen/Qwen2.5-7B-Instruct,mistralai/Mistral-7B-Instruct-v0.3,Empathic Understanding,Exploration,y,mistralai/Mistral-7B-Instruct-v0.3
sc/gemma-3-4b,6cc1e35d-de66-4fd9-ab7c-324b0cd7f68b,Qwen/Qwen2.5-7B-Instruct,mistralai/Mistral-7B-Instruct-v0.3,Empathic Understanding,Exploration,tie,tie
single/phi-4-mini,6cc1e35d-de66-4fd9-ab7c-324b0cd7f68b,Qwen/Qwen2.5-7B-Instruct,mistralai/Mistral-7B-Instruct-v0.3,Empathic Understanding,Exploration,y,mistralai/Mistral-7B-Instruct-v0.3
sc/phi-4-mini,6cc1e35d-de66-4fd9-ab7c-324b0cd7f68b,Qwen/Qwen2.5-7B-Instruct,mistralai/Mistral-7B-Instruct-v0.3,Empathic Understanding,Exploration,tie,tie
ensemble_single,6cc1e35d-de66-4fd9-ab7c-324b0cd7f68b,Qwen/Qwen2.5-7B-Instruct,mistralai/Mistral-7B-Instruct-v0.3,Empathic Understanding,Exploration,y,mistralai/Mistral-7B-Instruct-v0.3
ensemble_sc,6cc1e35d-de66-4fd9-ab7c-324b0cd7f68b,Qwen/Qwen2.5-7B-Instruct,mistralai/Mistral-7B-Instruct-v0.3,Empathic Understanding,Exploration,tie,tie
single/gemma-3-4b,6cc1e35d-de66-4fd9-ab7c-324b0cd7f68b,Qwen/Qwen2.5-7B-Instruct,mistralai/Mistral-7B-Instruct-v0.3,Encouragement of Emotional Expression,Exploration,y,mistralai/Mistral-7B-Instruct-v0.3
sc/gemma-3-4b,6cc1e35d-de66-4fd9-ab7c-324b0cd7f68b,Qwen/Qwen2.5-7B-Instruct,mistralai/Mistral-7B-Instruct-v0.3,Encouragement of Emotional Expression,Exploration,tie,tie
single/phi-4-mini,6cc1e35d-de66-4fd9-ab7c-324b0cd7f68b,Qwen/Qwen2.5-7B-Instruct,mistralai/Mistral-7B-Instruct-v0.3,Encouragement of Emotional Expression,Exploration,y,mistralai/Mistral-7B-Instruct-v0.3
sc/phi-4-mini,6cc1e35d-de66-4fd9-ab7c-324b0cd7f68b,Qwen/Qwen2.5-7B-Instruct,mistralai/Mistral-7B-Instruct-v0.3,Encouragement of Emotional Expression,Exploration,tie,tie
ensemble_single,6cc1e35d-de66-4fd9-ab7c-324b0cd7f68b,Qwen/Qwen2.5-7B-Instruct,mistralai/Mistral-7B-Instruct-v0.3,Encouragement of Emotional Expression,Exploration,y,mistralai/Mistral-7B-Instruct-v0.3
ensemble_sc,6cc1e35d-de66-4fd9-ab7c-324b0cd7f68b,Qwen/Qwen2.5-7B-Instruct,mistralai/Mistral-7B-Instruct-v0.3,Encouragement of Emotional Expression,Exploration,tie,tie
single/gemma-3-4b,6cc1e35d-de66-4fd9-ab7c-324b0cd7f68b,Qwen/Qwen2.5-7B-Instruct,mistralai/Mistral-7B-Instruct-v0.3,Exploration of Thoughts and Narratives,Exploration,y,mistralai/Mistral-7B-Instruct-v0.3
sc/gemma-3-4b,6cc1e35d-de66-4fd9-ab7c-324b0cd7f68b,Qwen/Qwen2.5-7B-Instruct,mistralai/Mistral-7B-Instruct-v0.3,Exploration of Thoughts and Narratives,Exploration,tie,tie
single/phi-4-mini,6cc1e35d-de66-4fd9-ab7c-324b0cd7f68b,Qwen/Qwen2.5-7B-Instruct,mistralai/Mistral-7B-Instruct-v0.3,Exploration of Thoughts and Narratives,Exploration,y,mistralai/Mistral-7B-Instruct-v0.3
sc/phi-4-mini,6cc1e35d-de66-4fd9-ab7c-324b0cd7f68b,Qwen/Qwen2.5-7B-Instruct,mistralai/Mistral-7B-Instruct-v0.3,Exploration of Thoughts and Narratives,Exploration,tie,tie
ensemble_single,6cc1e35d-de66-4fd9-ab7c-324b0cd7f68b,Qwen/Qwen2.5-7B-Instruct,mistralai/Mistral-7B-Instruct-v0.3,Exploration of Thoughts and Narratives,Exploration,y,mistralai/Mistral-7B-Instruct-v0.3
ensemble_sc,6cc1e35d-de66-4fd9-ab7c-324b0cd7f68b,Qwen/Qwen2.5-7B-Instruct,mistralai/Mistral-7B-Instruct-v0.3,Exploration of Thoughts and Narratives,Exploration,tie,tie
single/gemma-3-4b,6cc1e35d-de66-4fd9-ab7c-324b0cd7f68b,Qwen/Qwen2.5-7B-Instruct,mistralai/Mistral-7B-Instruct-v0.3,Establish a Trusting Foundation,Insight,y,mistralai/Mistral-7B-Instruct-v0.3
sc/gemma-3-4b,6cc1e35d-de66-4fd9-ab7c-324b0cd7f68b,Qwen/Qwen2.5-7B-Instruct,mistralai/Mistral-7B-Instruct-v0.3,Establish a Trusting Foundation,Insight,tie,tie
single/phi-4-mini,6cc1e35d-de66-4fd9-ab7c-324b0cd7f68b,Qwen/Qwen2.5-7B-Instruct,mistralai/Mistral-7B-Instruct-v0.3,Establish a Trusting Foundation,Insight,y,mistralai/Mistral-7B-Instruct-v0.3
sc/phi-4-mini,6cc1e35d-de66-4fd9-ab7c-324b0cd7f68b,Qwen/Qwen2.5-7B-Instruct,mistralai/Mistral-7B-Instruct-v0.3,Establish a Trusting Foundation,Insight,tie,tie
ensemble_single,6cc1e35d-de66-4fd9-ab7c-324b0cd7f68b,Qwen/Qwen2.5-7B-Instruct,mistralai/Mistral-7B-Instruct-v0.3,Establish a Trusting Foundation,Insight,y,mistralai/Mistral-7B-Instruct-v0.3
ensemble_sc,6cc1e35d-de66-4fd9-ab7c-324b0cd7f68b,Qwen/Qwen2.5-7B-Instruct,mistralai/Mistral-7B-Instruct-v0.3,Establish a Trusting Foundation,Insight,tie,tie
single/gemma-3-4b,6cc1e35d-de66-4fd9-ab7c-324b0cd7f68b,Qwen/Qwen2.5-7B-Instruct,mistralai/Mistral-7B-Instruct-v0.3,Assess Readiness for Insight,Insight,tie,tie
sc/gemma-3-4b,6cc1e35d-de66-4fd9-ab7c-324b0cd7f68b,Qwen/Qwen2.5-7B-Instruct,mistralai/Mistral-7B-Instruct-v0.3,Assess Readiness for Insight,Insight,tie,tie
single/phi-4-mini,6cc1e35d-de66-4fd9-ab7c-324b0cd7f68b,Qwen/Qwen2.5-7B-Instruct,mistralai/Mistral-7B-Instruct-v0.3,Assess Readiness for Insight,Insight,x,Qwen/Qwen2.5-7B-Instruct
sc/phi-4-mini,6cc1e35d-de66-4fd9-ab7c-324b0cd7f68b,Qwen/Qwen2.5-7B-Instruct,mistralai/Mistral-7B-Instruct-v0.3,Assess Readiness for Insight,Insight,tie,tie
ensemble_single,6cc1e35d-de66-4fd9-ab7c-324b0cd7f68b,Qwen/Qwen2.5-7B-Instruct,mistralai/Mistral-7B-Instruct-v0.3,Assess Readiness for Insight,Insight,tie,tie
ensemble_sc,6cc1e35d-de66-4fd9-ab7c-324b0cd7f68b,Qwen/Qwen2.5-7B-Instruct,mistralai/Mistral-7B-Instruct-v0.3,Assess Readiness for Insight,Insight,tie,tie
single/gemma-3-4b,6cc1e35d-de66-4fd9-ab7c-324b0cd7f68b,Qwen/Qwen2.5-7B-Instruct,mistralai/Mistral-7B-Instruct-v0.3,Use Gentle Challenges and Interpretations,Insight,y,mistralai/Mistral-7B-Instruct-v0.3
sc/gemma-3-4b,6cc1e35d-de66-4fd9-ab7c-324b0cd7f68b,Qwen/Qwen2.5-7B-Instruct,mistralai/Mistral-7B-Instruct-v0.3,Use Gentle Challenges and Interpretations,Insight,tie,tie
single/phi-4-mini,6cc1e35d-de66-4fd9-ab7c-324b0cd7f68b,Qwen/Qwen2.5-7B-Instruct,mistralai/Mistral-7B-Instruct-v0.3,Use Gentle Challenges and Interpretations,Insight,y,mistralai/Mistral-7B-Instruct-v0.3
sc/phi-4-mini,6cc1e35d-de66-4fd9-ab7c-324b0cd7f68b,Qwen/Qwen2.5-7B-Instruct,mistralai/Mistral-7B-Instruct-v0.3,Use Gentle Challenges and Interpretations,Insight,tie,tie
ensemble_single,6cc1e35d-de66-4fd9-ab7c-324b0cd7f68b,Qwen/Qwen2.5-7B-Instruct,mistralai/Mistral-7B-Instruct-v0.3,Use Gentle Challenges and Interpretations,Insight,y,mistralai/Mistral-7B-Instruct-v0.3
ensemble_sc,6cc1e35d-de66-4fd9-ab7c-324b0cd7f68b,Qwen/Qwen2.5-7B-Instruct,mistralai/Mistral-7B-Instruct-v0.3,Use Gentle Challenges and Interpretations,Insight,tie,tie
single/gemma-3-4b,6cc1e35d-de66-4fd9-ab7c-324b0cd7f68b,Qwen/Qwen2.5-7B-Instruct,mistralai/Mistral-7B-Instruct-v0.3,Clarify the Desired Change,Action,y,mistralai/Mistral-7B-Instruct-v0.3
sc/gemma-3-4b,6cc1e35d-de66-4fd9-ab7c-324b0cd7f68b,Qwen/Qwen2.5-7B-Instruct,mistralai/Mistral-7B-Instruct-v0.3,Clarify the Desired Change,Action,tie,tie
single/phi-4-mini,6cc1e35d-de66-4fd9-ab7c-324b0cd7f68b,Qwen/Qwen2.5-7B-Instruct,mistralai/Mistral-7B-Instruct-v0.3,Clarify the Desired Change,Action,tie,tie
sc/phi-4-mini,6cc1e35d-de66-4fd9-ab7c-324b0cd7f68b,Qwen/Qwen2.5-7B-Instruct,mistralai/Mistral-7B-Instruct-v0.3,Clarify the Desired Change,Action,tie,tie
ensemble_single,6cc1e35d-de66-4fd9-ab7c-324b0cd7f68b,Qwen/Qwen2.5-7B-Instruct,mistralai/Mistral-7B-Instruct-v0.3,Clarify the Desired Change,Action,tie,tie
ensemble_sc,6cc1e35d-de66-4fd9-ab7c-324b0cd7f68b,Qwen/Qwen2.5-7B-Instruct,mistralai/Mistral-7B-Instruct-v0.3,Clarify the Desired Change,Action,tie,tie
single/gemma-3-4b,6cc1e35d-de66-4fd9-ab7c-324b0cd7f68b,Qwen/Qwen2.5-7B-Instruct,mistralai/Mistral-7B-Instruct-v0.3,Ensure Readiness and Collaboration,Action,tie,tie
sc/gemma-3-4b,6cc1e35d-de66-4fd9-ab7c-324b0cd7f68b,Qwen/Qwen2.5-7B-Instruct,mistralai/Mistral-7B-Instruct-v0.3,Ensure Readiness and Collaboration,Action,tie,tie
single/phi-4-mini,6cc1e35d-de66-4fd9-ab7c-324b0cd7f68b,Qwen/Qwen2.5-7B-Instruct,mistralai/Mistral-7B-Instruct-v0.3,Ensure Readiness and Collaboration,Action,x,Qwen/Qwen2.5-7B-Instruct
sc/phi-4-mini,6cc1e35d-de66-4fd9-ab7c-324b0cd7f68b,Qwen/Qwen2.5-7B-Instruct,mistralai/Mistral-7B-Instruct-v0.3,Ensure Readiness and Collaboration,Action,tie,tie
ensemble_single,6cc1e35d-de66-4fd9-ab7c-324b0cd7f68b,Qwen/Qwen2.5-7B-Instruct,mistralai/Mistral-7B-Instruct-v0.3,Ensure Readiness and Collaboration,Action,tie,tie
ensemble_sc,6cc1e35d-de66-4fd9-ab7c-324b0cd7f68b,Qwen/Qwen2.5-7B-Instruct,mistralai/Mistral-7B-Instruct-v0.3,Ensure Readiness and Collaboration,Action,tie,tie
single/gemma-3-4b,6cc1e35d-de66-4fd9-ab7c-324b0cd7f68b,Qwen/Qwen2.5-7B-Instruct,mistralai/Mistral-7B-Instruct-v0.3,Brainstorm and Evaluate Options,Action,tie,tie
sc/gemma-3-4b,6cc1e35d-de66-4fd9-ab7c-324b0cd7f68b,Qwen/Qwen2.5-7B-Instruct,mistralai/Mistral-7B-Instruct-v0.3,Brainstorm and Evaluate Options,Action,tie,tie
single/phi-4-mini,6cc1e35d-de66-4fd9-ab7c-324b0cd7f68b,Qwen/Qwen2.5-7B-Instruct,mistralai/Mistral-7B-Instruct-v0.3,Brainstorm and Evaluate Options,Action,y,mistralai/Mistral-7B-Instruct-v0.3
sc/phi-4-mini,6cc1e35d-de66-4fd9-ab7c-324b0cd7f68b,Qwen/Qwen2.5-7B-Instruct,mistralai/Mistral-7B-Instruct-v0.3,Brainstorm and Evaluate Options,Action,tie,tie
ensemble_single,6cc1e35d-de66-4fd9-ab7c-324b0cd7f68b,Qwen/Qwen2.5-7B-Instruct,mistralai/Mistral-7B-Instruct-v0.3,Brainstorm and Evaluate Options,Action,tie,tie
ensemble_sc,6cc1e35d-de66-4fd9-ab7c-324b0cd7f68b,Qwen/Qwen2.5-7B-Instruct,mistralai/Mistral-7B-Instruct-v0.3,Brainstorm and Evaluate Options,Action,tie,tie
single/gemma-3-4b,6d83623e-f6db-46ea-977a-5e70214d53b4,Qwen/Qwen2.5-7B-Instruct,mistralai/Mistral-7B-Instruct-v0.3,Empathic Understanding,Exploration,x,Qwen/Qwen2.5-7B-Instruct
sc/gemma-3-4b,6d83623e-f6db-46ea-977a-5e70214d53b4,Qwen/Qwen2.5-7B-Instruct,mistralai/Mistral-7B-Instruct-v0.3,Empathic Understanding,Exploration,tie,tie
single/phi-4-mini,6d83623e-f6db-46ea-977a-5e70214d53b4,Qwen/Qwen2.5-7B-Instruct,mistralai/Mistral-7B-Instruct-v0.3,Empathic Understanding,Exploration,x,Qwen/Qwen2.5-7B-Instruct
sc/phi-4-mini,6d83623e-f6db-46ea-977a-5e70214d53b4,Qwen/Qwen2.5-7B-Instruct,mistralai/Mistral-7B-Instruct-v0.3,Empathic Understanding,Exploration,x,Qwen/Qwen2.5-7B-Instruct
ensemble_single,6d83623e-f6db-46ea-977a-5e70214d53b4,Qwen/Qwen2.5-7B-Instruct,mistralai/Mistral-7B-Instruct-v0.3,Empathic Understanding,Exploration,x,Qwen/Qwen2.5-7B-Instruct
ensemble_sc,6d83623e-f6db-46ea-977a-5e70214d53b4,Qwen/Qwen2.5-7B-Instruct,mistralai/Mistral-7B-Instruct-v0.3,Empathic Understanding,Exploration,tie,tie
single/gemma-3-4b,6d83623e-f6db-46ea-977a-5e70214d53b4,Qwen/Qwen2.5-7B-Instruct,mistralai/Mistral-7B-Instruct-v0.3,Encouragement of Emotional Expression,Exploration,x,Qwen/Qwen2.5-7B-Instruct
sc/gemma-3-4b,6d83623e-f6db-46ea-977a-5e70214d53b4,Qwen/Qwen2.5-7B-Instruct,mistralai/Mistral-7B-Instruct-v0.3,Encouragement of Emotional Expression,Exploration,tie,tie
single/phi-4-mini,6d83623e-f6db-46ea-977a-5e70214d53b4,Qwen/Qwen2.5-7B-Instruct,mistralai/Mistral-7B-Instruct-v0.3,Encouragement of Emotional Expression,Exploration,,
sc/phi-4-mini,6d83623e-f6db-46ea-977a-5e70214d53b4,Qwen/Qwen2.5-7B-Instruct,mistralai/Mistral-7B-Instruct-v0.3,Encouragement of Emotional Expression,Exploration,,
ensemble_single,6d83623e-f6db-46ea-977a-5e70214d53b4,Qwen/Qwen2.5-7B-Instruct,mistralai/Mistral-7B-Instruct-v0.3,Encouragement of Emotional Expression,Exploration,,
ensemble_sc,6d83623e-f6db-46ea-977a-5e70214d53b4,Qwen/Qwen2.5-7B-Instruct,mistralai/Mistral-7B-Instruct-v0.3,Encouragement of Emotional Expression,Exploration,,
single/gemma-3-4b,6d83623e-f6db-46ea-977a-5e70214d53b4,Qwen/Qwen2.5-7B-Instruct,mistralai/Mistral-7B-Instruct-v0.3,Exploration of Thoughts and Narratives,Exploration,x,Qwen/Qwen2.5-7B-Instruct
sc/gemma-3-4b,6d83623e-f6db-46ea-977a-5e70214d53b4,Qwen/Qwen2.5-7B-Instruct,mistralai/Mistral-7B-Instruct-v0.3,Exploration of Thoughts and Narratives,Exploration,tie,tie
single/phi-4-mini,6d83623e-f6db-46ea-977a-5e70214d53b4,Qwen/Qwen2.5-7B-Instruct,mistralai/Mistral-7B-Instruct-v0.3,Exploration of Thoughts and Narratives,Exploration,,
sc/phi-4-mini,6d83623e-f6db-46ea-977a-5e70214d53b4,Qwen/Qwen2.5-7B-Instruct,mistralai/Mistral-7B-Instruct-v0.3,Exploration of Thoughts and Narratives,Exploration,,
ensemble_single,6d83623e-f6db-46ea-977a-5e70214d53b4,Qwen/Qwen2.5-7B-Instruct,mistralai/Mistral-7B-Instruct-v0.3,Exploration of Thoughts and Narratives,Exploration,,
ensemble_sc,6d83623e-f6db-46ea-977a-5e70214d53b4,Qwen/Qwen2.5-7B-Instruct,mistralai/Mistral-7B-Instruct-v0.3,Exploration of Thoughts and Narratives,Exploration,,
single/gemma-3-4b,6d83623e-f6db-46ea-977a-5e70214d53b4,Qwen/Qwen2.5-7B-Instruct,mistralai/Mistral-7B-Instruct-v0.3,Establish a Trusting Foundation,Insight,x,Qwen/Qwen2.5-7B-Instruct
sc/gemma-3-4b,6d83623e-f6db-46ea-977a-5e70214d53b4,Qwen/Qwen2.5-7B-Instruct,mistralai/Mistral-7B-Instruct-v0.3,Establish a Trusting Foundation,Insight,tie,tie
single/phi-4-mini,6d83623e-f6db-46ea-977a-5e70214d53b4,Qwen/Qwen2.5-7B-Instruct,mistralai/Mistral-7B-Instruct-v0.3,Establish a Trusting Foundation,Insight,,
sc/phi-4-mini,6d83623e-f6db-46ea-977a-5e70214d53b4,Qwen/Qwen2.5-7B-Instruct,mistralai/Mistral-7B-Instruct-v0.3,Establish a Trusting Foundation,Insight,,
ensemble_single,6d83623e-f6db-46ea-977a-5e70214d53b4,Qwen/Qwen2.5-7B-Instruct,mistralai/Mistral-7B-Instruct-v0.3,Establish a Trusting Foundation,Insight,,
ensemble_sc,6d83623e-f6db-46ea-977a-5e70214d53b4,Qwen/Qwen2.5-7B-Instruct,mistralai/Mistral-7B-Instruct-v0.3,Establish a Trusting Foundation,Insight,,
single/gemma-3-4b,6d83623e-f6db-46ea-977a-5e70214d53b4,Qwen/Qwen2.5-7B-Instruct,mistralai/Mistral-7B-Instruct-v0.3,Assess Readiness for Insight,Insight,x,Qwen/Qwen2.5-7B-Instruct
sc/gemma-3-4b,6d83623e-f6db-46ea-977a-5e70214d53b4,Qwen/Qwen2.5-7B-Instruct,mistralai/Mistral-7B-Instruct-v0.3,Assess Readiness for Insight,Insight,tie,tie
single/phi-4-mini,6d83623e-f6db-46ea-977a-5e70214d53b4,Qwen/Qwen2.5-7B-Instruct,mistralai/Mistral-7B-Instruct-v0.3,Assess Readiness for Insight,Insight,,
sc/phi-4-mini,6d83623e-f6db-46ea-977a-5e70214d53b4,Qwen/Qwen2.5-7B-Instruct,mistralai/Mistral-7B-Instruct-v0.3,Assess Readiness for Insight,Insight,,
ensemble_single,6d83623e-f6db-46ea-977a-5e70214d53b4,Qwen/Qwen2.5-7B-Instruct,mistralai/Mistral-7B-Instruct-v0.3,Assess Readiness for Insight,Insight,,
ensemble_sc,6d83623e-f6db-46ea-977a-5e70214d53b4,Qwen/Qwen2.5-7B-Instruct,mistralai/Mistral-7B-Instruct-v0.3,Assess Readiness for Insight,Insight,,
single/gemma-3-4b,6d83623e-f6db-46ea-977a-5e70214d53b4,Qwen/Qwen2.5-7B-Instruct,mistralai/Mistral-7B-Instruct-v0.3,Use Gentle Challenges and Interpretations,Insight,x,Qwen/Qwen2.5-7B-Instruct
sc/gemma-3-4b,6d83623e-f6db-46ea-977a-5e70214d53b4,Qwen/Qwen2.5-7B-Instruct,mistralai/Mistral-7B-Instruct-v0.3,Use Gentle Challenges and Interpretations,Insight,tie,tie
single/phi-4-mini,6d83623e-f6db-46ea-977a-5e70214d53b4,Qwen/Qwen2.5-7B-Instruct,mistralai/Mistral-7B-Instruct-v0.3,Use Gentle Challenges and Interpretations,Insight,,
sc/phi-4-mini,6d83623e-f6db-46ea-977a-5e70214d53b4,Qwen/Qwen2.5-7B-Instruct,mistralai/Mistral-7B-Instruct-v0.3,Use Gentle Challenges and Interpretations,Insight,,
ensemble_single,6d83623e-f6db-46ea-977a-5e70214d53b4,Qwen/Qwen2.5-7B-Instruct,mistralai/Mistral-7B-Instruct-v0.3,Use Gentle Challenges and Interpretations,Insight,,
ensemble_sc,6d83623e-f6db-46ea-977a-5e70214d53b4,Qwen/Qwen2.5-7B-Instruct,mistralai/Mistral-7B-Instruct-v0.3,Use Gentle Challenges and Interpretations,Insight,,
single/gemma-3-4b,6d83623e-f6db-46ea-977a-5e70214d53b4,Qwen/Qwen2.5-7B-Instruct,mistralai/Mistral-7B-Instruct-v0.3,Clarify the Desired Change,Action,x,Qwen/Qwen2.5-7B-Instruct
sc/gemma-3-4b,6d83623e-f6db-46ea-977a-5e70214d53b4,Qwen/Qwen2.5-7B-Instruct,mistralai/Mistral-7B-Instruct-v0.3,Clarify the Desired Change,Action,tie,tie
single/phi-4-mini,6d83623e-f6db-46ea-977a-5e70214d53b4,Qwen/Qwen2.5-7B-Instruct,mistralai/Mistral-7B-Instruct-v0.3,Clarify the Desired Change,Action,,
sc/phi-4-mini,6d83623e-f6db-46ea-977a-5e70214d53b4,Qwen/Qwen2.5-7B-Instruct,mistralai/Mistral-7B-Instruct-v0.3,Clarify the Desired Change,Action,,
ensemble_single,6d83623e-f6db-46ea-977a-5e70214d53b4,Qwen/Qwen2.5-7B-Instruct,mistralai/Mistral-7B-Instruct-v0.3,Clarify the Desired Change,Action,,
ensemble_sc,6d83623e-f6db-46ea-977a-5e70214d53b4,Qwen/Qwen2.5-7B-Instruct,mistralai/Mistral-7B-Instruct-v0.3,Clarify the Desired Change,Action,,
single/gemma-3-4b,6d83623e-f6db-46ea-977a-5e70214d53b4,Qwen/Qwen2.5-7B-Instruct,mistralai/Mistral-7B-Instruct-v0.3,Ensure Readiness and Collaboration,Action,x,Qwen/Qwen2.5-7B-Instruct
sc/gemma-3-4b,6d83623e-f6db-46ea-977a-5e70214d53b4,Qwen/Qwen2.5-7B-Instruct,mistralai/Mistral-7B-Instruct-v0.3,Ensure Readiness and Collaboration,Action,tie,tie
single/phi-4-mini,6d83623e-f6db-46ea-977a-5e70214d53b4,Qwen/Qwen2.5-7B-Instruct,mistralai/Mistral-7B-Instruct-v0.3,Ensure Readiness and Collaboration,Action,,
sc/phi-4-mini,6d83623e-f6db-46ea-977a-5e70214d53b4,Qwen/Qwen2.5-7B-Instruct,mistralai/Mistral-7B-Instruct-v0.3,Ensure Readiness and Collaboration,Action,,
ensemble_single,6d83623e-f6db-46ea-977a-5e70214d53b4,Qwen/Qwen2.5-7B-Instruct,mistralai/Mistral-7B-Instruct-v0.3,Ensure Readiness and Collaboration,Action,,
ensemble_sc,6d83623e-f6db-46ea-977a-5e70214d53b4,Qwen/Qwen2.5-7B-Instruct,mistralai/Mistral-7B-Instruct-v0.3,Ensure Readiness and Collaboration,Action,,
single/gemma-3-4b,6d83623e-f6db-46ea-977a-5e70214d53b4,Qwen/Qwen2.5-7B-Instruct,mistralai/Mistral-7B-Instruct-v0.3,Brainstorm and Evaluate Options,Action,x,Qwen/Qwen2.5-7B-Instruct
sc/gemma-3-4b,6d83623e-f6db-46ea-977a-5e70214d53b4,Qwen/Qwen2.5-7B-Instruct,mistralai/Mistral-7B-Instruct-v0.3,Brainstorm and Evaluate Options,Action,tie,tie
single/phi-4-mini,6d83623e-f6db-46ea-977a-5e70214d53b4,Qwen/Qwen2.5-7B-Instruct,mistralai/Mistral-7B-Instruct-v0.3,Brainstorm and Evaluate Options,Action,,
sc/phi-4-mini,6d83623e-f6db-46ea-977a-5e70214d53b4,Qwen/Qwen2.5-7B-Instruct,mistralai/Mistral-7B-Instruct-v0.3,Brainstorm and Evaluate Options,Action,,
ensemble_single,6d83623e-f6db-46ea-977a-5e70214d53b4,Qwen/Qwen2.5-7B-Instruct,mistralai/Mistral-7B-Instruct-v0.3,Brainstorm and Evaluate Options,Action,,
ensemble_sc,6d83623e-f6db-46ea-977a-5e70214d53b4,Qwen/Qwen2.5-7B-Instruct,mistralai/Mistral-7B-Instruct-v0.3,Brainstorm and Evaluate Options,Action,,
single/gemma-3-4b,851eb665-86d2-45ee-957b-e1a1f2dcca3d,Qwen/Qwen2.5-7B-Instruct,mistralai/Mistral-7B-Instruct-v0.3,Empathic Understanding,Exploration,y,mistralai/Mistral-7B-Instruct-v0.3
sc/gemma-3-4b,851eb665-86d2-45ee-957b-e1a1f2dcca3d,Qwen/Qwen2.5-7B-Instruct,mistralai/Mistral-7B-Instruct-v0.3,Empathic Understanding,Exploration,tie,tie
single/phi-4-mini,851eb665-86d2-45ee-957b-e1a1f2dcca3d,Qwen/Qwen2.5-7B-Instruct,mistralai/Mistral-7B-Instruct-v0.3,Empathic Understanding,Exploration,tie,tie
sc/phi-4-mini,851eb665-86d2-45ee-957b-e1a1f2dcca3d,Qwen/Qwen2.5-7B-Instruct,mistralai/Mistral-7B-Instruct-v0.3,Empathic Understanding,Exploration,tie,tie
ensemble_single,851eb665-86d2-45ee-957b-e1a1f2dcca3d,Qwen/Qwen2.5-7B-Instruct,mistralai/Mistral-7B-Instruct-v0.3,Empathic Understanding,Exploration,tie,tie
ensemble_sc,851eb665-86d2-45ee-957b-e1a1f2dcca3d,Qwen/Qwen2.5-7B-Instruct,mistralai/Mistral-7B-Instruct-v0.3,Empathic Understanding,Exploration,tie,tie
single/gemma-3-4b,851eb665-86d2-45ee-957b-e1a1f2dcca3d,Qwen/Qwen2.5-7B-Instruct,mistralai/Mistral-7B-Instruct-v0.3,Encouragement of Emotional Expression,Exploration,y,mistralai/Mistral-7B-Instruct-v0.3
sc/gemma-3-4b,851eb665-86d2-45ee-957b-e1a1f2dcca3d,Qwen/Qwen2.5-7B-Instruct,mistralai/Mistral-7B-Instruct-v0.3,Encouragement of Emotional Expression,Exploration,tie,tie
single/phi-4-mini,851eb665-86d2-45ee-957b-e1a1f2dcca3d,Qwen/Qwen2.5-7B-Instruct,mistralai/Mistral-7B-Instruct-v0.3,Encouragement of Emotional Expression,Exploration,tie,tie
sc/phi-4-mini,851eb665-86d2-45ee-957b-e1a1f2dcca3d,Qwen/Qwen2.5-7B-Instruct,mistralai/Mistral-7B-Instruct-v0.3,Encouragement of Emotional Expression,Exploration,tie,tie
ensemble_single,851eb665-86d2-45ee-957b-e1a1f2dcca3d,Qwen/Qwen2.5-7B-Instruct,mistralai/Mistral-7B-Instruct-v0.3,Encouragement of Emotional Expression,Exploration,tie,tie
ensemble_sc,851eb665-86d2-45ee-957b-e1a1f2dcca3d,Qwen/Qwen2.5-7B-Instruct,mistralai/Mistral-7B-Instruct-v0.3,Encouragement of Emotional Expression,Exploration,tie,tie
single/gemma-3-4b,851eb665-86d2-45ee-957b-e1a1f2dcca3d,Qwen/Qwen2.5-7B-Instruct,mistralai/Mistral-7B-Instruct-v0.3,Exploration of Thoughts and Narratives,Exploration,y,mistralai/Mistral-7B-Instruct-v0.3
sc/gemma-3-4b,851eb665-86d2-45ee-957b-e1a1f2dcca3d,Qwen/Qwen2.5-7B-Instruct,mistralai/Mistral-7B-Instruct-v0.3,Exploration of Thoughts and Narratives,Exploration,tie,tie
single/phi-4-mini,851eb665-86d2-45ee-957b-e1a1f2dcca3d,Qwen/Qwen2.5-7B-Instruct,mistralai/Mistral-7B-Instruct-v0.3,Exploration of Thoughts and Narratives,Exploration,tie,tie
sc/phi-4-mini,851eb665-86d2-45ee-957b-e1a1f2dcca3d,Qwen/Qwen2.5-7B-Instruct,mistralai/Mistral-7B-Instruct-v0.3,Exploration of Thoughts and Narratives,Exploration,tie,tie
ensemble_single,851eb665-86d2-45ee-957b-e1a1f2dcca3d,Qwen/Qwen2.5-7B-Instruct,mistralai/Mistral-7B-Instruct-v0.3,Exploration of Thoughts and Narratives,Exploration,tie,tie
ensemble_sc,851eb665-86d2-45ee-957b-e1a1f2dcca3d,Qwen/Qwen2.5-7B-Instruct,mistralai/Mistral-7B-Instruct-v0.3,Exploration of Thoughts and Narratives,Exploration,tie,tie
single/gemma-3-4b,851eb665-86d2-45ee-957b-e1a1f2dcca3d,Qwen/Qwen2.5-7B-Instruct,mistralai/Mistral-7B-Instruct-v0.3,Establish a Trusting Foundation,Insight,y,mistralai/Mistral-7B-Instruct-v0.3
sc/gemma-3-4b,851eb665-86d2-45ee-957b-e1a1f2dcca3d,Qwen/Qwen2.5-7B-Instruct,mistralai/Mistral-7B-Instruct-v0.3,Establish a Trusting Foundation,Insight,tie,tie
single/phi-4-mini,851eb665-86d2-45ee-957b-e1a1f2dcca3d,Qwen/Qwen2.5-7B-Instruct,mistralai/Mistral-7B-Instruct-v0.3,Establish a Trusting Foundation,Insight,tie,tie
sc/phi-4-mini,851eb665-86d2-45ee-957b-e1a1f2dcca3d,Qwen/Qwen2.5-7B-Instruct,mistralai/Mistral-7B-Instruct-v0.3,Establish a Trusting Foundation,Insight,tie,tie
ensemble_single,851eb665-86d2-45ee-957b-e1a1f2dcca3d,Qwen/Qwen2.5-7B-Instruct,mistralai/Mistral-7B-Instruct-v0.3,Establish a Trusting Foundation,Insight,tie,tie
ensemble_sc,851eb665-86d2-45ee-957b-e1a1f2dcca3d,Qwen/Qwen2.5-7B-Instruct,mistralai/Mistral-7B-Instruct-v0.3,Establish a Trusting Foundation,Insight,tie,tie
single/gemma-3-4b,851eb665-86d2-45ee-957b-e1a1f2dcca3d,Qwen/Qwen2.5-7B-Instruct,mistralai/Mistral-7B-Instruct-v0.3,Assess Readiness for Insight,Insight,y,mistralai/Mistral-7B-Instruct-v0.3
sc/gemma-3-4b,851eb665-86d2-45ee-957b-e1a1f2dcca3d,Qwen/Qwen2.5-7B-Instruct,mistralai/Mistral-7B-Instruct-v0.3,Assess Readiness for Insight,Insight,y,mistralai/Mistral-7B-Instruct-v0.3
single/phi-4-mini,851eb665-86d2-45ee-957b-e1a1f2dcca3d,Qwen/Qwen2.5-7B-Instruct,mistralai/Mistral-7B-Instruct-v0.3,Assess Readiness for Insight,Insight,tie,tie
sc/phi-4-mini,851eb665-86d2-45ee-957b-e1a1f2dcca3d,Qwen/Qwen2.5-7B-Instruct,mistralai/Mistral-7B-Instruct-v0.3,Assess Readiness for Insight,Insight,tie,tie
ensemble_single,851eb665-86d2-45ee-957b-e1a1f2dcca3d,Qwen/Qwen2.5-7B-Instruct,mistralai/Mistral-7B-Instruct-v0.3,Assess Readiness for Insight,Insight,tie,tie
ensemble_sc,851eb665-86d2-45ee-957b-e1a1f2dcca3d,Qwen/Qwen2.5-7B-Instruct,mistralai/Mistral-7B-Instruct-v0.3,Assess Readiness for Insight,Insight,tie,tie
single/gemma-3-4b,851eb665-86d2-45ee-957b-e1a1f2dcca3d,Qwen/Qwen2.5-7B-Instruct,mistralai/Mistral-7B-Instruct-v0.3,Use Gentle Challenges and Interpretations,Insight,y,mistralai/Mistral-7B-Instruct-v0.3
sc/gemma-3-4b,851eb665-86d2-45ee-957b-e1a1f2dcca3d,Qwen/Qwen2.5-7B-Instruct,mistralai/Mistral-7B-Instruct-v0.3,Use Gentle Challenges and Interpretations,Insight,tie,tie
single/phi-4-mini,851eb665-86d2-45ee-957b-e1a1f2dcca3d,Qwen/Qwen2.5-7B-Instruct,mistralai/Mistral-7B-Instruct-v0.3,Use Gentle Challenges and Interpretations,Insight,tie,tie
sc/phi-4-mini,851eb665-86d2-45ee-957b-e1a1f2dcca3d,Qwen/Qwen2.5-7B-Instruct,mistralai/Mistral-7B-Instruct-v0.3,Use Gentle Challenges and Interpretations,Insight,tie,tie
ensemble_single,851eb665-86d2-45ee-957b-e1a1f2dcca3d,Qwen/Qwen2.5-7B-Instruct,mistralai/Mistral-7B-Instruct-v0.3,Use Gentle Challenges and Interpretations,Insight,tie,tie
ensemble_sc,851eb665-86d2-45ee-957b-e1a1f2dcca3d,Qwen/Qwen2.5-7B-Instruct,mistralai/Mistral-7B-Instruct-v0.3,Use Gentle Challenges and Interpretations,Insight,tie,tie
single/gemma-3-4b,851eb665-86d2-45ee-957b-e1a1f2dcca3d,Qwen/Qwen2.5-7B-Instruct,mistralai/Mistral-7B-Instruct-v0.3,Clarify the Desired Change,Action,y,mistralai/Mistral-7B-Instruct-v0.3
sc/gemma-3-4b,851eb665-86d2-45ee-957b-e1a1f2dcca3d,Qwen/Qwen2.5-7B-Instruct,mistralai/Mistral-7B-Instruct-v0.3,Clarify the Desired Change,Action,tie,tie
single/phi-4-mini,851eb665-86d2-45ee-957b-e1a1f2dcca3d,Qwen/Qwen2.5-7B-Instruct,mistralai/Mistral-7B-Instruct-v0.3,Clarify the Desired Change,Action,tie,tie
sc/phi-4-mini,851eb665-86d2-45ee-957b-e1a1f2dcca3d,Qwen/Qwen2.5-7B-Instruct,mistralai/Mistral-7B-Instruct-v0.3,Clarify the Desired Change,Action,tie,tie
ensemble_single,851eb665-86d2-45ee-957b-e1a1f2dcca3d,Qwen/Qwen2.5-7B-Instruct,mistralai/Mistral-7B-Instruct-v0.3,Clarify the Desired Change,Action,tie,tie
ensemble_sc,851eb665-86d2-45ee-957b-e1a1f2dcca3d,Qwen/Qwen2.5-7B-Instruct,mistralai/Mistral-7B-Instruct-v0.3,Clarify the Desired Change,Action,tie,tie
single/gemma-3-4b,851eb665-86d2-45ee-957b-e1a1f2dcca3d,Qwen/Qwen2.5-7B-Instruct,mistralai/Mistral-7B-Instruct-v0.3,Ensure Readiness and Collaboration,Action,y,mistralai/Mistral-7B-Instruct-v0.3
sc/gemma-3-4b,851eb665-86d2-45ee-957b-e1a1f2dcca3d,Qwen/Qwen2.5-7B-Instruct,mistralai/Mistral-7B-Instruct-v0.3,Ensure Readiness and Collaboration,Action,tie,tie
single/phi-4-mini,851eb665-86d2-45ee-957b-e1a1f2dcca3d,Qwen/Qwen2.5-7B-Instruct,mistralai/Mistral-7B-Instruct-v0.3,Ensure Readiness and Collaboration,Action,tie,tie
sc/phi-4-mini,851eb665-86d2-45ee-957b-e1a1f2dcca3d,Qwen/Qwen2.5-7B-Instruct,mistralai/Mistral-7B-Instruct-v0.3,Ensure Readiness and Collaboration,Action,tie,tie
ensemble_single,851eb665-86d2-45ee-957b-e1a1f2dcca3d,Qwen/Qwen2.5-7B-Instruct,mistralai/Mistral-7B-Instruct-v0.3,Ensure Readiness and Collaboration,Action,tie,tie
ensemble_sc,851eb665-86d2-45ee-957b-e1a1f2dcca3d,Qwen/Qwen2.5-7B-Instruct,mistralai/Mistral-7B-Instruct-v0.3,Ensure Readiness and Collaboration,Action,tie,tie
single/gemma-3-4b,851eb665-86d2-45ee-957b-e1a1f2dcca3d,Qwen/Qwen2.5-7B-Instruct,mistralai/Mistral-7B-Instruct-v0.3,Brainstorm and Evaluate Options,Action,y,mistralai/Mistral-7B-Instruct-v0.3
sc/gemma-3-4b,851eb665-86d2-45ee-957b-e1a1f2dcca3d,Qwen/Qwen2.5-7B-Instruct,mistralai/Mistral-7B-Instruct-v0.3,Brainstorm and Evaluate Options,Action,tie,tie
single/phi-4-mini,851eb665-86d2-45ee-957b-e1a1f2dcca3d,Qwen/Qwen2.5-7B-Instruct,mistralai/Mistral-7B-Instruct-v0.3,Brainstorm and Evaluate Options,Action,tie,tie
sc/phi-4-mini,851eb665-86d2-45ee-957b-e1a1f2dcca3d,Qwen/Qwen2.5-7B-Instruct,mistralai/Mistral-7B-Instruct-v0.3,Brainstorm and Evaluate Options,Action,tie,tie
ensemble_single,851eb665-86d2-45ee-957b-e1a1f2dcca3d,Qwen/Qwen2.5-7B-Instruct,mistralai/Mistral-7B-Instruct-v0.3,Brainstorm and Evaluate Options,Action,tie,tie
ensemble_sc,851eb665-86d2-45ee-957b-e1a1f2dcca3d,Qwen/Qwen2.5-7B-Instruct,mistralai/Mistral-7B-Instruct-v0.3,Brainstorm and Evaluate Options,Action,tie,tie
single/gemma-3-4b,8abe5dc1-df8d-4f22-8209-b428c3084cd1,Qwen/Qwen2.5-7B-Instruct,mistralai/Mistral-7B-Instruct-v0.3,Empathic Understanding,Exploration,y,mistralai/Mistral-7B-Instruct-v0.3
sc/gemma-3-4b,8abe5dc1-df8d-4f22-8209-b428c3084cd1,Qwen/Qwen2.5-7B-Instruct,mistralai/Mistral-7B-Instruct-v0.3,Empathic Understanding,Exploration,tie,tie
single/phi-4-mini,8abe5dc1-df8d-4f22-8209-b428c3084cd1,Qwen/Qwen2.5-7B-Instruct,mistralai/Mistral-7B-Instruct-v0.3,Empathic Understanding,Exploration,x,Qwen/Qwen2.5-7B-Instruct
sc/phi-4-mini,8abe5dc1-df8d-4f22-8209-b428c3084cd1,Qwen/Qwen2.5-7B-Instruct,mistralai/Mistral-7B-Instruct-v0.3,Empathic Understanding,Exploration,x,Qwen/Qwen2.5-7B-Instruct
ensemble_single,8abe5dc1-df8d-4f22-8209-b428c3084cd1,Qwen/Qwen2.5-7B-Instruct,mistralai/Mistral-7B-Instruct-v0.3,Empathic Understanding,Exploration,tie,tie
ensemble_sc,8abe5dc1-df8d-4f22-8209-b428c3084cd1,Qwen/Qwen2.5-7B-Instruct,mistralai/Mistral-7B-Instruct-v0.3,Empathic Understanding,Exploration,tie,tie
single/gemma-3-4b,8abe5dc1-df8d-4f22-8209-b428c3084cd1,Qwen/Qwen2.5-7B-Instruct,mistralai/Mistral-7B-Instruct-v0.3,Encouragement of Emotional Expression,Exploration,y,mistralai/Mistral-7B-Instruct-v0.3
sc/gemma-3-4b,8abe5dc1-df8d-4f22-8209-b428c3084cd1,Qwen/Qwen2.5-7B-Instruct,mistralai/Mistral-7B-Instruct-v0.3,Encouragement of Emotional Expression,Exploration,tie,tie
single/phi-4-mini,8abe5dc1-df8d-4f22-8209-b428c3084cd1,Qwen/Qwen2.5-7B-Instruct,mistralai/Mistral-7B-Instruct-v0.3,Encouragement of Emotional Expression,Exploration,x,Qwen/Qwen2.5-7B-Instruct
sc/phi-4-mini,8abe5dc1-df8d-4f22-8209-b428c3084cd1,Qwen/Qwen2.5-7B-Instruct,mistralai/Mistral-7B-Instruct-v0.3,Encouragement of Emotional Expression,Exploration,x,Qwen/Qwen2.5-7B-Instruct
ensemble_single,8abe5dc1-df8d-4f22-8209-b428c3084cd1,Qwen/Qwen2.5-7B-Instruct,mistralai/Mistral-7B-Instruct-v0.3,Encouragement of Emotional Expression,Exploration,tie,tie
ensemble_sc,8abe5dc1-df8d-4f22-8209-b428c3084cd1,Qwen/Qwen2.5-7B-Instruct,mistralai/Mistral-7B-Instruct-v0.3,Encouragement of Emotional Expression,Exploration,tie,tie
single/gemma-3-4b,8abe5dc1-df8d-4f22-8209-b428c3084cd1,Qwen/Qwen2.5-7B-Instruct,mistralai/Mistral-7B-Instruct-v0.3,Exploration of Thoughts and Narratives,Exploration,y,mistralai/Mistral-7B-Instruct-v0.3
sc/gemma-3-4b,8abe5dc1-df8d-4f22-8209-b428c3084cd1,Qwen/Qwen2.5-7B-Instruct,mistralai/Mistral-7B-Instruct-v0.3,Exploration of Thoughts and Narratives,Exploration,tie,tie
single/phi-4-mini,8abe5dc1-df8d-4f22-8209-b428c3084cd1,Qwen/Qwen2.5-7B-Instruct,mistralai/Mistral-7B-Instruct-v0.3,Exploration of Thoughts and Narratives,Exploration,tie,tie
sc/phi-4-mini,8abe5dc1-df8d-4f22-8209-b428c3084cd1,Qwen/Qwen2.5-7B-Instruct,mistralai/Mistral-7B-Instruct-v0.3,Exploration of Thoughts and Narratives,Exploration,tie,tie
ensemble_single,8abe5dc1-df8d-4f22-8209-b428c3084cd1,Qwen/Qwen2.5-7B-Instruct,mistralai/Mistral-7B-Instruct-v0.3,Exploration of Thoughts and Narratives,Exploration,tie,tie
ensemble_sc,8abe5dc1-df8d-4f22-8209-b428c3084cd1,Qwen/Qwen2.5-7B-Instruct,mistralai/Mistral-7B-Instruct-v0.3,Exploration of Thoughts and Narratives,Exploration,tie,tie
single/gemma-3-4b,8abe5dc1-df8d-4f22-8209-b428c3084cd1,Qwen/Qwen2.5-7B-Instruct,mistralai/Mistral-7B-Instruct-v0.3,Establish a Trusting Foundation,Insight,y,mistralai/Mistral-7B-Instruct-v0.3
sc/gemma-3-4b,8abe5dc1-df8d-4f22-8209-b428c3084cd1,Qwen/Qwen2.5-7B-Instruct,mistralai/Mistral-7B-Instruct-v0.3,Establish a Trusting Foundation,Insight,tie,tie
single/phi-4-mini,8abe5dc1-df8d-4f22-8209-b428c3084cd1,Qwen/Qwen2.5-7B-Instruct,mistralai/Mistral-7B-Instruct-v0.3,Establish a Trusting Foundation,Insight,x,Qwen/Qwen2.5-7B-Instruct
sc/phi-4-mini,8abe5dc1-df8d-4f22-8209-b428c3084cd1,Qwen/Qwen2.5-7B-Instruct,mistralai/Mistral-7B-Instruct-v0.3,Establish a Trusting Foundation,Insight,tie,tie
ensemble_single,8abe5dc1-df8d-4f22-8209-b428c3084cd1,Qwen/Qwen2.5-7B-Instruct,mistralai/Mistral-7B-Instruct-v0.3,Establish a Trusting Foundation,Insight,tie,tie
ensemble_sc,8abe5dc1-df8d-4f22-8209-b428c3084cd1,Qwen/Qwen2.5-7B-Instruct,mistralai/Mistral-7B-Instruct-v0.3,Establish a Trusting Foundation,Insight,tie,tie
single/gemma-3-4b,8abe5dc1-df8d-4f22-8209-b428c3084cd1,Qwen/Qwen2.5-7B-Instruct,mistralai/Mistral-7B-Instruct-v0.3,Assess Readiness for Insight,Insight,tie,tie
sc/gemma-3-4b,8abe5dc1-df8d-4f22-8209-b428c3084cd1,Qwen/Qwen2.5-7B-Instruct,mistralai/Mistral-7B-Instruct-v0.3,Assess Readiness for Insight,Insight,tie,tie
single/phi-4-mini,8abe5dc1-df8d-4f22-8209-b428c3084cd1,Qwen/Qwen2.5-7B-Instruct,mistralai/Mistral-7B-Instruct-v0.3,Assess Readiness for Insight,Insight,tie,tie
sc/phi-4-mini,8abe5dc1-df8d-4f22-8209-b428c3084cd1,Qwen/Qwen2.5-7B-Instruct,mistralai/Mistral-7B-Instruct-v0.3,Assess Readiness for Insight,Insight,tie,tie
ensemble_single,8abe5dc1-df8d-4f22-8209-b428c3084cd1,Qwen/Qwen2.5-7B-Instruct,mistralai/Mistral-7B-Instruct-v0.3,Assess Readiness for Insight,Insight,tie,tie
ensemble_sc,8abe5dc1-df8d-4f22-8209-b428c3084cd1,Qwen/Qwen2.5-7B-Instruct,mistralai/Mistral-7B-Instruct-v0.3,Assess Readiness for Insight,Insight,tie,tie
single/gemma-3-4b,8abe5dc1-df8d-4f22-8209-b428c3084cd1,Qwen/Qwen2.5-7B-Instruct,mistralai/Mistral-7B-Instruct-v0.3,Use Gentle Challenges and Interpretations,Insight,y,mistralai/Mistral-7B-Instruct-v0.3
sc/gemma-3-4b,8abe5dc1-df8d-4f22-8209-b428c3084cd1,Qwen/Qwen2.5-7B-Instruct,mistralai/Mistral-7B-Instruct-v0.3,Use Gentle Challenges and Interpretations,Insight,tie,tie
single/phi-4-mini,8abe5dc1-df8d-4f22-8209-b428c3084cd1,Qwen/Qwen2.5-7B-Instruct,mistralai/Mistral-7B-Instruct-v0.3,Use Gentle Challenges and Interpretations,Insight,x,Qwen/Qwen2.5-7B-Instruct
sc/phi-4-mini,8abe5dc1-df8d-4f22-8209-b428c3084cd1,Qwen/Qwen2.5-7B-Instruct,mistralai/Mistral-7B-Instruct-v0.3,Use Gentle Challenges and Interpretations,Insight,x,Qwen/Qwen2.5-7B-Instruct
ensemble_single,8abe5dc1-df8d-4f22-8209-b428c3084cd1,Qwen/Qwen2.5-7B-Instruct,mistralai/Mistral-7B-Instruct-v0.3,Use Gentle Challenges and Interpretations,Insight,tie,tie
ensemble_sc,8abe5dc1-df8d-4f22-8209-b428c3084cd1,Qwen/Qwen2.5-7B-Instruct,mistralai/Mistral-7B-Instruct-v0.3,Use Gentle Challenges and Interpretations,Insight,tie,tie
single/gemma-3-4b,8abe5dc1-df8d-4f22-8209-b428c3084cd1,Qwen/Qwen2.5-7B-Instruct,mistralai/Mistral-7B-Instruct-v0.3,Clarify the Desired Change,Action,y,mistralai/Mistral-7B-Instruct-v0.3
sc/gemma-3-4b,8abe5dc1-df8d-4f22-8209-b428c3084cd1,Qwen/Qwen2.5-7B-Instruct,mistralai/Mistral-7B-Instruct-v0.3,Clarify the Desired Change,Action,tie,tie
single/phi-4-mini,8abe5dc1-df8d-4f22-8209-b428c3084cd1,Qwen/Qwen2.5-7B-Instruct,mistralai/Mistral-7B-Instruct-v0.3,Clarify the Desired Change,Action,x,Qwen/Qwen2.5-7B-Instruct
sc/phi-4-mini,8abe5dc1-df8d-4f22-8209-b428c3084cd1,Qwen/Qwen2.5-7B-Instruct,mistralai/Mistral-7B-Instruct-v0.3,Clarify the Desired Change,Action,tie,tie
ensemble_single,8abe5dc1-df8d-4f22-8209-b428c3084cd1,Qwen/Qwen2.5-7B-Instruct,mistralai/Mistral-7B-Instruct-v0.3,Clarify the Desired Change,Action,tie,tie
ensemble_sc,8abe5dc1-df8d-4f22-8209-b428c3084cd1,Qwen/Qwen2.5-7B-Instruct,mistralai/Mistral-7B-Instruct-v0.3,Clarify the Desired Change,Action,tie,tie
single/gemma-3-4b,8abe5dc1-df8d-4f22-8209-b428c3084cd1,Qwen/Qwen2.5-7B-Instruct,mistralai/Mistral-7B-Instruct-v0.3,Ensure Readiness and Collaboration,Action,y,mistralai/Mistral-7B-Instruct-v0.3
sc/gemma-3-4b,8abe5dc1-df8d-4f22-8209-b428c3084cd1,Qwen/Qwen2.5-7B-Instruct,mistralai/Mistral-7B-Instruct-v0.3,Ensure Readiness and Collaboration,Action,tie,tie
single/phi-4-mini,8abe5dc1-df8d-4f22-8209-b428c3084cd1,Qwen/Qwen2.5-7B-Instruct,mistralai/Mistral-7B-Instruct-v0.3,Ensure Readiness and Collaboration,Action,x,Qwen/Qwen2.5-7B-Instruct
sc/phi-4-mini,8abe5dc1-df8d-4f22-8209-b428c3084cd1,Qwen/Qwen2.5-7B-Instruct,mistralai/Mistral-7B-Instruct-v0.3,Ensure Readiness and Collaboration,Action,tie,tie
ensemble_single,8abe5dc1-df8d-4f22-8209-b428c3084cd1,Qwen/Qwen2.5-7B-Instruct,mistralai/Mistral-7B-Instruct-v0.3,Ensure Readiness and Collaboration,Action,tie,tie
ensemble_sc,8abe5dc1-df8d-4f22-8209-b428c3084cd1,Qwen/Qwen2.5-7B-Instruct,mistralai/Mistral-7B-Instruct-v0.3,Ensure Readiness and Collaboration,Action,tie,tie
single/gemma-3-4b,8abe5dc1-df8d-4f22-8209-b428c3084cd1,Qwen/Qwen2.5-7B-Instruct,mistralai/Mistral-7B-Instruct-v0.3,Brainstorm and Evaluate Options,Action,tie,tie
sc/gemma-3-4b,8abe5dc1-df8d-4f22-8209-b428c3084cd1,Qwen/Qwen2.5-7B-Instruct,mistralai/Mistral-7B-Instruct-v0.3,Brainstorm and Evaluate Options,Action,tie,tie
single/phi-4-mini,8abe5dc1-df8d-4f22-8209-b428c3084cd1,Qwen/Qwen2.5-7B-Instruct,mistralai/Mistral-7B-Instruct-v0.3,Brainstorm and Evaluate Options,Action,x,Qwen/Qwen2.5-7B-Instruct
sc/phi-4-mini,8abe5dc1-df8d-4f22-8209-b428c3084cd1,Qwen/Qwen2.5-7B-Instruct,mistralai/Mistral-7B-Instruct-v0.3,Brainstorm and Evaluate Options,Action,tie,tie
ensemble_single,8abe5dc1-df8d-4f22-8209-b428c3084cd1,Qwen/Qwen2.5-7B-Instruct,mistralai/Mistral-7B-Instruct-v0.3,Brainstorm and Evaluate Options,Action,tie,tie
ensemble_sc,8abe5dc1-df8d-4f22-8209-b428c3084cd1,Qwen/Qwen2.5-7B-Instruct,mistralai/Mistral-7B-Instruct-v0.3,Brainstorm and Evaluate Options,Action,tie,tie
single/gemma-3-4b,9435f09b-9ca1-48a8-8231-4a972ddf331c,Qwen/Qwen2.5-7B-Instruct,mistralai/Mistral-7B-Instruct-v0.3,Empathic Understanding,Exploration,y,mistralai/Mistral-7B-Instruct-v0.3
sc/gemma-3-4b,9435f09b-9ca1-48a8-8231-4a972ddf331c,Qwen/Qwen2.5-7B-Instruct,mistralai/Mistral-7B-Instruct-v0.3,Empathic Understanding,Exploration,y,mistralai/Mistral-7B-Instruct-v0.3
single/phi-4-mini,9435f09b-9ca1-48a8-8231-4a972ddf331c,Qwen/Qwen2.5-7B-Instruct,mistralai/Mistral-7B-Instruct-v0.3,Empathic Understanding,Exploration,x,Qwen/Qwen2.5-7B-Instruct
sc/phi-4-mini,9435f09b-9ca1-48a8-8231-4a972ddf331c,Qwen/Qwen2.5-7B-Instruct,mistralai/Mistral-7B-Instruct-v0.3,Empathic Understanding,Exploration,tie,tie
ensemble_single,9435f09b-9ca1-48a8-8231-4a972ddf331c,Qwen/Qwen2.5-7B-Instruct,mistralai/Mistral-7B-Instruct-v0.3,Empathic Understanding,Exploration,tie,tie
ensemble_sc,9435f09b-9ca1-48a8-8231-4a972ddf331c,Qwen/Qwen2.5-7B-Instruct,mistralai/Mistral-7B-Instruct-v0.3,Empathic Understanding,Exploration,tie,tie
single/gemma-3-4b,9435f09b-9ca1-48a8-8231-4a972ddf331c,Qwen/Qwen2.5-7B-Instruct,mistralai/Mistral-7B-Instruct-v0.3,Encouragement of Emotional Expression,Exploration,x,Qwen/Qwen2.5-7B-Instruct
sc/gemma-3-4b,9435f09b-9ca1-48a8-8231-4a972ddf331c,Qwen/Qwen2.5-7B-Instruct,mistralai/Mistral-7B-Instruct-v0.3,Encouragement of Emotional Expression,Exploration,tie,tie
single/phi-4-mini,9435f09b-9ca1-48a8-8231-4a972ddf331c,Qwen/Qwen2.5-7B-Instruct,mistralai/Mistral-7B-Instruct-v0.3,Encouragement of Emotional Expression,Exploration,x,Qwen/Qwen2.5-7B-Instruct
sc/phi-4-mini,9435f09b-9ca1-48a8-8231-4a972ddf331c,Qwen/Qwen2.5-7B-Instruct,mistralai/Mistral-7B-Instruct-v0.3,Encouragement of Emotional Expression,Exploration,tie,tie
ensemble_single,9435f09b-9ca1-48a8-8231-4a972ddf331c,Qwen/Qwen2.5-7B-Instruct,mistralai/Mistral-7B-Instruct-v0.3,Encouragement of Emotional Expression,Exploration,x,Qwen/Qwen2.5-7B-Instruct
ensemble_sc,9435f09b-9ca1-48a8-8231-4a972ddf331c,Qwen/Qwen2.5-7B-Instruct,mistralai/Mistral-7B-Instruct-v0.3,Encouragement of Emotional Expression,Exploration,tie,tie
single/gemma-3-4b,9435f09b-9ca1-48a8-8231-4a972ddf331c,Qwen/Qwen2.5-7B-Instruct,mistralai/Mistral-7B-Instruct-v0.3,Exploration of Thoughts and Narratives,Exploration,x,Qwen/Qwen2.5-7B-Instruct
sc/gemma-3-4b,9435f09b-9ca1-48a8-8231-4a972ddf331c,Qwen/Qwen2.5-7B-Instruct,mistralai/Mistral-7B-Instruct-v0.3,Exploration of Thoughts and Narratives,Exploration,x,Qwen/Qwen2.5-7B-Instruct
single/phi-4-mini,9435f09b-9ca1-48a8-8231-4a972ddf331c,Qwen/Qwen2.5-7B-Instruct,mistralai/Mistral-7B-Instruct-v0.3,Exploration of Thoughts and Narratives,Exploration,tie,tie
sc/phi-4-mini,9435f09b-9ca1-48a8-8231-4a972ddf331c,Qwen/Qwen2.5-7B-Instruct,mistralai/Mistral-7B-Instruct-v0.3,Exploration of Thoughts and Narratives,Exploration,tie,tie
ensemble_single,9435f09b-9ca1-48a8-8231-4a972ddf331c,Qwen/Qwen2.5-7B-Instruct,mistralai/Mistral-7B-Instruct-v0.3,Exploration of Thoughts and Narratives,Exploration,tie,tie
ensemble_sc,9435f09b-9ca1-48a8-8231-4a972ddf331c,Qwen/Qwen2.5-7B-Instruct,mistralai/Mistral-7B-Instruct-v0.3,Exploration of Thoughts and Narratives,Exploration,tie,tie
single/gemma-3-4b,9435f09b-9ca1-48a8-8231-4a972ddf331c,Qwen/Qwen2.5-7B-Instruct,mistralai/Mistral-7B-Instruct-v0.3,Establish a Trusting Foundation,Insight,y,mistralai/Mistral-7B-Instruct-v0.3
sc/gemma-3-4b,9435f09b-9ca1-48a8-8231-4a972ddf331c,Qwen/Qwen2.5-7B-Instruct,mistralai/Mistral-7B-Instruct-v0.3,Establish a Trusting Foundation,Insight,y,mistralai/Mistral-7B-Instruct-v0.3
single/phi-4-mini,9435f09b-9ca1-48a8-8231-4a972ddf331c,Qwen/Qwen2.5-7B-Instruct,mistralai/Mistral-7B-Instruct-v0.3,Establish a Trusting Foundation,Insight,tie,tie
sc/phi-4-mini,9435f09b-9ca1-48a8-8231-4a972ddf331c,Qwen/Qwen2.5-7B-Instruct,mistralai/Mistral-7B-Instruct-v0.3,Establish a Trusting Foundation,Insight,tie,tie
ensemble_single,9435f09b-9ca1-48a8-8231-4a972ddf331c,Qwen/Qwen2.5-7B-Instruct,mistralai/Mistral-7B-Instruct-v0.3,Establish a Trusting Foundation,Insight,tie,tie
ensemble_sc,9435f09b-9ca1-48a8-8231-4a972ddf331c,Qwen/Qwen2.5-7B-Instruct,mistralai/Mistral-7B-Instruct-v0.3,Establish a Trusting Foundation,Insight,tie,tie
single/gemma-3-4b,9435f09b-9ca1-48a8-8231-4a972ddf331c,Qwen/Qwen2.5-7B-Instruct,mistralai/Mistral-7B-Instruct-v0.3,Assess Readiness for Insight,Insight,x,Qwen/Qwen2.5-7B-Instruct
sc/gemma-3-4b,9435f09b-9ca1-48a8-8231-4a972ddf331c,Qwen/Qwen2.5-7B-Instruct,mistralai/Mistral-7B-Instruct-v0.3,Assess Readiness for Insight,Insight,tie,tie
single/phi-4-mini,9435f09b-9ca1-48a8-8231-4a972ddf331c,Qwen/Qwen2.5-7B-Instruct,mistralai/Mistral-7B-Instruct-v0.3,Assess Readiness for Insight,Insight,tie,tie
sc/phi-4-mini,9435f09b-9ca1-48a8-8231-4a972ddf331c,Qwen/Qwen2.5-7B-Instruct,mistralai/Mistral-7B-Instruct-v0.3,Assess Readiness for Insight,Insight,tie,tie
ensemble_single,9435f09b-9ca1-48a8-8231-4a972ddf331c,Qwen/Qwen2.5-7B-Instruct,mistralai/Mistral-7B-Instruct-v0.3,Assess Readiness for Insight,Insight,tie,tie
ensemble_sc,9435f09b-9ca1-48a8-8231-4a972ddf331c,Qwen/Qwen2.5-7B-Instruct,mistralai/Mistral-7B-Instruct-v0.3,Assess Readiness for Insight,Insight,tie,tie
single/gemma-3-4b,9435f09b-9ca1-48a8-8231-4a972ddf331c,Qwen/Qwen2.5-7B-Instruct,mistralai/Mistral-7B-Instruct-v0.3,Use Gentle Challenges and Interpretations,Insight,x,Qwen/Qwen2.5-7B-Instruct
sc/gemma-3-4b,9435f09b-9ca1-48a8-8231-4a972ddf331c,Qwen/Qwen2.5-7B-Instruct,mistralai/Mistral-7B-Instruct-v0.3,Use Gentle Challenges and Interpretations,Insight,x,Qwen/Qwen2.5-7B-Instruct
single/phi-4-mini,9435f09b-9ca1-48a8-8231-4a972ddf331c,Qwen/Qwen2.5-7B-Instruct,mistralai/Mistral-7B-Instruct-v0.3,Use Gentle Challenges and Interpretations,Insight,tie,tie
sc/phi-4-mini,9435f09b-9ca1-48a8-8231-4a972ddf331c,Qwen/Qwen2.5-7B-Instruct,mistralai/Mistral-7B-Instruct-v0.3,Use Gentle Challenges and Interpretations,Insight,tie,tie
ensemble_single,9435f09b-9ca1-48a8-8231-4a972ddf331c,Qwen/Qwen2.5-7B-Instruct,mistralai/Mistral-7B-Instruct-v0.3,Use Gentle Challenges and Interpretations,Insight,tie,tie
ensemble_sc,9435f09b-9ca1-48a8-8231-4a972ddf331c,Qwen/Qwen2.5-7B-Instruct,mistralai/Mistral-7B-Instruct-v0.3,Use Gentle Challenges and Interpretations,Insight,tie,tie
single/gemma-3-4b,9435f09b-9ca1-48a8-8231-4a972ddf331c,Qwen/Qwen2.5-7B-Instruct,mistralai/Mistral-7B-Instruct-v0.3,Clarify the Desired Change,Action,x,Qwen/Qwen2.5-7B-Instruct
sc/gemma-3-4b,9435f09b-9ca1-48a8-8231-4a972ddf331c,Qwen/Qwen2.5-7B-Instruct,mistralai/Mistral-7B-Instruct-v0.3,Clarify the Desired Change,Action,x,Qwen/Qwen2.5-7B-Instruct
single/phi-4-mini,9435f09b-9ca1-48a8-8231-4a972ddf331c,Qwen/Qwen2.5-7B-Instruct,mistralai/Mistral-7B-Instruct-v0.3,Clarify the Desired Change,Action,tie,tie
sc/phi-4-mini,9435f09b-9ca1-48a8-8231-4a972ddf331c,Qwen/Qwen2.5-7B-Instruct,mistralai/Mistral-7B-Instruct-v0.3,Clarify the Desired Change,Action,tie,tie
ensemble_single,9435f09b-9ca1-48a8-8231-4a972ddf331c,Qwen/Qwen2.5-7B-Instruct,mistralai/Mistral-7B-Instruct-v0.3,Clarify the Desired Change,Action,tie,tie
ensemble_sc,9435f09b-9ca1-48a8-8231-4a972ddf331c,Qwen/Qwen2.5-7B-Instruct,mistralai/Mistral-7B-Instruct-v0.3,Clarify the Desired Change,Action,tie,tie
single/gemma-3-4b,9435f09b-9ca1-48a8-8231-4a972ddf331c,Qwen/Qwen2.5-7B-Instruct,mistralai/Mistral-7B-Instruct-v0.3,Ensure Readiness and Collaboration,Action,x,Qwen/Qwen2.5-7B-Instruct
sc/gemma-3-4b,9435f09b-9ca1-48a8-8231-4a972ddf331c,Qwen/Qwen2.5-7B-Instruct,mistralai/Mistral-7B-Instruct-v0.3,Ensure Readiness and Collaboration,Action,tie,tie
single/phi-4-mini,9435f09b-9ca1-48a8-8231-4a972ddf331c,Qwen/Qwen2.5-7B-Instruct,mistralai/Mistral-7B-Instruct-v0.3,Ensure Readiness and Collaboration,Action,tie,tie
sc/phi-4-mini,9435f09b-9ca1-48a8-8231-4a972ddf331c,Qwen/Qwen2.5-7B-Instruct,mistralai/Mistral-7B-Instruct-v0.3,Ensure Readiness and Collaboration,Action,tie,tie
ensemble_single,9435f09b-9ca1-48a8-8231-4a972ddf331c,Qwen/Qwen2.5-7B-Instruct,mistralai/Mistral-7B-Instruct-v0.3,Ensure Readiness and Collaboration,Action,tie,tie
ensemble_sc,9435f09b-9ca1-48a8-8231-4a972ddf331c,Qwen/Qwen2.5-7B-Instruct,mistralai/Mistral-7B-Instruct-v0.3,Ensure Readiness and Collaboration,Action,tie,tie
single/gemma-3-4b,9435f09b-9ca1-48a8-8231-4a972ddf331c,Qwen/Qwen2.5-7B-Instruct,mistralai/Mistral-7B-Instruct-v0.3,Brainstorm and Evaluate Options,Action,x,Qwen/Qwen2.5-7B-Instruct
sc/gemma-3-4b,9435f09b-9ca1-48a8-8231-4a972ddf331c,Qwen/Qwen2.5-7B-Instruct,mistralai/Mistral-7B-Instruct-v0.3,Brainstorm and Evaluate Options,Action,tie,tie
single/phi-4-mini,9435f09b-9ca1-48a8-8231-4a972ddf331c,Qwen/Qwen2.5-7B-Instruct,mistralai/Mistral-7B-Instruct-v0.3,Brainstorm and Evaluate Options,Action,tie,tie
sc/phi-4-mini,9435f09b-9ca1-48a8-8231-4a972ddf331c,Qwen/Qwen2.5-7B-Instruct,mistralai/Mistral-7B-Instruct-v0.3,Brainstorm and Evaluate Options,Action,tie,tie
ensemble_single,9435f09b-9ca1-48a8-8231-4a972ddf331c,Qwen/Qwen2.5-7B-Instruct,mistralai/Mistral-7B-Instruct-v0.3,Brainstorm and Evaluate Options,Action,tie,tie
ensemble_sc,9435f09b-9ca1-48a8-8231-4a972ddf331c,Qwen/Qwen2.5-7B-Instruct,mistralai/Mistral-7B-Instruct-v0.3,Brainstorm and Evaluate Options,Action,tie,tie
single/gemma-3-4b,95c51515-2714-4b47-9bc5-1a966a2e83ea,Qwen/Qwen2.5-7B-Instruct,mistralai/Mistral-7B-Instruct-v0.3,Empathic Understanding,Exploration,x,Qwen/Qwen2.5-7B-Instruct
sc/gemma-3-4b,95c51515-2714-4b47-9bc5-1a966a2e83ea,Qwen/Qwen2.5-7B-Instruct,mistralai/Mistral-7B-Instruct-v0.3,Empathic Understanding,Exploration,tie,tie
single/phi-4-mini,95c51515-2714-4b47-9bc5-1a966a2e83ea,Qwen/Qwen2.5-7B-Instruct,mistralai/Mistral-7B-Instruct-v0.3,Empathic Understanding,Exploration,y,mistralai/Mistral-7B-Instruct-v0.3
sc/phi-4-mini,95c51515-2714-4b47-9bc5-1a966a2e83ea,Qwen/Qwen2.5-7B-Instruct,mistralai/Mistral-7B-Instruct-v0.3,Empathic Understanding,Exploration,tie,tie
ensemble_single,95c51515-2714-4b47-9bc5-1a966a2e83ea,Qwen/Qwen2.5-7B-Instruct,mistralai/Mistral-7B-Instruct-v0.3,Empathic Understanding,Exploration,tie,tie
ensemble_sc,95c51515-2714-4b47-9bc5-1a966a2e83ea,Qwen/Qwen2.5-7B-Instruct,mistralai/Mistral-7B-Instruct-v0.3,Empathic Understanding,Exploration,tie,tie
single/gemma-3-4b,95c51515-2714-4b47-9bc5-1a966a2e83ea,Qwen/Qwen2.5-7B-Instruct,mistralai/Mistral-7B-Instruct-v0.3,Encouragement of Emotional Expression,Exploration,x,Qwen/Qwen2.5-7B-Instruct
sc/gemma-3-4b,95c51515-2714-4b47-9bc5-1a966a2e83ea,Qwen/Qwen2.5-7B-Instruct,mistralai/Mistral-7B-Instruct-v0.3,Encouragement of Emotional Expression,Exploration,tie,tie
single/phi-4-mini,95c51515-2714-4b47-9bc5-1a966a2e83ea,Qwen/Qwen2.5-7B-Instruct,mistralai/Mistral-7B-Instruct-v0.3,Encouragement of Emotional Expression,Exploration,y,mistralai/Mistral-7B-Instruct-v0.3
sc/phi-4-mini,95c51515-2714-4b47-9bc5-1a966a2e83ea,Qwen/Qwen2.5-7B-Instruct,mistralai/Mistral-7B-Instruct-v0.3,Encouragement of Emotional Expression,Exploration,tie,tie
ensemble_single,95c51515-2714-4b47-9bc5-1a966a2e83ea,Qwen/Qwen2.5-7B-Instruct,mistralai/Mistral-7B-Instruct-v0.3,Encouragement of Emotional Expression,Exploration,tie,tie
ensemble_sc,95c51515-2714-4b47-9bc5-1a966a2e83ea,Qwen/Qwen2.5-7B-Instruct,mistralai/Mistral-7B-Instruct-v0.3,Encouragement of Emotional Expression,Exploration,tie,tie
single/gemma-3-4b,95c51515-2714-4b47-9bc5-1a966a2e83ea,Qwen/Qwen2.5-7B-Instruct,mistralai/Mistral-7B-Instruct-v0.3,Exploration of Thoughts and Narratives,Exploration,x,Qwen/Qwen2.5-7B-Instruct
sc/gemma-3-4b,95c51515-2714-4b47-9bc5-1a966a2e83ea,Qwen/Qwen2.5-7B-Instruct,mistralai/Mistral-7B-Instruct-v0.3,Exploration of Thoughts and Narratives,Exploration,tie,tie
single/phi-4-mini,95c51515-2714-4b47-9bc5-1a966a2e83ea,Qwen/Qwen2.5-7B-Instruct,mistralai/Mistral-7B-Instruct-v0.3,Exploration of Thoughts and Narratives,Exploration,tie,tie
sc/phi-4-mini,95c51515-2714-4b47-9bc5-1a966a2e83ea,Qwen/Qwen2.5-7B-Instruct,mistralai/Mistral-7B-Instruct-v0.3,Exploration of Thoughts and Narratives,Exploration,tie,tie
ensemble_single,95c51515-2714-4b47-9bc5-1a966a2e83ea,Qwen/Qwen2.5-7B-Instruct,mistralai/Mistral-7B-Instruct-v0.3,Exploration of Thoughts and Narratives,Exploration,tie,tie
ensemble_sc,95c51515-2714-4b47-9bc5-1a966a2e83ea,Qwen/Qwen2.5-7B-Instruct,mistralai/Mistral-7B-Instruct-v0.3,Exploration of Thoughts and Narratives,Exploration,tie,tie
single/gemma-3-4b,95c51515-2714-4b47-9bc5-1a966a2e83ea,Qwen/Qwen2.5-7B-Instruct,mistralai/Mistral-7B-Instruct-v0.3,Establish a Trusting Foundation,Insight,x,Qwen/Qwen2.5-7B-Instruct
sc/gemma-3-4b,95c51515-2714-4b47-9bc5-1a966a2e83ea,Qwen/Qwen2.5-7B-Instruct,mistralai/Mistral-7B-Instruct-v0.3,Establish a Trusting Foundation,Insight,tie,tie
single/phi-4-mini,95c51515-2714-4b47-9bc5-1a966a2e83ea,Qwen/Qwen2.5-7B-Instruct,mistralai/Mistral-7B-Instruct-v0.3,Establish a Trusting Foundation,Insight,tie,tie
sc/phi-4-mini,95c51515-2714-4b47-9bc5-1a966a2e83ea,Qwen/Qwen2.5-7B-Instruct,mistralai/Mistral-7B-Instruct-v0.3,Establish a Trusting Foundation,Insight,tie,tie
ensemble_single,95c51515-2714-4b47-9bc5-1a966a2e83ea,Qwen/Qwen2.5-7B-Instruct,mistralai/Mistral-7B-Instruct-v0.3,Establish a Trusting Foundation,Insight,tie,tie
ensemble_sc,95c51515-2714-4b47-9bc5-1a966a2e83ea,Qwen/Qwen2.5-7B-Instruct,mistralai/Mistral-7B-Instruct-v0.3,Establish a Trusting Foundation,Insight,tie,tie
single/gemma-3-4b,95c51515-2714-4b47-9bc5-1a966a2e83ea,Qwen/Qwen2.5-7B-Instruct,mistralai/Mistral-7B-Instruct-v0.3,Assess Readiness for Insight,Insight,x,Qwen/Qwen2.5-7B-Instruct
sc/gemma-3-4b,95c51515-2714-4b47-9bc5-1a966a2e83ea,Qwen/Qwen2.5-7B-Instruct,mistralai/Mistral-7B-Instruct-v0.3,Assess Readiness for Insight,Insight,tie,tie
single/phi-4-mini,95c51515-2714-4b47-9bc5-1a966a2e83ea,Qwen/Qwen2.5-7B-Instruct,mistralai/Mistral-7B-Instruct-v0.3,Assess Readiness for Insight,Insight,tie,tie
sc/phi-4-mini,95c51515-2714-4b47-9bc5-1a966a2e83ea,Qwen/Qwen2.5-7B-Instruct,mistralai/Mistral-7B-Instruct-v0.3,Assess Readiness for Insight,Insight,tie,tie
ensemble_single,95c51515-2714-4b47-9bc5-1a966a2e83ea,Qwen/Qwen2.5-7B-Instruct,mistralai/Mistral-7B-Instruct-v0.3,Assess Readiness for Insight,Insight,tie,tie
ensemble_sc,95c51515-2714-4b47-9bc5-1a966a2e83ea,Qwen/Qwen2.5-7B-Instruct,mistralai/Mistral-7B-Instruct-v0.3,Assess Readiness for Insight,Insight,tie,tie
single/gemma-3-4b,95c51515-2714-4b47-9bc5-1a966a2e83ea,Qwen/Qwen2.5-7B-Instruct,mistralai/Mistral-7B-Instruct-v0.3,Use Gentle Challenges and Interpretations,Insight,x,Qwen/Qwen2.5-7B-Instruct
sc/gemma-3-4b,95c51515-2714-4b47-9bc5-1a966a2e83ea,Qwen/Qwen2.5-7B-Instruct,mistralai/Mistral-7B-Instruct-v0.3,Use Gentle Challenges and Interpretations,Insight,tie,tie
single/phi-4-mini,95c51515-2714-4b47-9bc5-1a966a2e83ea,Qwen/Qwen2.5-7B-Instruct,mistralai/Mistral-7B-Instruct-v0.3,Use Gentle Challenges and Interpretations,Insight,y,mistralai/Mistral-7B-Instruct-v0.3
sc/phi-4-mini,95c51515-2714-4b47-9bc5-1a966a2e83ea,Qwen/Qwen2.5-7B-Instruct,mistralai/Mistral-7B-Instruct-v0.3,Use Gentle Challenges and Interpretations,Insight,tie,tie
ensemble_single,95c51515-2714-4b47-9bc5-1a966a2e83ea,Qwen/Qwen2.5-7B-Instruct,mistralai/Mistral-7B-Instruct-v0.3,Use Gentle Challenges and Interpretations,Insight,tie,tie
ensemble_sc,95c51515-2714-4b47-9bc5-1a966a2e83ea,Qwen/Qwen2.5-7B-Instruct,mistralai/Mistral-7B-Instruct-v0.3,Use Gentle Challenges and Interpretations,Insight,tie,tie
single/gemma-3-4b,95c51515-2714-4b47-9bc5-1a966a2e83ea,Qwen/Qwen2.5-7B-Instruct,mistralai/Mistral-7B-Instruct-v0.3,Clarify the Desired Change,Action,x,Qwen/Qwen2.5-7B-Instruct
sc/gemma-3-4b,95c51515-2714-4b47-9bc5-1a966a2e83ea,Qwen/Qwen2.5-7B-Instruct,mistralai/Mistral-7B-Instruct-v0.3,Clarify the Desired Change,Action,tie,tie
single/phi-4-mini,95c51515-2714-4b47-9bc5-1a966a2e83ea,Qwen/Qwen2.5-7B-Instruct,mistralai/Mistral-7B-Instruct-v0.3,Clarify the Desired Change,Action,tie,tie
sc/phi-4-mini,95c51515-2714-4b47-9bc5-1a966a2e83ea,Qwen/Qwen2.5-7B-Instruct,mistralai/Mistral-7B-Instruct-v0.3,Clarify the Desired Change,Action,tie,tie
ensemble_single,95c51515-2714-4b47-9bc5-1a966a2e83ea,Qwen/Qwen2.5-7B-Instruct,mistralai/Mistral-7B-Instruct-v0.3,Clarify the Desired Change,Action,tie,tie
ensemble_sc,95c51515-2714-4b47-9bc5-1a966a2e83ea,Qwen/Qwen2.5-7B-Instruct,mistralai/Mistral-7B-Instruct-v0.3,Clarify the Desired Change,Action,tie,tie
single/gemma-3-4b,95c51515-2714-4b47-9bc5-1a966a2e83ea,Qwen/Qwen2.5-7B-Instruct,mistralai/Mistral-7B-Instruct-v0.3,Ensure Readiness and Collaboration,Action,x,Qwen/Qwen2.5-7B-Instruct
sc/gemma-3-4b,95c51515-2714-4b47-9bc5-1a966a2e83ea,Qwen/Qwen2.5-7B-Instruct,mistralai/Mistral-7B-Instruct-v0.3,Ensure Readiness and Collaboration,Action,tie,tie
single/phi-4-mini,95c51515-2714-4b47-9bc5-1a966a2e83ea,Qwen/Qwen2.5-7B-Instruct,mistralai/Mistral-7B-Instruct-v0.3,Ensure Readiness and Collaboration,Action,tie,tie
sc/phi-4-mini,95c51515-2714-4b47-9bc5-1a966a2e83ea,Qwen/Qwen2.5-7B-Instruct,mistralai/Mistral-7B-Instruct-v0.3,Ensure Readiness and Collaboration,Action,tie,tie
ensemble_single,95c51515-2714-4b47-9bc5-1a966a2e83ea,Qwen/Qwen2.5-7B-Instruct,mistralai/Mistral-7B-Instruct-v0.3,Ensure Readiness and Collaboration,Action,tie,tie
ensemble_sc,95c51515-2714-4b47-9bc5-1a966a2e83ea,Qwen/Qwen2.5-7B-Instruct,mistralai/Mistral-7B-Instruct-v0.3,Ensure Readiness and Collaboration,Action,tie,tie
single/gemma-3-4b,95c51515-2714-4b47-9bc5-1a966a2e83ea,Qwen/Qwen2.5-7B-Instruct,mistralai/Mistral-7B-Instruct-v0.3,Brainstorm and Evaluate Options,Action,x,Qwen/Qwen2.5-7B-Instruct
sc/gemma-3-4b,95c51515-2714-4b47-9bc5-1a966a2e83ea,Qwen/Qwen2.5-7B-Instruct,mistralai/Mistral-7B-Instruct-v0.3,Brainstorm and Evaluate Options,Action,tie,tie
single/phi-4-mini,95c51515-2714-4b47-9bc5-1a966a2e83ea,Qwen/Qwen2.5-7B-Instruct,mistralai/Mistral-7B-Instruct-v0.3,Brainstorm and Evaluate Options,Action,tie,tie
sc/phi-4-mini,95c51515-2714-4b47-9bc5-1a966a2e83ea,Qwen/Qwen2.5-7B-Instruct,mistralai/Mistral-7B-Instruct-v0.3,Brainstorm and Evaluate Options,Action,tie,tie
ensemble_single,95c51515-2714-4b47-9bc5-1a966a2e83ea,Qwen/Qwen2.5-7B-Instruct,mistralai/Mistral-7B-Instruct-v0.3,Brainstorm and Evaluate Options,Action,tie,tie
ensemble_sc,95c51515-2714-4b47-9bc5-1a966a2e83ea,Qwen/Qwen2.5-7B-Instruct,mistralai/Mistral-7B-Instruct-v0.3,Brainstorm and Evaluate Options,Action,tie,tie
single/gemma-3-4b,9b94e719-f53f-49d2-a6d6-47d15e96d484,Qwen/Qwen2.5-7B-Instruct,mistralai/Mistral-7B-Instruct-v0.3,Empathic Understanding,Exploration,x,Qwen/Qwen2.5-7B-Instruct
sc/gemma-3-4b,9b94e719-f53f-49d2-a6d6-47d15e96d484,Qwen/Qwen2.5-7B-Instruct,mistralai/Mistral-7B-Instruct-v0.3,Empathic Understanding,Exploration,tie,tie
single/phi-4-mini,9b94e719-f53f-49d2-a6d6-47d15e96d484,Qwen/Qwen2.5-7B-Instruct,mistralai/Mistral-7B-Instruct-v0.3,Empathic Understanding,Exploration,tie,tie
sc/phi-4-mini,9b94e719-f53f-49d2-a6d6-47d15e96d484,Qwen/Qwen2.5-7B-Instruct,mistralai/Mistral-7B-Instruct-v0.3,Empathic Understanding,Exploration,tie,tie
ensemble_single,9b94e719-f53f-49d2-a6d6-47d15e96d484,Qwen/Qwen2.5-7B-Instruct,mistralai/Mistral-7B-Instruct-v0.3,Empathic Understanding,Exploration,tie,tie
ensemble_sc,9b94e719-f53f-49d2-a6d6-47d15e96d484,Qwen/Qwen2.5-7B-Instruct,mistralai/Mistral-7B-Instruct-v0.3,Empathic Understanding,Exploration,tie,tie
single/gemma-3-4b,9b94e719-f53f-49d2-a6d6-47d15e96d484,Qwen/Qwen2.5-7B-Instruct,mistralai/Mistral-7B-Instruct-v0.3,Encouragement of Emotional Expression,Exploration,x,Qwen/Qwen2.5-7B-Instruct
sc/gemma-3-4b,9b94e719-f53f-49d2-a6d6-47d15e96d484,Qwen/Qwen2.5-7B-Instruct,mistralai/Mistral-7B-Instruct-v0.3,Encouragement of Emotional Expression,Exploration,tie,tie
single/phi-4-mini,9b94e719-f53f-49d2-a6d6-47d15e96d484,Qwen/Qwen2.5-7B-Instruct,mistralai/Mistral-7B-Instruct-v0.3,Encouragement of Emotional Expression,Exploration,tie,tie
sc/phi-4-mini,9b94e719-f53f-49d2-a6d6-47d15e96d484,Qwen/Qwen2.5-7B-Instruct,mistralai/Mistral-7B-Instruct-v0.3,Encouragement of Emotional Expression,Exploration,tie,tie
ensemble_single,9b94e719-f53f-49d2-a6d6-47d15e96d484,Qwen/Qwen2.5-7B-Instruct,mistralai/Mistral-7B-Instruct-v0.3,Encouragement of Emotional Expression,Exploration,tie,tie
ensemble_sc,9b94e719-f53f-49d2-a6d6-47d15e96d484,Qwen/Qwen2.5-7B-Instruct,mistralai/Mistral-7B-Instruct-v0.3,Encouragement of Emotional Expression,Exploration,tie,tie
single/gemma-3-4b,9b94e719-f53f-49d2-a6d6-47d15e96d484,Qwen/Qwen2.5-7B-Instruct,mistralai/Mistral-7B-Instruct-v0.3,Exploration of Thoughts and Narratives,Exploration,x,Qwen/Qwen2.5-7B-Instruct
sc/gemma-3-4b,9b94e719-f53f-49d2-a6d6-47d15e96d484,Qwen/Qwen2.5-7B-Instruct,mistralai/Mistral-7B-Instruct-v0.3,Exploration of Thoughts and Narratives,Exploration,tie,tie
single/phi-4-mini,9b94e719-f53f-49d2-a6d6-47d15e96d484,Qwen/Qwen2.5-7B-Instruct,mistralai/Mistral-7B-Instruct-v0.3,Exploration of Thoughts and Narratives,Exploration,tie,tie
sc/phi-4-mini,9b94e719-f53f-49d2-a6d6-47d15e96d484,Qwen/Qwen2.5-7B-Instruct,mistralai/Mistral-7B-Instruct-v0.3,Exploration of Thoughts and Narratives,Exploration,tie,tie
ensemble_single,9b94e719-f53f-49d2-a6d6-47d15e96d484,Qwen/Qwen2.5-7B-Instruct,mistralai/Mistral-7B-Instruct-v0.3,Exploration of Thoughts and Narratives,Exploration,tie,tie
ensemble_sc,9b94e719-f53f-49d2-a6d6-47d15e96d484,Qwen/Qwen2.5-7B-Instruct,mistralai/Mistral-7B-Instruct-v0.3,Exploration of Thoughts and Narratives,Exploration,tie,tie
single/gemma-3-4b,9b94e719-f53f-49d2-a6d6-47d15e96d484,Qwen/Qwen2.5-7B-Instruct,mistralai/Mistral-7B-Instruct-v0.3,Establish a Trusting Foundation,Insight,x,Qwen/Qwen2.5-7B-Instruct
sc/gemma-3-4b,9b94e719-f53f-49d2-a6d6-47d15e96d484,Qwen/Qwen2.5-7B-Instruct,mistralai/Mistral-7B-Instruct-v0.3,Establish a Trusting Foundation,Insight,tie,tie
single/phi-4-mini,9b94e719-f53f-49d2-a6d6-47d15e96d484,Qwen/Qwen2.5-7B-Instruct,mistralai/Mistral-7B-Instruct-v0.3,Establish a Trusting Foundation,Insight,tie,tie
sc/phi-4-mini,9b94e719-f53f-49d2-a6d6-47d15e96d484,Qwen/Qwen2.5-7B-Instruct,mistralai/Mistral-7B-Instruct-v0.3,Establish a Trusting Foundation,Insight,tie,tie
ensemble_single,9b94e719-f53f-49d2-a6d6-47d15e96d484,Qwen/Qwen2.5-7B-Instruct,mistralai/Mistral-7B-Instruct-v0.3,Establish a Trusting Foundation,Insight,tie,tie
ensemble_sc,9b94e719-f53f-49d2-a6d6-47d15e96d484,Qwen/Qwen2.5-7B-Instruct,mistralai/Mistral-7B-Instruct-v0.3,Establish a Trusting Foundation,Insight,tie,tie
single/gemma-3-4b,9b94e719-f53f-49d2-a6d6-47d15e96d484,Qwen/Qwen2.5-7B-Instruct,mistralai/Mistral-7B-Instruct-v0.3,Assess Readiness for Insight,Insight,tie,tie
sc/gemma-3-4b,9b94e719-f53f-49d2-a6d6-47d15e96d484,Qwen/Qwen2.5-7B-Instruct,mistralai/Mistral-7B-Instruct-v0.3,Assess Readiness for Insight,Insight,tie,tie
single/phi-4-mini,9b94e719-f53f-49d2-a6d6-47d15e96d484,Qwen/Qwen2.5-7B-Instruct,mistralai/Mistral-7B-Instruct-v0.3,Assess Readiness for Insight,Insight,tie,tie
sc/phi-4-mini,9b94e719-f53f-49d2-a6d6-47d15e96d484,Qwen/Qwen2.5-7B-Instruct,mistralai/Mistral-7B-Instruct-v0.3,Assess Readiness for Insight,Insight,tie,tie
ensemble_single,9b94e719-f53f-49d2-a6d6-47d15e96d484,Qwen/Qwen2.5-7B-Instruct,mistralai/Mistral-7B-Instruct-v0.3,Assess Readiness for Insight,Insight,tie,tie
ensemble_sc,9b94e719-f53f-49d2-a6d6-47d15e96d484,Qwen/Qwen2.5-7B-Instruct,mistralai/Mistral-7B-Instruct-v0.3,Assess Readiness for Insight,Insight,tie,tie
single/gemma-3-4b,9b94e719-f53f-49d2-a6d6-47d15e96d484,Qwen/Qwen2.5-7B-Instruct,mistralai/Mistral-7B-Instruct-v0.3,Use Gentle Challenges and Interpretations,Insight,x,Qwen/Qwen2.5-7B-Instruct
sc/gemma-3-4b,9b94e719-f53f-49d2-a6d6-47d15e96d484,Qwen/Qwen2.5-7B-Instruct,mistralai/Mistral-7B-Instruct-v0.3,Use Gentle Challenges and Interpretations,Insight,tie,tie
single/phi-4-mini,9b94e719-f53f-49d2-a6d6-47d15e96d484,Qwen/Qwen2.5-7B-Instruct,mistralai/Mistral-7B-Instruct-v0.3,Use Gentle Challenges and Interpretations,Insight,tie,tie
sc/phi-4-mini,9b94e719-f53f-49d2-a6d6-47d15e96d484,Qwen/Qwen2.5-7B-Instruct,mistralai/Mistral-7B-Instruct-v0.3,Use Gentle Challenges and Interpretations,Insight,tie,tie
ensemble_single,9b94e719-f53f-49d2-a6d6-47d15e96d484,Qwen/Qwen2.5-7B-Instruct,mistralai/Mistral-7B-Instruct-v0.3,Use Gentle Challenges and Interpretations,Insight,tie,tie
ensemble_sc,9b94e719-f53f-49d2-a6d6-47d15e96d484,Qwen/Qwen2.5-7B-Instruct,mistralai/Mistral-7B-Instruct-v0.3,Use Gentle Challenges and Interpretations,Insight,tie,tie
single/gemma-3-4b,9b94e719-f53f-49d2-a6d6-47d15e96d484,Qwen/Qwen2.5-7B-Instruct,mistralai/Mistral-7B-Instruct-v0.3,Clarify the Desired Change,Action,x,Qwen/Qwen2.5-7B-Instruct
sc/gemma-3-4b,9b94e719-f53f-49d2-a6d6-47d15e96d484,Qwen/Qwen2.5-7B-Instruct,mistralai/Mistral-7B-Instruct-v0.3,Clarify the Desired Change,Action,tie,tie
single/phi-4-mini,9b94e719-f53f-49d2-a6d6-47d15e96d484,Qwen/Qwen2.5-7B-Instruct,mistralai/Mistral-7B-Instruct-v0.3,Clarify the Desired Change,Action,y,mistralai/Mistral-7B-Instruct-v0.3
sc/phi-4-mini,9b94e719-f53f-49d2-a6d6-47d15e96d484,Qwen/Qwen2.5-7B-Instruct,mistralai/Mistral-7B-Instruct-v0.3,Clarify the Desired Change,Action,tie,tie
ensemble_single,9b94e719-f53f-49d2-a6d6-47d15e96d484,Qwen/Qwen2.5-7B-Instruct,mistralai/Mistral-7B-Instruct-v0.3,Clarify the Desired Change,Action,tie,tie
ensemble_sc,9b94e719-f53f-49d2-a6d6-47d15e96d484,Qwen/Qwen2.5-7B-Instruct,mistralai/Mistral-7B-Instruct-v0.3,Clarify the Desired Change,Action,tie,tie
single/gemma-3-4b,9b94e719-f53f-49d2-a6d6-47d15e96d484,Qwen/Qwen2.5-7B-Instruct,mistralai/Mistral-7B-Instruct-v0.3,Ensure Readiness and Collaboration,Action,x,Qwen/Qwen2.5-7B-Instruct
sc/gemma-3-4b,9b94e719-f53f-49d2-a6d6-47d15e96d484,Qwen/Qwen2.5-7B-Instruct,mistralai/Mistral-7B-Instruct-v0.3,Ensure Readiness and Collaboration,Action,tie,tie
single/phi-4-mini,9b94e719-f53f-49d2-a6d6-47d15e96d484,Qwen/Qwen2.5-7B-Instruct,mistralai/Mistral-7B-Instruct-v0.3,Ensure Readiness and Collaboration,Action,y,mistralai/Mistral-7B-Instruct-v0.3
sc/phi-4-mini,9b94e719-f53f-49d2-a6d6-47d15e96d484,Qwen/Qwen2.5-7B-Instruct,mistralai/Mistral-7B-Instruct-v0.3,Ensure Readiness and Collaboration,Action,tie,tie
ensemble_single,9b94e719-f53f-49d2-a6d6-47d15e96d484,Qwen/Qwen2.5-7B-Instruct,mistralai/Mistral-7B-Instruct-v0.3,Ensure Readiness and Collaboration,Action,tie,tie
ensemble_sc,9b94e719-f53f-49d2-a6d6-47d15e96d484,Qwen/Qwen2.5-7B-Instruct,mistralai/Mistral-7B-Instruct-v0.3,Ensure Readiness and Collaboration,Action,tie,tie
single/gemma-3-4b,9b94e719-f53f-49d2-a6d6-47d15e96d484,Qwen/Qwen2.5-7B-Instruct,mistralai/Mistral-7B-Instruct-v0.3,Brainstorm and Evaluate Options,Action,x,Qwen/Qwen2.5-7B-Instruct
sc/gemma-3-4b,9b94e719-f53f-49d2-a6d6-47d15e96d484,Qwen/Qwen2.5-7B-Instruct,mistralai/Mistral-7B-Instruct-v0.3,Brainstorm and Evaluate Options,Action,tie,tie
single/phi-4-mini,9b94e719-f53f-49d2-a6d6-47d15e96d484,Qwen/Qwen2.5-7B-Instruct,mistralai/Mistral-7B-Instruct-v0.3,Brainstorm and Evaluate Options,Action,y,mistralai/Mistral-7B-Instruct-v0.3
sc/phi-4-mini,9b94e719-f53f-49d2-a6d6-47d15e96d484,Qwen/Qwen2.5-7B-Instruct,mistralai/Mistral-7B-Instruct-v0.3,Brainstorm and Evaluate Options,Action,tie,tie
ensemble_single,9b94e719-f53f-49d2-a6d6-47d15e96d484,Qwen/Qwen2.5-7B-Instruct,mistralai/Mistral-7B-Instruct-v0.3,Brainstorm and Evaluate Options,Action,tie,tie
ensemble_sc,9b94e719-f53f-49d2-a6d6-47d15e96d484,Qwen/Qwen2.5-7B-Instruct,mistralai/Mistral-7B-Instruct-v0.3,Brainstorm and Evaluate Options,Action,tie,tie
single/gemma-3-4b,9c05341d-1b60-4ea7-a267-e627bf6d0d08,Qwen/Qwen2.5-7B-Instruct,mistralai/Mistral-7B-Instruct-v0.3,Empathic Understanding,Exploration,y,mistralai/Mistral-7B-Instruct-v0.3
sc/gemma-3-4b,9c05341d-1b60-4ea7-a267-e627bf6d0d08,Qwen/Qwen2.5-7B-Instruct,mistralai/Mistral-7B-Instruct-v0.3,Empathic Understanding,Exploration,y,mistralai/Mistral-7B-Instruct-v0.3
single/phi-4-mini,9c05341d-1b60-4ea7-a267-e627bf6d0d08,Qwen/Qwen2.5-7B-Instruct,mistralai/Mistral-7B-Instruct-v0.3,Empathic Understanding,Exploration,tie,tie
sc/phi-4-mini,9c05341d-1b60-4ea7-a267-e627bf6d0d08,Qwen/Qwen2.5-7B-Instruct,mistralai/Mistral-7B-Instruct-v0.3,Empathic Understanding,Exploration,tie,tie
ensemble_single,9c05341d-1b60-4ea7-a267-e627bf6d0d08,Qwen/Qwen2.5-7B-Instruct,mistralai/Mistral-7B-Instruct-v0.3,Empathic Understanding,Exploration,tie,tie
ensemble_sc,9c05341d-1b60-4ea7-a267-e627bf6d0d08,Qwen/Qwen2.5-7B-Instruct,mistralai/Mistral-7B-Instruct-v0.3,Empathic Understanding,Exploration,tie,tie
single/gemma-3-4b,9c05341d-1b60-4ea7-a267-e627bf6d0d08,Qwen/Qwen2.5-7B-Instruct,mistralai/Mistral-7B-Instruct-v0.3,Encouragement of Emotional Expression,Exploration,y,mistralai/Mistral-7B-Instruct-v0.3
sc/gemma-3-4b,9c05341d-1b60-4ea7-a267-e627bf6d0d08,Qwen/Qwen2.5-7B-Instruct,mistralai/Mistral-7B-Instruct-v0.3,Encouragement of Emotional Expression,Exploration,y,mistralai/Mistral-7B-Instruct-v0.3
single/phi-4-mini,9c05341d-1b60-4ea7-a267-e627bf6d0d08,Qwen/Qwen2.5-7B-Instruct,mistralai/Mistral-7B-Instruct-v0.3,Encouragement of Emotional Expression,Exploration,tie,tie
sc/phi-4-mini,9c05341d-1b60-4ea7-a267-e627bf6d0d08,Qwen/Qwen2.5-7B-Instruct,mistralai/Mistral-7B-Instruct-v0.3,Encouragement of Emotional Expression,Exploration,tie,tie
ensemble_single,9c05341d-1b60-4ea7-a267-e627bf6d0d08,Qwen/Qwen2.5-7B-Instruct,mistralai/Mistral-7B-Instruct-v0.3,Encouragement of Emotional Expression,Exploration,tie,tie
ensemble_sc,9c05341d-1b60-4ea7-a267-e627bf6d0d08,Qwen/Qwen2.5-7B-Instruct,mistralai/Mistral-7B-Instruct-v0.3,Encouragement of Emotional Expression,Exploration,tie,tie
single/gemma-3-4b,9c05341d-1b60-4ea7-a267-e627bf6d0d08,Qwen/Qwen2.5-7B-Instruct,mistralai/Mistral-7B-Instruct-v0.3,Exploration of Thoughts and Narratives,Exploration,y,mistralai/Mistral-7B-Instruct-v0.3
sc/gemma-3-4b,9c05341d-1b60-4ea7-a267-e627bf6d0d08,Qwen/Qwen2.5-7B-Instruct,mistralai/Mistral-7B-Instruct-v0.3,Exploration of Thoughts and Narratives,Exploration,y,mistralai/Mistral-7B-Instruct-v0.3
single/phi-4-mini,9c05341d-1b60-4ea7-a267-e627bf6d0d08,Qwen/Qwen2.5-7B-Instruct,mistralai/Mistral-7B-Instruct-v0.3,Exploration of Thoughts and Narratives,Exploration,,
sc/phi-4-mini,9c05341d-1b60-4ea7-a267-e627bf6d0d08,Qwen/Qwen2.5-7B-Instruct,mistralai/Mistral-7B-Instruct-v0.3,Exploration of Thoughts and Narratives,Exploration,,
ensemble_single,9c05341d-1b60-4ea7-a267-e627bf6d0d08,Qwen/Qwen2.5-7B-Instruct,mistralai/Mistral-7B-Instruct-v0.3,Exploration of Thoughts and Narratives,Exploration,,
ensemble_sc,9c05341d-1b60-4ea7-a267-e627bf6d0d08,Qwen/Qwen2.5-7B-Instruct,mistralai/Mistral-7B-Instruct-v0.3,Exploration of Thoughts and Narratives,Exploration,,
single/gemma-3-4b,9c05341d-1b60-4ea7-a267-e627bf6d0d08,Qwen/Qwen2.5-7B-Instruct,mistralai/Mistral-7B-Instruct-v0.3,Establish a Trusting Foundation,Insight,y,mistralai/Mistral-7B-Instruct-v0.3
sc/gemma-3-4b,9c05341d-1b60-4ea7-a267-e627bf6d0d08,Qwen/Qwen2.5-7B-Instruct,mistralai/Mistral-7B-Instruct-v0.3,Establish a Trusting Foundation,Insight,y,mistralai/Mistral-7B-Instruct-v0.3
single/phi-4-mini,9c05341d-1b60-4ea7-a267-e627bf6d0d08,Qwen/Qwen2.5-7B-Instruct,mistralai/Mistral-7B-Instruct-v0.3,Establish a Trusting Foundation,Insight,,
sc/phi-4-mini,9c05341d-1b60-4ea7-a267-e627bf6d0d08,Qwen/Qwen2.5-7B-Instruct,mistralai/Mistral-7B-Instruct-v0.3,Establish a Trusting Foundation,Insight,,
ensemble_single,9c05341d-1b60-4ea7-a267-e627bf6d0d08,Qwen/Qwen2.5-7B-Instruct,mistralai/Mistral-7B-Instruct-v0.3,Establish a Trusting Foundation,Insight,,
ensemble_sc,9c05341d-1b60-4ea7-a267-e627bf6d0d08,Qwen/Qwen2.5-7B-Instruct,mistralai/Mistral-7B-Instruct-v0.3,Establish a Trusting Foundation,Insight,,
single/gemma-3-4b,9c05341d-1b60-4ea7-a267-e627bf6d0d08,Qwen/Qwen2.5-7B-Instruct,mistralai/Mistral-7B-Instruct-v0.3,Assess Readiness for Insight,Insight,y,mistralai/Mistral-7B-Instruct-v0.3
sc/gemma-3-4b,9c05341d-1b60-4ea7-a267-e627bf6d0d08,Qwen/Qwen2.5-7B-Instruct,mistralai/Mistral-7B-Instruct-v0.3,Assess Readiness for Insight,Insight,y,mistralai/Mistral-7B-Instruct-v0.3
single/phi-4-mini,9c05341d-1b60-4ea7-a267-e627bf6d0d08,Qwen/Qwen2.5-7B-Instruct,mistralai/Mistral-7B-Instruct-v0.3,Assess Readiness for Insight,Insight,,
sc/phi-4-mini,9c05341d-1b60-4ea7-a267-e627bf6d0d08,Qwen/Qwen2.5-7B-Instruct,mistralai/Mistral-7B-Instruct-v0.3,Assess Readiness for Insight,Insight,,
ensemble_single,9c05341d-1b60-4ea7-a267-e627bf6d0d08,Qwen/Qwen2.5-7B-Instruct,mistralai/Mistral-7B-Instruct-v0.3,Assess Readiness for Insight,Insight,,
ensemble_sc,9c05341d-1b60-4ea7-a267-e627bf6d0d08,Qwen/Qwen2.5-7B-Instruct,mistralai/Mistral-7B-Instruct-v0.3,Assess Readiness for Insight,Insight,,
single/gemma-3-4b,9c05341d-1b60-4ea7-a267-e627bf6d0d08,Qwen/Qwen2.5-7B-Instruct,mistralai/Mistral-7B-Instruct-v0.3,Use Gentle Challenges and Interpretations,Insight,tie,tie
sc/gemma-3-4b,9c05341d-1b60-4ea7-a267-e627bf6d0d08,Qwen/Qwen2.5-7B-Instruct,mistralai/Mistral-7B-Instruct-v0.3,Use Gentle Challenges and Interpretations,Insight,tie,tie
single/phi-4-mini,9c05341d-1b60-4ea7-a267-e627bf6d0d08,Qwen/Qwen2.5-7B-Instruct,mistralai/Mistral-7B-Instruct-v0.3,Use Gentle Challenges and Interpretations,Insight,,
sc/phi-4-mini,9c05341d-1b60-4ea7-a267-e627bf6d0d08,Qwen/Qwen2.5-7B-Instruct,mistralai/Mistral-7B-Instruct-v0.3,Use Gentle Challenges and Interpretations,Insight,,
ensemble_single,9c05341d-1b60-4ea7-a267-e627bf6d0d08,Qwen/Qwen2.5-7B-Instruct,mistralai/Mistral-7B-Instruct-v0.3,Use Gentle Challenges and Interpretations,Insight,,
ensemble_sc,9c05341d-1b60-4ea7-a267-e627bf6d0d08,Qwen/Qwen2.5-7B-Instruct,mistralai/Mistral-7B-Instruct-v0.3,Use Gentle Challenges and Interpretations,Insight,,
single/gemma-3-4b,9c05341d-1b60-4ea7-a267-e627bf6d0d08,Qwen/Qwen2.5-7B-Instruct,mistralai/Mistral-7B-Instruct-v0.3,Clarify the Desired Change,Action,tie,tie
sc/gemma-3-4b,9c05341d-1b60-4ea7-a267-e627bf6d0d08,Qwen/Qwen2.5-7B-Instruct,mistralai/Mistral-7B-Instruct-v0.3,Clarify the Desired Change,Action,tie,tie
single/phi-4-mini,9c05341d-1b60-4ea7-a267-e627bf6d0d08,Qwen/Qwen2.5-7B-Instruct,mistralai/Mistral-7B-Instruct-v0.3,Clarify the Desired Change,Action,,
sc/phi-4-mini,9c05341d-1b60-4ea7-a267-e627bf6d0d08,Qwen/Qwen2.5-7B-Instruct,mistralai/Mistral-7B-Instruct-v0.3,Clarify the Desired Change,Action,,
ensemble_single,9c05341d-1b60-4ea7-a267-e627bf6d0d08,Qwen/Qwen2.5-7B-Instruct,mistralai/Mistral-7B-Instruct-v0.3,Clarify the Desired Change,Action,,
ensemble_sc,9c05341d-1b60-4ea7-a267-e627bf6d0d08,Qwen/Qwen2.5-7B-Instruct,mistralai/Mistral-7B-Instruct-v0.3,Clarify the Desired Change,Action,,
single/gemma-3-4b,9c05341d-1b60-4ea7-a267-e627bf6d0d08,Qwen/Qwen2.5-7B-Instruct,mistralai/Mistral-7B-Instruct-v0.3,Ensure Readiness and Collaboration,Action,y,mistralai/Mistral-7B-Instruct-v0.3
sc/gemma-3-4b,9c05341d-1b60-4ea7-a267-e627bf6d0d08,Qwen/Qwen2.5-7B-Instruct,mistralai/Mistral-7B-Instruct-v0.3,Ensure Readiness and Collaboration,Action,y,mistralai/Mistral-7B-Instruct-v0.3
single/phi-4-mini,9c05341d-1b60-4ea7-a267-e627bf6d0d08,Qwen/Qwen2.5-7B-Instruct,mistralai/Mistral-7B-Instruct-v0.3,Ensure Readiness and Collaboration,Action,,
sc/phi-4-mini,9c05341d-1b60-4ea7-a267-e627bf6d0d08,Qwen/Qwen2.5-7B-Instruct,mistralai/Mistral-7B-Instruct-v0.3,Ensure Readiness and Collaboration,Action,,
ensemble_single,9c05341d-1b60-4ea7-a267-e627bf6d0d08,Qwen/Qwen2.5-7B-Instruct,mistralai/Mistral-7B-Instruct-v0.3,Ensure Readiness and Collaboration,Action,,
ensemble_sc,9c05341d-1b60-4ea7-a267-e627bf6d0d08,Qwen/Qwen2.5-7B-Instruct,mistralai/Mistral-7B-Instruct-v0.3,Ensure Readiness and Collaboration,Action,,
single/gemma-3-4b,9c05341d-1b60-4ea7-a267-e627bf6d0d08,Qwen/Qwen2.5-7B-Instruct,mistralai/Mistral-7B-Instruct-v0.3,Brainstorm and Evaluate Options,Action,y,mistralai/Mistral-7B-Instruct-v0.3
sc/gemma-3-4b,9c05341d-1b60-4ea7-a267-e627bf6d0d08,Qwen/Qwen2.5-7B-Instruct,mistralai/Mistral-7B-Instruct-v0.3,Brainstorm and Evaluate Options,Action,y,mistralai/Mistral-7B-Instruct-v0.3
single/phi-4-mini,9c05341d-1b60-4ea7-a267-e627bf6d0d08,Qwen/Qwen2.5-7B-Instruct,mistralai/Mistral-7B-Instruct-v0.3,Brainstorm and Evaluate Options,Action,,
sc/phi-4-mini,9c05341d-1b60-4ea7-a267-e627bf6d0d08,Qwen/Qwen2.5-7B-Instruct,mistralai/Mistral-7B-Instruct-v0.3,Brainstorm and Evaluate Options,Action,,
ensemble_single,9c05341d-1b60-4ea7-a267-e627bf6d0d08,Qwen/Qwen2.5-7B-Instruct,mistralai/Mistral-7B-Instruct-v0.3,Brainstorm and Evaluate Options,Action,,
ensemble_sc,9c05341d-1b60-4ea7-a267-e627bf6d0d08,Qwen/Qwen2.5-7B-Instruct,mistralai/Mistral-7B-Instruct-v0.3,Brainstorm and Evaluate Options,Action,,
single/gemma-3-4b,a0fd0b99-9b4a-4f05-8953-b1909b341811,Qwen/Qwen2.5-7B-Instruct,mistralai/Mistral-7B-Instruct-v0.3,Empathic Understanding,Exploration,y,mistralai/Mistral-7B-Instruct-v0.3
sc/gemma-3-4b,a0fd0b99-9b4a-4f05-8953-b1909b341811,Qwen/Qwen2.5-7B-Instruct,mistralai/Mistral-7B-Instruct-v0.3,Empathic Understanding,Exploration,tie,tie
single/phi-4-mini,a0fd0b99-9b4a-4f05-8953-b1909b341811,Qwen/Qwen2.5-7B-Instruct,mistralai/Mistral-7B-Instruct-v0.3,Empathic Understanding,Exploration,tie,tie
sc/phi-4-mini,a0fd0b99-9b4a-4f05-8953-b1909b341811,Qwen/Qwen2.5-7B-Instruct,mistralai/Mistral-7B-Instruct-v0.3,Empathic Understanding,Exploration,tie,tie
ensemble_single,a0fd0b99-9b4a-4f05-8953-b1909b341811,Qwen/Qwen2.5-7B-Instruct,mistralai/Mistral-7B-Instruct-v0.3,Empathic Understanding,Exploration,tie,tie
ensemble_sc,a0fd0b99-9b4a-4f05-8953-b1909b341811,Qwen/Qwen2.5-7B-Instruct,mistralai/Mistral-7B-Instruct-v0.3,Empathic Understanding,Exploration,tie,tie
single/gemma-3-4b,a0fd0b99-9b4a-4f05-8953-b1909b341811,Qwen/Qwen2.5-7B-Instruct,mistralai/Mistral-7B-Instruct-v0.3,Encouragement of Emotional Expression,Exploration,y,mistralai/Mistral-7B-Instruct-v0.3
sc/gemma-3-4b,a0fd0b99-9b4a-4f05-8953-b1909b341811,Qwen/Qwen2.5-7B-Instruct,mistralai/Mistral-7B-Instruct-v0.3,Encouragement of Emotional Expression,Exploration,tie,tie
single/phi-4-mini,a0fd0b99-9b4a-4f05-8953-b1909b341811,Qwen/Qwen2.5-7B-Instruct,mistralai/Mistral-7B-Instruct-v0.3,Encouragement of Emotional Expression,Exploration,tie,tie
sc/phi-4-mini,a0fd0b99-9b4a-4f05-8953-b1909b341811,Qwen/Qwen2.5-7B-Instruct,mistralai/Mistral-7B-Instruct-v0.3,Encouragement of Emotional Expression,Exploration,tie,tie
ensemble_single,a0fd0b99-9b4a-4f05-8953-b1909b341811,Qwen/Qwen2.5-7B-Instruct,mistralai/Mistral-7B-Instruct-v0.3,Encouragement of Emotional Expression,Exploration,tie,tie
ensemble_sc,a0fd0b99-9b4a-4f05-8953-b1909b341811,Qwen/Qwen2.5-7B-Instruct,mistralai/Mistral-7B-Instruct-v0.3,Encouragement of Emotional Expression,Exploration,tie,tie
single/gemma-3-4b,a0fd0b99-9b4a-4f05-8953-b1909b341811,Qwen/Qwen2.5-7B-Instruct,mistralai/Mistral-7B-Instruct-v0.3,Exploration of Thoughts and Narratives,Exploration,y,mistralai/Mistral-7B-Instruct-v0.3
sc/gemma-3-4b,a0fd0b99-9b4a-4f05-8953-b1909b341811,Qwen/Qwen2.5-7B-Instruct,mistralai/Mistral-7B-Instruct-v0.3,Exploration of Thoughts and Narratives,Exploration,tie,tie
single/phi-4-mini,a0fd0b99-9b4a-4f05-8953-b1909b341811,Qwen/Qwen2.5-7B-Instruct,mistralai/Mistral-7B-Instruct-v0.3,Exploration of Thoughts and Narratives,Exploration,tie,tie
sc/phi-4-mini,a0fd0b99-9b4a-4f05-8953-b1909b341811,Qwen/Qwen2.5-7B-Instruct,mistralai/Mistral-7B-Instruct-v0.3,Exploration of Thoughts and Narratives,Exploration,tie,tie
ensemble_single,a0fd0b99-9b4a-4f05-8953-b1909b341811,Qwen/Qwen2.5-7B-Instruct,mistralai/Mistral-7B-Instruct-v0.3,Exploration of Thoughts and Narratives,Exploration,tie,tie
ensemble_sc,a0fd0b99-9b4a-4f05-8953-b1909b341811,Qwen/Qwen2.5-7B-Instruct,mistralai/Mistral-7B-Instruct-v0.3,Exploration of Thoughts and Narratives,Exploration,tie,tie
single/gemma-3-4b,a0fd0b99-9b4a-4f05-8953-b1909b341811,Qwen/Qwen2.5-7B-Instruct,mistralai/Mistral-7B-Instruct-v0.3,Establish a Trusting Foundation,Insight,y,mistralai/Mistral-7B-Instruct-v0.3
sc/gemma-3-4b,a0fd0b99-9b4a-4f05-8953-b1909b341811,Qwen/Qwen2.5-7B-Instruct,mistralai/Mistral-7B-Instruct-v0.3,Establish a Trusting Foundation,Insight,tie,tie
single/phi-4-mini,a0fd0b99-9b4a-4f05-8953-b1909b341811,Qwen/Qwen2.5-7B-Instruct,mistralai/Mistral-7B-Instruct-v0.3,Establish a Trusting Foundation,Insight,tie,tie
sc/phi-4-mini,a0fd0b99-9b4a-4f05-8953-b1909b341811,Qwen/Qwen2.5-7B-Instruct,mistralai/Mistral-7B-Instruct-v0.3,Establish a Trusting Foundation,Insight,tie,tie
ensemble_single,a0fd0b99-9b4a-4f05-8953-b1909b341811,Qwen/Qwen2.5-7B-Instruct,mistralai/Mistral-7B-Instruct-v0.3,Establish a Trusting Foundation,Insight,tie,tie
ensemble_sc,a0fd0b99-9b4a-4f05-8953-b1909b341811,Qwen/Qwen2.5-7B-Instruct,mistralai/Mistral-7B-Instruct-v0.3,Establish a Trusting Foundation,Insight,tie,tie
single/gemma-3-4b,a0fd0b99-9b4a-4f05-8953-b1909b341811,Qwen/Qwen2.5-7B-Instruct,mistralai/Mistral-7B-Instruct-v0.3,Assess Readiness for Insight,Insight,y,mistralai/Mistral-7B-Instruct-v0.3
sc/gemma-3-4b,a0fd0b99-9b4a-4f05-8953-b1909b341811,Qwen/Qwen2.5-7B-Instruct,mistralai/Mistral-7B-Instruct-v0.3,Assess Readiness for Insight,Insight,tie,tie
single/phi-4-mini,a0fd0b99-9b4a-4f05-8953-b1909b341811,Qwen/Qwen2.5-7B-Instruct,mistralai/Mistral-7B-Instruct-v0.3,Assess Readiness for Insight,Insight,tie,tie
sc/phi-4-mini,a0fd0b99-9b4a-4f05-8953-b1909b341811,Qwen/Qwen2.5-7B-Instruct,mistralai/Mistral-7B-Instruct-v0.3,Assess Readiness for Insight,Insight,tie,tie
ensemble_single,a0fd0b99-9b4a-4f05-8953-b1909b341811,Qwen/Qwen2.5-7B-Instruct,mistralai/Mistral-7B-Instruct-v0.3,Assess Readiness for Insight,Insight,tie,tie
ensemble_sc,a0fd0b99-9b4a-4f05-8953-b1909b341811,Qwen/Qwen2.5-7B-Instruct,mistralai/Mistral-7B-Instruct-v0.3,Assess Readiness for Insight,Insight,tie,tie
single/gemma-3-4b,a0fd0b99-9b4a-4f05-8953-b1909b341811,Qwen/Qwen2.5-7B-Instruct,mistralai/Mistral-7B-Instruct-v0.3,Use Gentle Challenges and Interpretations,Insight,y,mistralai/Mistral-7B-Instruct-v0.3
sc/gemma-3-4b,a0fd0b99-9b4a-4f05-8953-b1909b341811,Qwen/Qwen2.5-7B-Instruct,mistralai/Mistral-7B-Instruct-v0.3,Use Gentle Challenges and Interpretations,Insight,tie,tie
single/phi-4-mini,a0fd0b99-9b4a-4f05-8953-b1909b341811,Qwen/Qwen2.5-7B-Instruct,mistralai/Mistral-7B-Instruct-v0.3,Use Gentle Challenges and Interpretations,Insight,tie,tie
sc/phi-4-mini,a0fd0b99-9b4a-4f05-8953-b1909b341811,Qwen/Qwen2.5-7B-Instruct,mistralai/Mistral-7B-Instruct-v0.3,Use Gentle Challenges and Interpretations,Insight,tie,tie
ensemble_single,a0fd0b99-9b4a-4f05-8953-b1909b341811,Qwen/Qwen2.5-7B-Instruct,mistralai/Mistral-7B-Instruct-v0.3,Use Gentle Challenges and Interpretations,Insight,tie,tie
ensemble_sc,a0fd0b99-9b4a-4f05-8953-b1909b341811,Qwen/Qwen2.5-7B-Instruct,mistralai/Mistral-7B-Instruct-v0.3,Use Gentle Challenges and Interpretations,Insight,tie,tie
single/gemma-3-4b,a0fd0b99-9b4a-4f05-8953-b1909b341811,Qwen/Qwen2.5-7B-Instruct,mistralai/Mistral-7B-Instruct-v0.3,Clarify the Desired Change,Action,y,mistralai/Mistral-7B-Instruct-v0.3
sc/gemma-3-4b,a0fd0b99-9b4a-4f05-8953-b1909b341811,Qwen/Qwen2.5-7B-Instruct,mistralai/Mistral-7B-Instruct-v0.3,Clarify the Desired Change,Action,tie,tie
single/phi-4-mini,a0fd0b99-9b4a-4f05-8953-b1909b341811,Qwen/Qwen2.5-7B-Instruct,mistralai/Mistral-7B-Instruct-v0.3,Clarify the Desired Change,Action,tie,tie
sc/phi-4-mini,a0fd0b99-9b4a-4f05-8953-b1909b341811,Qwen/Qwen2.5-7B-Instruct,mistralai/Mistral-7B-Instruct-v0.3,Clarify the Desired Change,Action,tie,tie
ensemble_single,a0fd0b99-9b4a-4f05-8953-b1909b341811,Qwen/Qwen2.5-7B-Instruct,mistralai/Mistral-7B-Instruct-v0.3,Clarify the Desired Change,Action,tie,tie
ensemble_sc,a0fd0b99-9b4a-4f05-8953-b1909b341811,Qwen/Qwen2.5-7B-Instruct,mistralai/Mistral-7B-Instruct-v0.3,Clarify the Desired Change,Action,tie,tie
single/gemma-3-4b,a0fd0b99-9b4a-4f05-8953-b1909b341811,Qwen/Qwen2.5-7B-Instruct,mistralai/Mistral-7B-Instruct-v0.3,Ensure Readiness and Collaboration,Action,y,mistralai/Mistral-7B-Instruct-v0.3
sc/gemma-3-4b,a0fd0b99-9b4a-4f05-8953-b1909b341811,Qwen/Qwen2.5-7B-Instruct,mistralai/Mistral-7B-Instruct-v0.3,Ensure Readiness and Collaboration,Action,tie,tie
single/phi-4-mini,a0fd0b99-9b4a-4f05-8953-b1909b341811,Qwen/Qwen2.5-7B-Instruct,mistralai/Mistral-7B-Instruct-v0.3,Ensure Readiness and Collaboration,Action,tie,tie
sc/phi-4-mini,a0fd0b99-9b4a-4f05-8953-b1909b341811,Qwen/Qwen2.5-7B-Instruct,mistralai/Mistral-7B-Instruct-v0.3,Ensure Readiness and Collaboration,Action,tie,tie
ensemble_single,a0fd0b99-9b4a-4f05-8953-b1909b341811,Qwen/Qwen2.5-7B-Instruct,mistralai/Mistral-7B-Instruct-v0.3,Ensure Readiness and Collaboration,Action,tie,tie
ensemble_sc,a0fd0b99-9b4a-4f05-8953-b1909b341811,Qwen/Qwen2.5-7B-Instruct,mistralai/Mistral-7B-Instruct-v0.3,Ensure Readiness and Collaboration,Action,tie,tie
single/gemma-3-4b,a0fd0b99-9b4a-4f05-8953-b1909b341811,Qwen/Qwen2.5-7B-Instruct,mistralai/Mistral-7B-Instruct-v0.3,Brainstorm and Evaluate Options,Action,tie,tie
sc/gemma-3-4b,a0fd0b99-9b4a-4f05-8953-b1909b341811,Qwen/Qwen2.5-7B-Instruct,mistralai/Mistral-7B-Instruct-v0.3,Brainstorm and Evaluate Options,Action,tie,tie
single/phi-4-mini,a0fd0b99-9b4a-4f05-8953-b1909b341811,Qwen/Qwen2.5-7B-Instruct,mistralai/Mistral-7B-Instruct-v0.3,Brainstorm and Evaluate Options,Action,tie,tie
sc/phi-4-mini,a0fd0b99-9b4a-4f05-8953-b1909b341811,Qwen/Qwen2.5-7B-Instruct,mistralai/Mistral-7B-Instruct-v0.3,Brainstorm and Evaluate Options,Action,tie,tie
ensemble_single,a0fd0b99-9b4a-4f05-8953-b1909b341811,Qwen/Qwen2.5-7B-Instruct,mistralai/Mistral-7B-Instruct-v0.3,Brainstorm and Evaluate Options,Action,tie,tie
ensemble_sc,a0fd0b99-9b4a-4f05-8953-b1909b341811,Qwen/Qwen2.5-7B-Instruct,mistralai/Mistral-7B-Instruct-v0.3,Brainstorm and Evaluate Options,Action,tie,tie
single/gemma-3-4b,a896938d-6fda-4a39-8963-a4c1811c47b5,Qwen/Qwen2.5-7B-Instruct,mistralai/Mistral-7B-Instruct-v0.3,Empathic Understanding,Exploration,x,Qwen/Qwen2.5-7B-Instruct
sc/gemma-3-4b,a896938d-6fda-4a39-8963-a4c1811c47b5,Qwen/Qwen2.5-7B-Instruct,mistralai/Mistral-7B-Instruct-v0.3,Empathic Understanding,Exploration,tie,tie
single/phi-4-mini,a896938d-6fda-4a39-8963-a4c1811c47b5,Qwen/Qwen2.5-7B-Instruct,mistralai/Mistral-7B-Instruct-v0.3,Empathic Understanding,Exploration,tie,tie
sc/phi-4-mini,a896938d-6fda-4a39-8963-a4c1811c47b5,Qwen/Qwen2.5-7B-Instruct,mistralai/Mistral-7B-Instruct-v0.3,Empathic Understanding,Exploration,tie,tie
ensemble_single,a896938d-6fda-4a39-8963-a4c1811c47b5,Qwen/Qwen2.5-7B-Instruct,mistralai/Mistral-7B-Instruct-v0.3,Empathic Understanding,Exploration,tie,tie
ensemble_sc,a896938d-6fda-4a39-8963-a4c1811c47b5,Qwen/Qwen2.5-7B-Instruct,mistralai/Mistral-7B-Instruct-v0.3,Empathic Understanding,Exploration,tie,tie
single/gemma-3-4b,a896938d-6fda-4a39-8963-a4c1811c47b5,Qwen/Qwen2.5-7B-Instruct,mistralai/Mistral-7B-Instruct-v0.3,Encouragement of Emotional Expression,Exploration,tie,tie
sc/gemma-3-4b,a896938d-6fda-4a39-8963-a4c1811c47b5,Qwen/Qwen2.5-7B-Instruct,mistralai/Mistral-7B-Instruct-v0.3,Encouragement of Emotional Expression,Exploration,tie,tie
single/phi-4-mini,a896938d-6fda-4a39-8963-a4c1811c47b5,Qwen/Qwen2.5-7B-Instruct,mistralai/Mistral-7B-Instruct-v0.3,Encouragement of Emotional Expression,Exploration,tie,tie
sc/phi-4-mini,a896938d-6fda-4a39-8963-a4c1811c47b5,Qwen/Qwen2.5-7B-Instruct,mistralai/Mistral-7B-Instruct-v0.3,Encouragement of Emotional Expression,Exploration,tie,tie
ensemble_single,a896938d-6fda-4a39-8963-a4c1811c47b5,Qwen/Qwen2.5-7B-Instruct,mistralai/Mistral-7B-Instruct-v0.3,Encouragement of Emotional Expression,Exploration,tie,tie
ensemble_sc,a896938d-6fda-4a39-8963-a4c1811c47b5,Qwen/Qwen2.5-7B-Instruct,mistralai/Mistral-7B-Instruct-v0.3,Encouragement of Emotional Expression,Exploration,tie,tie
single/gemma-3-4b,a896938d-6fda-4a39-8963-a4c1811c47b5,Qwen/Qwen2.5-7B-Instruct,mistralai/Mistral-7B-Instruct-v0.3,Exploration of Thoughts and Narratives,Exploration,x,Qwen/Qwen2.5-7B-Instruct
sc/gemma-3-4b,a896938d-6fda-4a39-8963-a4c1811c47b5,Qwen/Qwen2.5-7B-Instruct,mistralai/Mistral-7B-Instruct-v0.3,Exploration of Thoughts and Narratives,Exploration,tie,tie
single/phi-4-mini,a896938d-6fda-4a39-8963-a4c1811c47b5,Qwen/Qwen2.5-7B-Instruct,mistralai/Mistral-7B-Instruct-v0.3,Exploration of Thoughts and Narratives,Exploration,tie,tie
sc/phi-4-mini,a896938d-6fda-4a39-8963-a4c1811c47b5,Qwen/Qwen2.5-7B-Instruct,mistralai/Mistral-7B-Instruct-v0.3,Exploration of Thoughts and Narratives,Exploration,tie,tie
ensemble_single,a896938d-6fda-4a39-8963-a4c1811c47b5,Qwen/Qwen2.5-7B-Instruct,mistralai/Mistral-7B-Instruct-v0.3,Exploration of Thoughts and Narratives,Exploration,tie,tie
ensemble_sc,a896938d-6fda-4a39-8963-a4c1811c47b5,Qwen/Qwen2.5-7B-Instruct,mistralai/Mistral-7B-Instruct-v0.3,Exploration of Thoughts and Narratives,Exploration,tie,tie
single/gemma-3-4b,a896938d-6fda-4a39-8963-a4c1811c47b5,Qwen/Qwen2.5-7B-Instruct,mistralai/Mistral-7B-Instruct-v0.3,Establish a Trusting Foundation,Insight,x,Qwen/Qwen2.5-7B-Instruct
sc/gemma-3-4b,a896938d-6fda-4a39-8963-a4c1811c47b5,Qwen/Qwen2.5-7B-Instruct,mistralai/Mistral-7B-Instruct-v0.3,Establish a Trusting Foundation,Insight,tie,tie
single/phi-4-mini,a896938d-6fda-4a39-8963-a4c1811c47b5,Qwen/Qwen2.5-7B-Instruct,mistralai/Mistral-7B-Instruct-v0.3,Establish a Trusting Foundation,Insight,tie,tie
sc/phi-4-mini,a896938d-6fda-4a39-8963-a4c1811c47b5,Qwen/Qwen2.5-7B-Instruct,mistralai/Mistral-7B-Instruct-v0.3,Establish a Trusting Foundation,Insight,tie,tie
ensemble_single,a896938d-6fda-4a39-8963-a4c1811c47b5,Qwen/Qwen2.5-7B-Instruct,mistralai/Mistral-7B-Instruct-v0.3,Establish a Trusting Foundation,Insight,tie,tie
ensemble_sc,a896938d-6fda-4a39-8963-a4c1811c47b5,Qwen/Qwen2.5-7B-Instruct,mistralai/Mistral-7B-Instruct-v0.3,Establish a Trusting Foundation,Insight,tie,tie
single/gemma-3-4b,a896938d-6fda-4a39-8963-a4c1811c47b5,Qwen/Qwen2.5-7B-Instruct,mistralai/Mistral-7B-Instruct-v0.3,Assess Readiness for Insight,Insight,x,Qwen/Qwen2.5-7B-Instruct
sc/gemma-3-4b,a896938d-6fda-4a39-8963-a4c1811c47b5,Qwen/Qwen2.5-7B-Instruct,mistralai/Mistral-7B-Instruct-v0.3,Assess Readiness for Insight,Insight,tie,tie
single/phi-4-mini,a896938d-6fda-4a39-8963-a4c1811c47b5,Qwen/Qwen2.5-7B-Instruct,mistralai/Mistral-7B-Instruct-v0.3,Assess Readiness for Insight,Insight,tie,tie
sc/phi-4-mini,a896938d-6fda-4a39-8963-a4c1811c47b5,Qwen/Qwen2.5-7B-Instruct,mistralai/Mistral-7B-Instruct-v0.3,Assess Readiness for Insight,Insight,tie,tie
ensemble_single,a896938d-6fda-4a39-8963-a4c1811c47b5,Qwen/Qwen2.5-7B-Instruct,mistralai/Mistral-7B-Instruct-v0.3,Assess Readiness for Insight,Insight,tie,tie
ensemble_sc,a896938d-6fda-4a39-8963-a4c1811c47b5,Qwen/Qwen2.5-7B-Instruct,mistralai/Mistral-7B-Instruct-v0.3,Assess Readiness for Insight,Insight,tie,tie
single/gemma-3-4b,a896938d-6fda-4a39-8963-a4c1811c47b5,Qwen/Qwen2.5-7B-Instruct,mistralai/Mistral-7B-Instruct-v0.3,Use Gentle Challenges and Interpretations,Insight,x,Qwen/Qwen2.5-7B-Instruct
sc/gemma-3-4b,a896938d-6fda-4a39-8963-a4c1811c47b5,Qwen/Qwen2.5-7B-Instruct,mistralai/Mistral-7B-Instruct-v0.3,Use Gentle Challenges and Interpretations,Insight,tie,tie
single/phi-4-mini,a896938d-6fda-4a39-8963-a4c1811c47b5,Qwen/Qwen2.5-7B-Instruct,mistralai/Mistral-7B-Instruct-v0.3,Use Gentle Challenges and Interpretations,Insight,tie,tie
sc/phi-4-mini,a896938d-6fda-4a39-8963-a4c1811c47b5,Qwen/Qwen2.5-7B-Instruct,mistralai/Mistral-7B-Instruct-v0.3,Use Gentle Challenges and Interpretations,Insight,tie,tie
ensemble_single,a896938d-6fda-4a39-8963-a4c1811c47b5,Qwen/Qwen2.5-7B-Instruct,mistralai/Mistral-7B-Instruct-v0.3,Use Gentle Challenges and Interpretations,Insight,tie,tie
ensemble_sc,a896938d-6fda-4a39-8963-a4c1811c47b5,Qwen/Qwen2.5-7B-Instruct,mistralai/Mistral-7B-Instruct-v0.3,Use Gentle Challenges and Interpretations,Insight,tie,tie
single/gemma-3-4b,a896938d-6fda-4a39-8963-a4c1811c47b5,Qwen/Qwen2.5-7B-Instruct,mistralai/Mistral-7B-Instruct-v0.3,Clarify the Desired Change,Action,tie,tie
sc/gemma-3-4b,a896938d-6fda-4a39-8963-a4c1811c47b5,Qwen/Qwen2.5-7B-Instruct,mistralai/Mistral-7B-Instruct-v0.3,Clarify the Desired Change,Action,tie,tie
single/phi-4-mini,a896938d-6fda-4a39-8963-a4c1811c47b5,Qwen/Qwen2.5-7B-Instruct,mistralai/Mistral-7B-Instruct-v0.3,Clarify the Desired Change,Action,tie,tie
sc/phi-4-mini,a896938d-6fda-4a39-8963-a4c1811c47b5,Qwen/Qwen2.5-7B-Instruct,mistralai/Mistral-7B-Instruct-v0.3,Clarify the Desired Change,Action,tie,tie
ensemble_single,a896938d-6fda-4a39-8963-a4c1811c47b5,Qwen/Qwen2.5-7B-Instruct,mistralai/Mistral-7B-Instruct-v0.3,Clarify the Desired Change,Action,tie,tie
ensemble_sc,a896938d-6fda-4a39-8963-a4c1811c47b5,Qwen/Qwen2.5-7B-Instruct,mistralai/Mistral-7B-Instruct-v0.3,Clarify the Desired Change,Action,tie,tie
single/gemma-3-4b,a896938d-6fda-4a39-8963-a4c1811c47b5,Qwen/Qwen2.5-7B-Instruct,mistralai/Mistral-7B-Instruct-v0.3,Ensure Readiness and Collaboration,Action,x,Qwen/Qwen2.5-7B-Instruct
sc/gemma-3-4b,a896938d-6fda-4a39-8963-a4c1811c47b5,Qwen/Qwen2.5-7B-Instruct,mistralai/Mistral-7B-Instruct-v0.3,Ensure Readiness and Collaboration,Action,tie,tie
single/phi-4-mini,a896938d-6fda-4a39-8963-a4c1811c47b5,Qwen/Qwen2.5-7B-Instruct,mistralai/Mistral-7B-Instruct-v0.3,Ensure Readiness and Collaboration,Action,tie,tie
sc/phi-4-mini,a896938d-6fda-4a39-8963-a4c1811c47b5,Qwen/Qwen2.5-7B-Instruct,mistralai/Mistral-7B-Instruct-v0.3,Ensure Readiness and Collaboration,Action,tie,tie
ensemble_single,a896938d-6fda-4a39-8963-a4c1811c47b5,Qwen/Qwen2.5-7B-Instruct,mistralai/Mistral-7B-Instruct-v0.3,Ensure Readiness and Collaboration,Action,tie,tie
ensemble_sc,a896938d-6fda-4a39-8963-a4c1811c47b5,Qwen/Qwen2.5-7B-Instruct,mistralai/Mistral-7B-Instruct-v0.3,Ensure Readiness and Collaboration,Action,tie,tie
single/gemma-3-4b,a896938d-6fda-4a39-8963-a4c1811c47b5,Qwen/Qwen2.5-7B-Instruct,mistralai/Mistral-7B-Instruct-v0.3,Brainstorm and Evaluate Options,Action,tie,tie
sc/gemma-3-4b,a896938d-6fda-4a39-8963-a4c1811c47b5,Qwen/Qwen2.5-7B-Instruct,mistralai/Mistral-7B-Instruct-v0.3,Brainstorm and Evaluate Options,Action,tie,tie
single/phi-4-mini,a896938d-6fda-4a39-8963-a4c1811c47b5,Qwen/Qwen2.5-7B-Instruct,mistralai/Mistral-7B-Instruct-v0.3,Brainstorm and Evaluate Options,Action,tie,tie
sc/phi-4-mini,a896938d-6fda-4a39-8963-a4c1811c47b5,Qwen/Qwen2.5-7B-Instruct,mistralai/Mistral-7B-Instruct-v0.3,Brainstorm and Evaluate Options,Action,tie,tie
ensemble_single,a896938d-6fda-4a39-8963-a4c1811c47b5,Qwen/Qwen2.5-7B-Instruct,mistralai/Mistral-7B-Instruct-v0.3,Brainstorm and Evaluate Options,Action,tie,tie
ensemble_sc,a896938d-6fda-4a39-8963-a4c1811c47b5,Qwen/Qwen2.5-7B-Instruct,mistralai/Mistral-7B-Instruct-v0.3,Brainstorm and Evaluate Options,Action,tie,tie
single/gemma-3-4b,a97dc927-5c3b-4679-a61f-f596997f44aa,Qwen/Qwen2.5-7B-Instruct,mistralai/Mistral-7B-Instruct-v0.3,Empathic Understanding,Exploration,y,mistralai/Mistral-7B-Instruct-v0.3
sc/gemma-3-4b,a97dc927-5c3b-4679-a61f-f596997f44aa,Qwen/Qwen2.5-7B-Instruct,mistralai/Mistral-7B-Instruct-v0.3,Empathic Understanding,Exploration,tie,tie
single/phi-4-mini,a97dc927-5c3b-4679-a61f-f596997f44aa,Qwen/Qwen2.5-7B-Instruct,mistralai/Mistral-7B-Instruct-v0.3,Empathic Understanding,Exploration,x,Qwen/Qwen2.5-7B-Instruct
sc/phi-4-mini,a97dc927-5c3b-4679-a61f-f596997f44aa,Qwen/Qwen2.5-7B-Instruct,mistralai/Mistral-7B-Instruct-v0.3,Empathic Understanding,Exploration,x,Qwen/Qwen2.5-7B-Instruct
ensemble_single,a97dc927-5c3b-4679-a61f-f596997f44aa,Qwen/Qwen2.5-7B-Instruct,mistralai/Mistral-7B-Instruct-v0.3,Empathic Understanding,Exploration,tie,tie
ensemble_sc,a97dc927-5c3b-4679-a61f-f596997f44aa,Qwen/Qwen2.5-7B-Instruct,mistralai/Mistral-7B-Instruct-v0.3,Empathic Understanding,Exploration,tie,tie
single/gemma-3-4b,a97dc927-5c3b-4679-a61f-f596997f44aa,Qwen/Qwen2.5-7B-Instruct,mistralai/Mistral-7B-Instruct-v0.3,Encouragement of Emotional Expression,Exploration,y,mistralai/Mistral-7B-Instruct-v0.3
sc/gemma-3-4b,a97dc927-5c3b-4679-a61f-f596997f44aa,Qwen/Qwen2.5-7B-Instruct,mistralai/Mistral-7B-Instruct-v0.3,Encouragement of Emotional Expression,Exploration,tie,tie
single/phi-4-mini,a97dc927-5c3b-4679-a61f-f596997f44aa,Qwen/Qwen2.5-7B-Instruct,mistralai/Mistral-7B-Instruct-v0.3,Encouragement of Emotional Expression,Exploration,x,Qwen/Qwen2.5-7B-Instruct
sc/phi-4-mini,a97dc927-5c3b-4679-a61f-f596997f44aa,Qwen/Qwen2.5-7B-Instruct,mistralai/Mistral-7B-Instruct-v0.3,Encouragement of Emotional Expression,Exploration,x,Qwen/Qwen2.5-7B-Instruct
ensemble_single,a97dc927-5c3b-4679-a61f-f596997f44aa,Qwen/Qwen2.5-7B-Instruct,mistralai/Mistral-7B-Instruct-v0.3,Encouragement of Emotional Expression,Exploration,tie,tie
ensemble_sc,a97dc927-5c3b-4679-a61f-f596997f44aa,Qwen/Qwen2.5-7B-Instruct,mistralai/Mistral-7B-Instruct-v0.3,Encouragement of Emotional Expression,Exploration,tie,tie
single/gemma-3-4b,a97dc927-5c3b-4679-a61f-f596997f44aa,Qwen/Qwen2.5-7B-Instruct,mistralai/Mistral-7B-Instruct-v0.3,Exploration of Thoughts and Narratives,Exploration,y,mistralai/Mistral-7B-Instruct-v0.3
sc/gemma-3-4b,a97dc927-5c3b-4679-a61f-f596997f44aa,Qwen/Qwen2.5-7B-Instruct,mistralai/Mistral-7B-Instruct-v0.3,Exploration of Thoughts and Narratives,Exploration,tie,tie
single/phi-4-mini,a97dc927-5c3b-4679-a61f-f596997f44aa,Qwen/Qwen2.5-7B-Instruct,mistralai/Mistral-7B-Instruct-v0.3,Exploration of Thoughts and Narratives,Exploration,tie,tie
sc/phi-4-mini,a97dc927-5c3b-4679-a61f-f596997f44aa,Qwen/Qwen2.5-7B-Instruct,mistralai/Mistral-7B-Instruct-v0.3,Exploration of Thoughts and Narratives,Exploration,tie,tie
ensemble_single,a97dc927-5c3b-4679-a61f-f596997f44aa,Qwen/Qwen2.5-7B-Instruct,mistralai/Mistral-7B-Instruct-v0.3,Exploration of Thoughts and Narratives,Exploration,tie,tie
ensemble_sc,a97dc927-5c3b-4679-a61f-f596997f44aa,Qwen/Qwen2.5-7B-Instruct,mistralai/Mistral-7B-Instruct-v0.3,Exploration of Thoughts and Narratives,Exploration,tie,tie
single/gemma-3-4b,a97dc927-5c3b-4679-a61f-f596997f44aa,Qwen/Qwen2.5-7B-Instruct,mistralai/Mistral-7B-Instruct-v0.3,Establish a Trusting Foundation,Insight,y,mistralai/Mistral-7B-Instruct-v0.3
sc/gemma-3-4b,a97dc927-5c3b-4679-a61f-f596997f44aa,Qwen/Qwen2.5-7B-Instruct,mistralai/Mistral-7B-Instruct-v0.3,Establish a Trusting Foundation,Insight,tie,tie
single/phi-4-mini,a97dc927-5c3b-4679-a61f-f596997f44aa,Qwen/Qwen2.5-7B-Instruct,mistralai/Mistral-7B-Instruct-v0.3,Establish a Trusting Foundation,Insight,tie,tie
sc/phi-4-mini,a97dc927-5c3b-4679-a61f-f596997f44aa,Qwen/Qwen2.5-7B-Instruct,mistralai/Mistral-7B-Instruct-v0.3,Establish a Trusting Foundation,Insight,tie,tie
ensemble_single,a97dc927-5c3b-4679-a61f-f596997f44aa,Qwen/Qwen2.5-7B-Instruct,mistralai/Mistral-7B-Instruct-v0.3,Establish a Trusting Foundation,Insight,tie,tie
ensemble_sc,a97dc927-5c3b-4679-a61f-f596997f44aa,Qwen/Qwen2.5-7B-Instruct,mistralai/Mistral-7B-Instruct-v0.3,Establish a Trusting Foundation,Insight,tie,tie
single/gemma-3-4b,a97dc927-5c3b-4679-a61f-f596997f44aa,Qwen/Qwen2.5-7B-Instruct,mistralai/Mistral-7B-Instruct-v0.3,Assess Readiness for Insight,Insight,tie,tie
sc/gemma-3-4b,a97dc927-5c3b-4679-a61f-f596997f44aa,Qwen/Qwen2.5-7B-Instruct,mistralai/Mistral-7B-Instruct-v0.3,Assess Readiness for Insight,Insight,tie,tie
single/phi-4-mini,a97dc927-5c3b-4679-a61f-f596997f44aa,Qwen/Qwen2.5-7B-Instruct,mistralai/Mistral-7B-Instruct-v0.3,Assess Readiness for Insight,Insight,tie,tie
sc/phi-4-mini,a97dc927-5c3b-4679-a61f-f596997f44aa,Qwen/Qwen2.5-7B-Instruct,mistralai/Mistral-7B-Instruct-v0.3,Assess Readiness for Insight,Insight,tie,tie
ensemble_single,a97dc927-5c3b-4679-a61f-f596997f44aa,Qwen/Qwen2.5-7B-Instruct,mistralai/Mistral-7B-Instruct-v0.3,Assess Readiness for Insight,Insight,tie,tie
ensemble_sc,a97dc927-5c3b-4679-a61f-f596997f44aa,Qwen/Qwen2.5-7B-Instruct,mistralai/Mistral-7B-Instruct-v0.3,Assess Readiness for Insight,Insight,tie,tie
single/gemma-3-4b,a97dc927-5c3b-4679-a61f-f596997f44aa,Qwen/Qwen2.5-7B-Instruct,mistralai/Mistral-7B-Instruct-v0.3,Use Gentle Challenges and Interpretations,Insight,tie,tie
sc/gemma-3-4b,a97dc927-5c3b-4679-a61f-f596997f44aa,Qwen/Qwen2.5-7B-Instruct,mistralai/Mistral-7B-Instruct-v0.3,Use Gentle Challenges and Interpretations,Insight,tie,tie
single/phi-4-mini,a97dc927-5c3b-4679-a61f-f596997f44aa,Qwen/Qwen2.5-7B-Instruct,mistralai/Mistral-7B-Instruct-v0.3,Use Gentle Challenges and Interpretations,Insight,y,mistralai/Mistral-7B-Instruct-v0.3
sc/phi-4-mini,a97dc927-5c3b-4679-a61f-f596997f44aa,Qwen/Qwen2.5-7B-Instruct,mistralai/Mistral-7B-Instruct-v0.3,Use Gentle Challenges and Interpretations,Insight,tie,tie
ensemble_single,a97dc927-5c3b-4679-a61f-f596997f44aa,Qwen/Qwen2.5-7B-Instruct,mistralai/Mistral-7B-Instruct-v0.3,Use Gentle Challenges and Interpretations,Insight,tie,tie
ensemble_sc,a97dc927-5c3b-4679-a61f-f596997f44aa,Qwen/Qwen2.5-7B-Instruct,mistralai/Mistral-7B-Instruct-v0.3,Use Gentle Challenges and Interpretations,Insight,tie,tie
single/gemma-3-4b,a97dc927-5c3b-4679-a61f-f596997f44aa,Qwen/Qwen2.5-7B-Instruct,mistralai/Mistral-7B-Instruct-v0.3,Clarify the Desired Change,Action,y,mistralai/Mistral-7B-Instruct-v0.3
sc/gemma-3-4b,a97dc927-5c3b-4679-a61f-f596997f44aa,Qwen/Qwen2.5-7B-Instruct,mistralai/Mistral-7B-Instruct-v0.3,Clarify the Desired Change,Action,tie,tie
single/phi-4-mini,a97dc927-5c3b-4679-a61f-f596997f44aa,Qwen/Qwen2.5-7B-Instruct,mistralai/Mistral-7B-Instruct-v0.3,Clarify the Desired Change,Action,x,Qwen/Qwen2.5-7B-Instruct
sc/phi-4-mini,a97dc927-5c3b-4679-a61f-f596997f44aa,Qwen/Qwen2.5-7B-Instruct,mistralai/Mistral-7B-Instruct-v0.3,Clarify the Desired Change,Action,x,Qwen/Qwen2.5-7B-Instruct
ensemble_single,a97dc927-5c3b-4679-a61f-f596997f44aa,Qwen/Qwen2.5-7B-Instruct,mistralai/Mistral-7B-Instruct-v0.3,Clarify the Desired Change,Action,tie,tie
ensemble_sc,a97dc927-5c3b-4679-a61f-f596997f44aa,Qwen/Qwen2.5-7B-Instruct,mistralai/Mistral-7B-Instruct-v0.3,Clarify the Desired Change,Action,tie,tie
single/gemma-3-4b,a97dc927-5c3b-4679-a61f-f596997f44aa,Qwen/Qwen2.5-7B-Instruct,mistralai/Mistral-7B-Instruct-v0.3,Ensure Readiness and Collaboration,Action,y,mistralai/Mistral-7B-Instruct-v0.3
sc/gemma-3-4b,a97dc927-5c3b-4679-a61f-f596997f44aa,Qwen/Qwen2.5-7B-Instruct,mistralai/Mistral-7B-Instruct-v0.3,Ensure Readiness and Collaboration,Action,tie,tie
single/phi-4-mini,a97dc927-5c3b-4679-a61f-f596997f44aa,Qwen/Qwen2.5-7B-Instruct,mistralai/Mistral-7B-Instruct-v0.3,Ensure Readiness and Collaboration,Action,tie,tie
sc/phi-4-mini,a97dc927-5c3b-4679-a61f-f596997f44aa,Qwen/Qwen2.5-7B-Instruct,mistralai/Mistral-7B-Instruct-v0.3,Ensure Readiness and Collaboration,Action,tie,tie
ensemble_single,a97dc927-5c3b-4679-a61f-f596997f44aa,Qwen/Qwen2.5-7B-Instruct,mistralai/Mistral-7B-Instruct-v0.3,Ensure Readiness and Collaboration,Action,tie,tie
ensemble_sc,a97dc927-5c3b-4679-a61f-f596997f44aa,Qwen/Qwen2.5-7B-Instruct,mistralai/Mistral-7B-Instruct-v0.3,Ensure Readiness and Collaboration,Action,tie,tie
single/gemma-3-4b,a97dc927-5c3b-4679-a61f-f596997f44aa,Qwen/Qwen2.5-7B-Instruct,mistralai/Mistral-7B-Instruct-v0.3,Brainstorm and Evaluate Options,Action,y,mistralai/Mistral-7B-Instruct-v0.3
sc/gemma-3-4b,a97dc927-5c3b-4679-a61f-f596997f44aa,Qwen/Qwen2.5-7B-Instruct,mistralai/Mistral-7B-Instruct-v0.3,Brainstorm and Evaluate Options,Action,tie,tie
single/phi-4-mini,a97dc927-5c3b-4679-a61f-f596997f44aa,Qwen/Qwen2.5-7B-Instruct,mistralai/Mistral-7B-Instruct-v0.3,Brainstorm and Evaluate Options,Action,,
sc/phi-4-mini,a97dc927-5c3b-4679-a61f-f596997f44aa,Qwen/Qwen2.5-7B-Instruct,mistralai/Mistral-7B-Instruct-v0.3,Brainstorm and Evaluate Options,Action,,
ensemble_single,a97dc927-5c3b-4679-a61f-f596997f44aa,Qwen/Qwen2.5-7B-Instruct,mistralai/Mistral-7B-Instruct-v0.3,Brainstorm and Evaluate Options,Action,,
ensemble_sc,a97dc927-5c3b-4679-a61f-f596997f44aa,Qwen/Qwen2.5-7B-Instruct,mistralai/Mistral-7B-Instruct-v0.3,Brainstorm and Evaluate Options,Action,,
single/gemma-3-4b,aa354028-88b6-4d81-9b2a-ac4d8436017e,Qwen/Qwen2.5-7B-Instruct,mistralai/Mistral-7B-Instruct-v0.3,Empathic Understanding,Exploration,tie,tie
sc/gemma-3-4b,aa354028-88b6-4d81-9b2a-ac4d8436017e,Qwen/Qwen2.5-7B-Instruct,mistralai/Mistral-7B-Instruct-v0.3,Empathic Understanding,Exploration,tie,tie
single/phi-4-mini,aa354028-88b6-4d81-9b2a-ac4d8436017e,Qwen/Qwen2.5-7B-Instruct,mistralai/Mistral-7B-Instruct-v0.3,Empathic Understanding,Exploration,y,mistralai/Mistral-7B-Instruct-v0.3
sc/phi-4-mini,aa354028-88b6-4d81-9b2a-ac4d8436017e,Qwen/Qwen2.5-7B-Instruct,mistralai/Mistral-7B-Instruct-v0.3,Empathic Understanding,Exploration,tie,tie
ensemble_single,aa354028-88b6-4d81-9b2a-ac4d8436017e,Qwen/Qwen2.5-7B-Instruct,mistralai/Mistral-7B-Instruct-v0.3,Empathic Understanding,Exploration,tie,tie
ensemble_sc,aa354028-88b6-4d81-9b2a-ac4d8436017e,Qwen/Qwen2.5-7B-Instruct,mistralai/Mistral-7B-Instruct-v0.3,Empathic Understanding,Exploration,tie,tie
single/gemma-3-4b,aa354028-88b6-4d81-9b2a-ac4d8436017e,Qwen/Qwen2.5-7B-Instruct,mistralai/Mistral-7B-Instruct-v0.3,Encouragement of Emotional Expression,Exploration,tie,tie
sc/gemma-3-4b,aa354028-88b6-4d81-9b2a-ac4d8436017e,Qwen/Qwen2.5-7B-Instruct,mistralai/Mistral-7B-Instruct-v0.3,Encouragement of Emotional Expression,Exploration,tie,tie
single/phi-4-mini,aa354028-88b6-4d81-9b2a-ac4d8436017e,Qwen/Qwen2.5-7B-Instruct,mistralai/Mistral-7B-Instruct-v0.3,Encouragement of Emotional Expression,Exploration,x,Qwen/Qwen2.5-7B-Instruct
sc/phi-4-mini,aa354028-88b6-4d81-9b2a-ac4d8436017e,Qwen/Qwen2.5-7B-Instruct,mistralai/Mistral-7B-Instruct-v0.3,Encouragement of Emotional Expression,Exploration,tie,tie
ensemble_single,aa354028-88b6-4d81-9b2a-ac4d8436017e,Qwen/Qwen2.5-7B-Instruct,mistralai/Mistral-7B-Instruct-v0.3,Encouragement of Emotional Expression,Exploration,tie,tie
ensemble_sc,aa354028-88b6-4d81-9b2a-ac4d8436017e,Qwen/Qwen2.5-7B-Instruct,mistralai/Mistral-7B-Instruct-v0.3,Encouragement of Emotional Expression,Exploration,tie,tie
single/gemma-3-4b,aa354028-88b6-4d81-9b2a-ac4d8436017e,Qwen/Qwen2.5-7B-Instruct,mistralai/Mistral-7B-Instruct-v0.3,Exploration of Thoughts and Narratives,Exploration,y,mistralai/Mistral-7B-Instruct-v0.3
sc/gemma-3-4b,aa354028-88b6-4d81-9b2a-ac4d8436017e,Qwen/Qwen2.5-7B-Instruct,mistralai/Mistral-7B-Instruct-v0.3,Exploration of Thoughts and Narratives,Exploration,tie,tie
single/phi-4-mini,aa354028-88b6-4d81-9b2a-ac4d8436017e,Qwen/Qwen2.5-7B-Instruct,mistralai/Mistral-7B-Instruct-v0.3,Exploration of Thoughts and Narratives,Exploration,x,Qwen/Qwen2.5-7B-Instruct
sc/phi-4-mini,aa354028-88b6-4d81-9b2a-ac4d8436017e,Qwen/Qwen2.5-7B-Instruct,mistralai/Mistral-7B-Instruct-v0.3,Exploration of Thoughts and Narratives,Exploration,tie,tie
ensemble_single,aa354028-88b6-4d81-9b2a-ac4d8436017e,Qwen/Qwen2.5-7B-Instruct,mistralai/Mistral-7B-Instruct-v0.3,Exploration of Thoughts and Narratives,Exploration,tie,tie
ensemble_sc,aa354028-88b6-4d81-9b2a-ac4d8436017e,Qwen/Qwen2.5-7B-Instruct,mistralai/Mistral-7B-Instruct-v0.3,Exploration of Thoughts and Narratives,Exploration,tie,tie
single/gemma-3-4b,aa354028-88b6-4d81-9b2a-ac4d8436017e,Qwen/Qwen2.5-7B-Instruct,mistralai/Mistral-7B-Instruct-v0.3,Establish a Trusting Foundation,Insight,y,mistralai/Mistral-7B-Instruct-v0.3
sc/gemma-3-4b,aa354028-88b6-4d81-9b2a-ac4d8436017e,Qwen/Qwen2.5-7B-Instruct,mistralai/Mistral-7B-Instruct-v0.3,Establish a Trusting Foundation,Insight,y,mistralai/Mistral-7B-Instruct-v0.3
single/phi-4-mini,aa354028-88b6-4d81-9b2a-ac4d8436017e,Qwen/Qwen2.5-7B-Instruct,mistralai/Mistral-7B-Instruct-v0.3,Establish a Trusting Foundation,Insight,y,mistralai/Mistral-7B-Instruct-v0.3
sc/phi-4-mini,aa354028-88b6-4d81-9b2a-ac4d8436017e,Qwen/Qwen2.5-7B-Instruct,mistralai/Mistral-7B-Instruct-v0.3,Establish a Trusting Foundation,Insight,tie,tie
ensemble_single,aa354028-88b6-4d81-9b2a-ac4d8436017e,Qwen/Qwen2.5-7B-Instruct,mistralai/Mistral-7B-Instruct-v0.3,Establish a Trusting Foundation,Insight,y,mistralai/Mistral-7B-Instruct-v0.3
ensemble_sc,aa354028-88b6-4d81-9b2a-ac4d8436017e,Qwen/Qwen2.5-7B-Instruct,mistralai/Mistral-7B-Instruct-v0.3,Establish a Trusting Foundation,Insight,tie,tie
single/gemma-3-4b,aa354028-88b6-4d81-9b2a-ac4d8436017e,Qwen/Qwen2.5-7B-Instruct,mistralai/Mistral-7B-Instruct-v0.3,Assess Readiness for Insight,Insight,y,mistralai/Mistral-7B-Instruct-v0.3
sc/gemma-3-4b,aa354028-88b6-4d81-9b2a-ac4d8436017e,Qwen/Qwen2.5-7B-Instruct,mistralai/Mistral-7B-Instruct-v0.3,Assess Readiness for Insight,Insight,tie,tie
single/phi-4-mini,aa354028-88b6-4d81-9b2a-ac4d8436017e,Qwen/Qwen2.5-7B-Instruct,mistralai/Mistral-7B-Instruct-v0.3,Assess Readiness for Insight,Insight,y,mistralai/Mistral-7B-Instruct-v0.3
sc/phi-4-mini,aa354028-88b6-4d81-9b2a-ac4d8436017e,Qwen/Qwen2.5-7B-Instruct,mistralai/Mistral-7B-Instruct-v0.3,Assess Readiness for Insight,Insight,tie,tie
ensemble_single,aa354028-88b6-4d81-9b2a-ac4d8436017e,Qwen/Qwen2.5-7B-Instruct,mistralai/Mistral-7B-Instruct-v0.3,Assess Readiness for Insight,Insight,y,mistralai/Mistral-7B-Instruct-v0.3
ensemble_sc,aa354028-88b6-4d81-9b2a-ac4d8436017e,Qwen/Qwen2.5-7B-Instruct,mistralai/Mistral-7B-Instruct-v0.3,Assess Readiness for Insight,Insight,tie,tie
single/gemma-3-4b,aa354028-88b6-4d81-9b2a-ac4d8436017e,Qwen/Qwen2.5-7B-Instruct,mistralai/Mistral-7B-Instruct-v0.3,Use Gentle Challenges and Interpretations,Insight,y,mistralai/Mistral-7B-Instruct-v0.3
sc/gemma-3-4b,aa354028-88b6-4d81-9b2a-ac4d8436017e,Qwen/Qwen2.5-7B-Instruct,mistralai/Mistral-7B-Instruct-v0.3,Use Gentle Challenges and Interpretations,Insight,tie,tie
single/phi-4-mini,aa354028-88b6-4d81-9b2a-ac4d8436017e,Qwen/Qwen2.5-7B-Instruct,mistralai/Mistral-7B-Instruct-v0.3,Use Gentle Challenges and Interpretations,Insight,tie,tie
sc/phi-4-mini,aa354028-88b6-4d81-9b2a-ac4d8436017e,Qwen/Qwen2.5-7B-Instruct,mistralai/Mistral-7B-Instruct-v0.3,Use Gentle Challenges and Interpretations,Insight,tie,tie
ensemble_single,aa354028-88b6-4d81-9b2a-ac4d8436017e,Qwen/Qwen2.5-7B-Instruct,mistralai/Mistral-7B-Instruct-v0.3,Use Gentle Challenges and Interpretations,Insight,tie,tie
ensemble_sc,aa354028-88b6-4d81-9b2a-ac4d8436017e,Qwen/Qwen2.5-7B-Instruct,mistralai/Mistral-7B-Instruct-v0.3,Use Gentle Challenges and Interpretations,Insight,tie,tie
single/gemma-3-4b,aa354028-88b6-4d81-9b2a-ac4d8436017e,Qwen/Qwen2.5-7B-Instruct,mistralai/Mistral-7B-Instruct-v0.3,Clarify the Desired Change,Action,y,mistralai/Mistral-7B-Instruct-v0.3
sc/gemma-3-4b,aa354028-88b6-4d81-9b2a-ac4d8436017e,Qwen/Qwen2.5-7B-Instruct,mistralai/Mistral-7B-Instruct-v0.3,Clarify the Desired Change,Action,y,mistralai/Mistral-7B-Instruct-v0.3
single/phi-4-mini,aa354028-88b6-4d81-9b2a-ac4d8436017e,Qwen/Qwen2.5-7B-Instruct,mistralai/Mistral-7B-Instruct-v0.3,Clarify the Desired Change,Action,y,mistralai/Mistral-7B-Instruct-v0.3
sc/phi-4-mini,aa354028-88b6-4d81-9b2a-ac4d8436017e,Qwen/Qwen2.5-7B-Instruct,mistralai/Mistral-7B-Instruct-v0.3,Clarify the Desired Change,Action,tie,tie
ensemble_single,aa354028-88b6-4d81-9b2a-ac4d8436017e,Qwen/Qwen2.5-7B-Instruct,mistralai/Mistral-7B-Instruct-v0.3,Clarify the Desired Change,Action,y,mistralai/Mistral-7B-Instruct-v0.3
ensemble_sc,aa354028-88b6-4d81-9b2a-ac4d8436017e,Qwen/Qwen2.5-7B-Instruct,mistralai/Mistral-7B-Instruct-v0.3,Clarify the Desired Change,Action,tie,tie
single/gemma-3-4b,aa354028-88b6-4d81-9b2a-ac4d8436017e,Qwen/Qwen2.5-7B-Instruct,mistralai/Mistral-7B-Instruct-v0.3,Ensure Readiness and Collaboration,Action,y,mistralai/Mistral-7B-Instruct-v0.3
sc/gemma-3-4b,aa354028-88b6-4d81-9b2a-ac4d8436017e,Qwen/Qwen2.5-7B-Instruct,mistralai/Mistral-7B-Instruct-v0.3,Ensure Readiness and Collaboration,Action,tie,tie
single/phi-4-mini,aa354028-88b6-4d81-9b2a-ac4d8436017e,Qwen/Qwen2.5-7B-Instruct,mistralai/Mistral-7B-Instruct-v0.3,Ensure Readiness and Collaboration,Action,tie,tie
sc/phi-4-mini,aa354028-88b6-4d81-9b2a-ac4d8436017e,Qwen/Qwen2.5-7B-Instruct,mistralai/Mistral-7B-Instruct-v0.3,Ensure Readiness and Collaboration,Action,tie,tie
ensemble_single,aa354028-88b6-4d81-9b2a-ac4d8436017e,Qwen/Qwen2.5-7B-Instruct,mistralai/Mistral-7B-Instruct-v0.3,Ensure Readiness and Collaboration,Action,tie,tie
ensemble_sc,aa354028-88b6-4d81-9b2a-ac4d8436017e,Qwen/Qwen2.5-7B-Instruct,mistralai/Mistral-7B-Instruct-v0.3,Ensure Readiness and Collaboration,Action,tie,tie
single/gemma-3-4b,aa354028-88b6-4d81-9b2a-ac4d8436017e,Qwen/Qwen2.5-7B-Instruct,mistralai/Mistral-7B-Instruct-v0.3,Brainstorm and Evaluate Options,Action,y,mistralai/Mistral-7B-Instruct-v0.3
sc/gemma-3-4b,aa354028-88b6-4d81-9b2a-ac4d8436017e,Qwen/Qwen2.5-7B-Instruct,mistralai/Mistral-7B-Instruct-v0.3,Brainstorm and Evaluate Options,Action,y,mistralai/Mistral-7B-Instruct-v0.3
single/phi-4-mini,aa354028-88b6-4d81-9b2a-ac4d8436017e,Qwen/Qwen2.5-7B-Instruct,mistralai/Mistral-7B-Instruct-v0.3,Brainstorm and Evaluate Options,Action,y,mistralai/Mistral-7B-Instruct-v0.3
sc/phi-4-mini,aa354028-88b6-4d81-9b2a-ac4d8436017e,Qwen/Qwen2.5-7B-Instruct,mistralai/Mistral-7B-Instruct-v0.3,Brainstorm and Evaluate Options,Action,tie,tie
ensemble_single,aa354028-88b6-4d81-9b2a-ac4d8436017e,Qwen/Qwen2.5-7B-Instruct,mistralai/Mistral-7B-Instruct-v0.3,Brainstorm and Evaluate Options,Action,y,mistralai/Mistral-7B-Instruct-v0.3
ensemble_sc,aa354028-88b6-4d81-9b2a-ac4d8436017e,Qwen/Qwen2.5-7B-Instruct,mistralai/Mistral-7B-Instruct-v0.3,Brainstorm and Evaluate Options,Action,tie,tie
single/gemma-3-4b,b969ad59-07df-4dbb-9252-ea31f20cae9c,Qwen/Qwen2.5-7B-Instruct,mistralai/Mistral-7B-Instruct-v0.3,Empathic Understanding,Exploration,x,Qwen/Qwen2.5-7B-Instruct
sc/gemma-3-4b,b969ad59-07df-4dbb-9252-ea31f20cae9c,Qwen/Qwen2.5-7B-Instruct,mistralai/Mistral-7B-Instruct-v0.3,Empathic Understanding,Exploration,tie,tie
single/phi-4-mini,b969ad59-07df-4dbb-9252-ea31f20cae9c,Qwen/Qwen2.5-7B-Instruct,mistralai/Mistral-7B-Instruct-v0.3,Empathic Understanding,Exploration,x,Qwen/Qwen2.5-7B-Instruct
sc/phi-4-mini,b969ad59-07df-4dbb-9252-ea31f20cae9c,Qwen/Qwen2.5-7B-Instruct,mistralai/Mistral-7B-Instruct-v0.3,Empathic Understanding,Exploration,tie,tie
ensemble_single,b969ad59-07df-4dbb-9252-ea31f20cae9c,Qwen/Qwen2.5-7B-Instruct,mistralai/Mistral-7B-Instruct-v0.3,Empathic Understanding,Exploration,x,Qwen/Qwen2.5-7B-Instruct
ensemble_sc,b969ad59-07df-4dbb-9252-ea31f20cae9c,Qwen/Qwen2.5-7B-Instruct,mistralai/Mistral-7B-Instruct-v0.3,Empathic Understanding,Exploration,tie,tie
single/gemma-3-4b,b969ad59-07df-4dbb-9252-ea31f20cae9c,Qwen/Qwen2.5-7B-Instruct,mistralai/Mistral-7B-Instruct-v0.3,Encouragement of Emotional Expression,Exploration,x,Qwen/Qwen2.5-7B-Instruct
sc/gemma-3-4b,b969ad59-07df-4dbb-9252-ea31f20cae9c,Qwen/Qwen2.5-7B-Instruct,mistralai/Mistral-7B-Instruct-v0.3,Encouragement of Emotional Expression,Exploration,tie,tie
single/phi-4-mini,b969ad59-07df-4dbb-9252-ea31f20cae9c,Qwen/Qwen2.5-7B-Instruct,mistralai/Mistral-7B-Instruct-v0.3,Encouragement of Emotional Expression,Exploration,x,Qwen/Qwen2.5-7B-Instruct
sc/phi-4-mini,b969ad59-07df-4dbb-9252-ea31f20cae9c,Qwen/Qwen2.5-7B-Instruct,mistralai/Mistral-7B-Instruct-v0.3,Encouragement of Emotional Expression,Exploration,tie,tie
ensemble_single,b969ad59-07df-4dbb-9252-ea31f20cae9c,Qwen/Qwen2.5-7B-Instruct,mistralai/Mistral-7B-Instruct-v0.3,Encouragement of Emotional Expression,Exploration,x,Qwen/Qwen2.5-7B-Instruct
ensemble_sc,b969ad59-07df-4dbb-9252-ea31f20cae9c,Qwen/Qwen2.5-7B-Instruct,mistralai/Mistral-7B-Instruct-v0.3,Encouragement of Emotional Expression,Exploration,tie,tie
single/gemma-3-4b,b969ad59-07df-4dbb-9252-ea31f20cae9c,Qwen/Qwen2.5-7B-Instruct,mistralai/Mistral-7B-Instruct-v0.3,Exploration of Thoughts and Narratives,Exploration,x,Qwen/Qwen2.5-7B-Instruct
sc/gemma-3-4b,b969ad59-07df-4dbb-9252-ea31f20cae9c,Qwen/Qwen2.5-7B-Instruct,mistralai/Mistral-7B-Instruct-v0.3,Exploration of Thoughts and Narratives,Exploration,tie,tie
single/phi-4-mini,b969ad59-07df-4dbb-9252-ea31f20cae9c,Qwen/Qwen2.5-7B-Instruct,mistralai/Mistral-7B-Instruct-v0.3,Exploration of Thoughts and Narratives,Exploration,x,Qwen/Qwen2.5-7B-Instruct
sc/phi-4-mini,b969ad59-07df-4dbb-9252-ea31f20cae9c,Qwen/Qwen2.5-7B-Instruct,mistralai/Mistral-7B-Instruct-v0.3,Exploration of Thoughts and Narratives,Exploration,tie,tie
ensemble_single,b969ad59-07df-4dbb-9252-ea31f20cae9c,Qwen/Qwen2.5-7B-Instruct,mistralai/Mistral-7B-Instruct-v0.3,Exploration of Thoughts and Narratives,Exploration,x,Qwen/Qwen2.5-7B-Instruct
ensemble_sc,b969ad59-07df-4dbb-9252-ea31f20cae9c,Qwen/Qwen2.5-7B-Instruct,mistralai/Mistral-7B-Instruct-v0.3,Exploration of Thoughts and Narratives,Exploration,tie,tie
single/gemma-3-4b,b969ad59-07df-4dbb-9252-ea31f20cae9c,Qwen/Qwen2.5-7B-Instruct,mistralai/Mistral-7B-Instruct-v0.3,Establish a Trusting Foundation,Insight,x,Qwen/Qwen2.5-7B-Instruct
sc/gemma-3-4b,b969ad59-07df-4dbb-9252-ea31f20cae9c,Qwen/Qwen2.5-7B-Instruct,mistralai/Mistral-7B-Instruct-v0.3,Establish a Trusting Foundation,Insight,tie,tie
single/phi-4-mini,b969ad59-07df-4dbb-9252-ea31f20cae9c,Qwen/Qwen2.5-7B-Instruct,mistralai/Mistral-7B-Instruct-v0.3,Establish a Trusting Foundation,Insight,x,Qwen/Qwen2.5-7B-Instruct
sc/phi-4-mini,b969ad59-07df-4dbb-9252-ea31f20cae9c,Qwen/Qwen2.5-7B-Instruct,mistralai/Mistral-7B-Instruct-v0.3,Establish a Trusting Foundation,Insight,tie,tie
ensemble_single,b969ad59-07df-4dbb-9252-ea31f20cae9c,Qwen/Qwen2.5-7B-Instruct,mistralai/Mistral-7B-Instruct-v0.3,Establish a Trusting Foundation,Insight,x,Qwen/Qwen2.5-7B-Instruct
ensemble_sc,b969ad59-07df-4dbb-9252-ea31f20cae9c,Qwen/Qwen2.5-7B-Instruct,mistralai/Mistral-7B-Instruct-v0.3,Establish a Trusting Foundation,Insight,tie,tie
single/gemma-3-4b,b969ad59-07df-4dbb-9252-ea31f20cae9c,Qwen/Qwen2.5-7B-Instruct,mistralai/Mistral-7B-Instruct-v0.3,Assess Readiness for Insight,Insight,x,Qwen/Qwen2.5-7B-Instruct
sc/gemma-3-4b,b969ad59-07df-4dbb-9252-ea31f20cae9c,Qwen/Qwen2.5-7B-Instruct,mistralai/Mistral-7B-Instruct-v0.3,Assess Readiness for Insight,Insight,tie,tie
single/phi-4-mini,b969ad59-07df-4dbb-9252-ea31f20cae9c,Qwen/Qwen2.5-7B-Instruct,mistralai/Mistral-7B-Instruct-v0.3,Assess Readiness for Insight,Insight,tie,tie
sc/phi-4-mini,b969ad59-07df-4dbb-9252-ea31f20cae9c,Qwen/Qwen2.5-7B-Instruct,mistralai/Mistral-7B-Instruct-v0.3,Assess Readiness for Insight,Insight,tie,tie
ensemble_single,b969ad59-07df-4dbb-9252-ea31f20cae9c,Qwen/Qwen2.5-7B-Instruct,mistralai/Mistral-7B-Instruct-v0.3,Assess Readiness for Insight,Insight,tie,tie
ensemble_sc,b969ad59-07df-4dbb-9252-ea31f20cae9c,Qwen/Qwen2.5-7B-Instruct,mistralai/Mistral-7B-Instruct-v0.3,Assess Readiness for Insight,Insight,tie,tie
single/gemma-3-4b,b969ad59-07df-4dbb-9252-ea31f20cae9c,Qwen/Qwen2.5-7B-Instruct,mistralai/Mistral-7B-Instruct-v0.3,Use Gentle Challenges and Interpretations,Insight,x,Qwen/Qwen2.5-7B-Instruct
sc/gemma-3-4b,b969ad59-07df-4dbb-9252-ea31f20cae9c,Qwen/Qwen2.5-7B-Instruct,mistralai/Mistral-7B-Instruct-v0.3,Use Gentle Challenges and Interpretations,Insight,tie,tie
single/phi-4-mini,b969ad59-07df-4dbb-9252-ea31f20cae9c,Qwen/Qwen2.5-7B-Instruct,mistralai/Mistral-7B-Instruct-v0.3,Use Gentle Challenges and Interpretations,Insight,tie,tie
sc/phi-4-mini,b969ad59-07df-4dbb-9252-ea31f20cae9c,Qwen/Qwen2.5-7B-Instruct,mistralai/Mistral-7B-Instruct-v0.3,Use Gentle Challenges and Interpretations,Insight,tie,tie
ensemble_single,b969ad59-07df-4dbb-9252-ea31f20cae9c,Qwen/Qwen2.5-7B-Instruct,mistralai/Mistral-7B-Instruct-v0.3,Use Gentle Challenges and Interpretations,Insight,tie,tie
ensemble_sc,b969ad59-07df-4dbb-9252-ea31f20cae9c,Qwen/Qwen2.5-7B-Instruct,mistralai/Mistral-7B-Instruct-v0.3,Use Gentle Challenges and Interpretations,Insight,tie,tie
single/gemma-3-4b,b969ad59-07df-4dbb-9252-ea31f20cae9c,Qwen/Qwen2.5-7B-Instruct,mistralai/Mistral-7B-Instruct-v0.3,Clarify the Desired Change,Action,x,Qwen/Qwen2.5-7B-Instruct
sc/gemma-3-4b,b969ad59-07df-4dbb-9252-ea31f20cae9c,Qwen/Qwen2.5-7B-Instruct,mistralai/Mistral-7B-Instruct-v0.3,Clarify the Desired Change,Action,tie,tie
single/phi-4-mini,b969ad59-07df-4dbb-9252-ea31f20cae9c,Qwen/Qwen2.5-7B-Instruct,mistralai/Mistral-7B-Instruct-v0.3,Clarify the Desired Change,Action,tie,tie
sc/phi-4-mini,b969ad59-07df-4dbb-9252-ea31f20cae9c,Qwen/Qwen2.5-7B-Instruct,mistralai/Mistral-7B-Instruct-v0.3,Clarify the Desired Change,Action,tie,tie
ensemble_single,b969ad59-07df-4dbb-9252-ea31f20cae9c,Qwen/Qwen2.5-7B-Instruct,mistralai/Mistral-7B-Instruct-v0.3,Clarify the Desired Change,Action,tie,tie
ensemble_sc,b969ad59-07df-4dbb-9252-ea31f20cae9c,Qwen/Qwen2.5-7B-Instruct,mistralai/Mistral-7B-Instruct-v0.3,Clarify the Desired Change,Action,tie,tie
single/gemma-3-4b,b969ad59-07df-4dbb-9252-ea31f20cae9c,Qwen/Qwen2.5-7B-Instruct,mistralai/Mistral-7B-Instruct-v0.3,Ensure Readiness and Collaboration,Action,x,Qwen/Qwen2.5-7B-Instruct
sc/gemma-3-4b,b969ad59-07df-4dbb-9252-ea31f20cae9c,Qwen/Qwen2.5-7B-Instruct,mistralai/Mistral-7B-Instruct-v0.3,Ensure Readiness and Collaboration,Action,tie,tie
single/phi-4-mini,b969ad59-07df-4dbb-9252-ea31f20cae9c,Qwen/Qwen2.5-7B-Instruct,mistralai/Mistral-7B-Instruct-v0.3,Ensure Readiness and Collaboration,Action,tie,tie
sc/phi-4-mini,b969ad59-07df-4dbb-9252-ea31f20cae9c,Qwen/Qwen2.5-7B-Instruct,mistralai/Mistral-7B-Instruct-v0.3,Ensure Readiness and Collaboration,Action,tie,tie
ensemble_single,b969ad59-07df-4dbb-9252-ea31f20cae9c,Qwen/Qwen2.5-7B-Instruct,mistralai/Mistral-7B-Instruct-v0.3,Ensure Readiness and Collaboration,Action,tie,tie
ensemble_sc,b969ad59-07df-4dbb-9252-ea31f20cae9c,Qwen/Qwen2.5-7B-Instruct,mistralai/Mistral-7B-Instruct-v0.3,Ensure Readiness and Collaboration,Action,tie,tie
single/gemma-3-4b,b969ad59-07df-4dbb-9252-ea31f20cae9c,Qwen/Qwen2.5-7B-Instruct,mistralai/Mistral-7B-Instruct-v0.3,Brainstorm and Evaluate Options,Action,x,Qwen/Qwen2.5-7B-Instruct
sc/gemma-3-4b,b969ad59-07df-4dbb-9252-ea31f20cae9c,Qwen/Qwen2.5-7B-Instruct,mistralai/Mistral-7B-Instruct-v0.3,Brainstorm and Evaluate Options,Action,tie,tie
single/phi-4-mini,b969ad59-07df-4dbb-9252-ea31f20cae9c,Qwen/Qwen2.5-7B-Instruct,mistralai/Mistral-7B-Instruct-v0.3,Brainstorm and Evaluate Options,Action,tie,tie
sc/phi-4-mini,b969ad59-07df-4dbb-9252-ea31f20cae9c,Qwen/Qwen2.5-7B-Instruct,mistralai/Mistral-7B-Instruct-v0.3,Brainstorm and Evaluate Options,Action,tie,tie
ensemble_single,b969ad59-07df-4dbb-9252-ea31f20cae9c,Qwen/Qwen2.5-7B-Instruct,mistralai/Mistral-7B-Instruct-v0.3,Brainstorm and Evaluate Options,Action,tie,tie
ensemble_sc,b969ad59-07df-4dbb-9252-ea31f20cae9c,Qwen/Qwen2.5-7B-Instruct,mistralai/Mistral-7B-Instruct-v0.3,Brainstorm and Evaluate Options,Action,tie,tie
single/gemma-3-4b,babc044c-675b-42dd-89a2-97ec68423d25,Qwen/Qwen2.5-7B-Instruct,mistralai/Mistral-7B-Instruct-v0.3,Empathic Understanding,Exploration,x,Qwen/Qwen2.5-7B-Instruct
sc/gemma-3-4b,babc044c-675b-42dd-89a2-97ec68423d25,Qwen/Qwen2.5-7B-Instruct,mistralai/Mistral-7B-Instruct-v0.3,Empathic Understanding,Exploration,tie,tie
single/phi-4-mini,babc044c-675b-42dd-89a2-97ec68423d25,Qwen/Qwen2.5-7B-Instruct,mistralai/Mistral-7B-Instruct-v0.3,Empathic Understanding,Exploration,tie,tie
sc/phi-4-mini,babc044c-675b-42dd-89a2-97ec68423d25,Qwen/Qwen2.5-7B-Instruct,mistralai/Mistral-7B-Instruct-v0.3,Empathic Understanding,Exploration,tie,tie
ensemble_single,babc044c-675b-42dd-89a2-97ec68423d25,Qwen/Qwen2.5-7B-Instruct,mistralai/Mistral-7B-Instruct-v0.3,Empathic Understanding,Exploration,tie,tie
ensemble_sc,babc044c-675b-42dd-89a2-97ec68423d25,Qwen/Qwen2.5-7B-Instruct,mistralai/Mistral-7B-Instruct-v0.3,Empathic Understanding,Exploration,tie,tie
single/gemma-3-4b,babc044c-675b-42dd-89a2-97ec68423d25,Qwen/Qwen2.5-7B-Instruct,mistralai/Mistral-7B-Instruct-v0.3,Encouragement of Emotional Expression,Exploration,y,mistralai/Mistral-7B-Instruct-v0.3
sc/gemma-3-4b,babc044c-675b-42dd-89a2-97ec68423d25,Qwen/Qwen2.5-7B-Instruct,mistralai/Mistral-7B-Instruct-v0.3,Encouragement of Emotional Expression,Exploration,y,mistralai/Mistral-7B-Instruct-v0.3
single/phi-4-mini,babc044c-675b-42dd-89a2-97ec68423d25,Qwen/Qwen2.5-7B-Instruct,mistralai/Mistral-7B-Instruct-v0.3,Encouragement of Emotional Expression,Exploration,tie,tie
sc/phi-4-mini,babc044c-675b-42dd-89a2-97ec68423d25,Qwen/Qwen2.5-7B-Instruct,mistralai/Mistral-7B-Instruct-v0.3,Encouragement of Emotional Expression,Exploration,tie,tie
ensemble_single,babc044c-675b-42dd-89a2-97ec68423d25,Qwen/Qwen2.5-7B-Instruct,mistralai/Mistral-7B-Instruct-v0.3,Encouragement of Emotional Expression,Exploration,tie,tie
ensemble_sc,babc044c-675b-42dd-89a2-97ec68423d25,Qwen/Qwen2.5-7B-Instruct,mistralai/Mistral-7B-Instruct-v0.3,Encouragement of Emotional Expression,Exploration,tie,tie
single/gemma-3-4b,babc044c-675b-42dd-89a2-97ec68423d25,Qwen/Qwen2.5-7B-Instruct,mistralai/Mistral-7B-Instruct-v0.3,Exploration of Thoughts and Narratives,Exploration,x,Qwen/Qwen2.5-7B-Instruct
sc/gemma-3-4b,babc044c-675b-42dd-89a2-97ec68423d25,Qwen/Qwen2.5-7B-Instruct,mistralai/Mistral-7B-Instruct-v0.3,Exploration of Thoughts and Narratives,Exploration,tie,tie
single/phi-4-mini,babc044c-675b-42dd-89a2-97ec68423d25,Qwen/Qwen2.5-7B-Instruct,mistralai/Mistral-7B-Instruct-v0.3,Exploration of Thoughts and Narratives,Exploration,tie,tie
sc/phi-4-mini,babc044c-675b-42dd-89a2-97ec68423d25,Qwen/Qwen2.5-7B-Instruct,mistralai/Mistral-7B-Instruct-v0.3,Exploration of Thoughts and Narratives,Exploration,tie,tie
ensemble_single,babc044c-675b-42dd-89a2-97ec68423d25,Qwen/Qwen2.5-7B-Instruct,mistralai/Mistral-7B-Instruct-v0.3,Exploration of Thoughts and Narratives,Exploration,tie,tie
ensemble_sc,babc044c-675b-42dd-89a2-97ec68423d25,Qwen/Qwen2.5-7B-Instruct,mistralai/Mistral-7B-Instruct-v0.3,Exploration of Thoughts and Narratives,Exploration,tie,tie
single/gemma-3-4b,babc044c-675b-42dd-89a2-97ec68423d25,Qwen/Qwen2.5-7B-Instruct,mistralai/Mistral-7B-Instruct-v0.3,Establish a Trusting Foundation,Insight,y,mistralai/Mistral-7B-Instruct-v0.3
sc/gemma-3-4b,babc044c-675b-42dd-89a2-97ec68423d25,Qwen/Qwen2.5-7B-Instruct,mistralai/Mistral-7B-Instruct-v0.3,Establish a Trusting Foundation,Insight,y,mistralai/Mistral-7B-Instruct-v0.3
single/phi-4-mini,babc044c-675b-42dd-89a2-97ec68423d25,Qwen/Qwen2.5-7B-Instruct,mistralai/Mistral-7B-Instruct-v0.3,Establish a Trusting Foundation,Insight,tie,tie
sc/phi-4-mini,babc044c-675b-42dd-89a2-97ec68423d25,Qwen/Qwen2.5-7B-Instruct,mistralai/Mistral-7B-Instruct-v0.3,Establish a Trusting Foundation,Insight,tie,tie
ensemble_single,babc044c-675b-42dd-89a2-97ec68423d25,Qwen/Qwen2.5-7B-Instruct,mistralai/Mistral-7B-Instruct-v0.3,Establish a Trusting Foundation,Insight,tie,tie
ensemble_sc,babc044c-675b-42dd-89a2-97ec68423d25,Qwen/Qwen2.5-7B-Instruct,mistralai/Mistral-7B-Instruct-v0.3,Establish a Trusting Foundation,Insight,tie,tie
single/gemma-3-4b,babc044c-675b-42dd-89a2-97ec68423d25,Qwen/Qwen2.5-7B-Instruct,mistralai/Mistral-7B-Instruct-v0.3,Assess Readiness for Insight,Insight,x,Qwen/Qwen2.5-7B-Instruct
sc/gemma-3-4b,babc044c-675b-42dd-89a2-97ec68423d25,Qwen/Qwen2.5-7B-Instruct,mistralai/Mistral-7B-Instruct-v0.3,Assess Readiness for Insight,Insight,tie,tie
single/phi-4-mini,babc044c-675b-42dd-89a2-97ec68423d25,Qwen/Qwen2.5-7B-Instruct,mistralai/Mistral-7B-Instruct-v0.3,Assess Readiness for Insight,Insight,tie,tie
sc/phi-4-mini,babc044c-675b-42dd-89a2-97ec68423d25,Qwen/Qwen2.5-7B-Instruct,mistralai/Mistral-7B-Instruct-v0.3,Assess Readiness for Insight,Insight,tie,tie
ensemble_single,babc044c-675b-42dd-89a2-97ec68423d25,Qwen/Qwen2.5-7B-Instruct,mistralai/Mistral-7B-Instruct-v0.3,Assess Readiness for Insight,Insight,tie,tie
ensemble_sc,babc044c-675b-42dd-89a2-97ec68423d25,Qwen/Qwen2.5-7B-Instruct,mistralai/Mistral-7B-Instruct-v0.3,Assess Readiness for Insight,Insight,tie,tie
single/gemma-3-4b,babc044c-675b-42dd-89a2-97ec68423d25,Qwen/Qwen2.5-7B-Instruct,mistralai/Mistral-7B-Instruct-v0.3,Use Gentle Challenges and Interpretations,Insight,x,Qwen/Qwen2.5-7B-Instruct
sc/gemma-3-4b,babc044c-675b-42dd-89a2-97ec68423d25,Qwen/Qwen2.5-7B-Instruct,mistralai/Mistral-7B-Instruct-v0.3,Use Gentle Challenges and Interpretations,Insight,tie,tie
single/phi-4-mini,babc044c-675b-42dd-89a2-97ec68423d25,Qwen/Qwen2.5-7B-Instruct,mistralai/Mistral-7B-Instruct-v0.3,Use Gentle Challenges and Interpretations,Insight,tie,tie
sc/phi-4-mini,babc044c-675b-42dd-89a2-97ec68423d25,Qwen/Qwen2.5-7B-Instruct,mistralai/Mistral-7B-Instruct-v0.3,Use Gentle Challenges and Interpretations,Insight,tie,tie
ensemble_single,babc044c-675b-42dd-89a2-97ec68423d25,Qwen/Qwen2.5-7B-Instruct,mistralai/Mistral-7B-Instruct-v0.3,Use Gentle Challenges and Interpretations,Insight,tie,tie
ensemble_sc,babc044c-675b-42dd-89a2-97ec68423d25,Qwen/Qwen2.5-7B-Instruct,mistralai/Mistral-7B-Instruct-v0.3,Use Gentle Challenges and Interpretations,Insight,tie,tie
single/gemma-3-4b,babc044c-675b-42dd-89a2-97ec68423d25,Qwen/Qwen2.5-7B-Instruct,mistralai/Mistral-7B-Instruct-v0.3,Clarify the Desired Change,Action,x,Qwen/Qwen2.5-7B-Instruct
sc/gemma-3-4b,babc044c-675b-42dd-89a2-97ec68423d25,Qwen/Qwen2.5-7B-Instruct,mistralai/Mistral-7B-Instruct-v0.3,Clarify the Desired Change,Action,tie,tie
single/phi-4-mini,babc044c-675b-42dd-89a2-97ec68423d25,Qwen/Qwen2.5-7B-Instruct,mistralai/Mistral-7B-Instruct-v0.3,Clarify the Desired Change,Action,tie,tie
sc/phi-4-mini,babc044c-675b-42dd-89a2-97ec68423d25,Qwen/Qwen2.5-7B-Instruct,mistralai/Mistral-7B-Instruct-v0.3,Clarify the Desired Change,Action,tie,tie
ensemble_single,babc044c-675b-42dd-89a2-97ec68423d25,Qwen/Qwen2.5-7B-Instruct,mistralai/Mistral-7B-Instruct-v0.3,Clarify the Desired Change,Action,tie,tie
ensemble_sc,babc044c-675b-42dd-89a2-97ec68423d25,Qwen/Qwen2.5-7B-Instruct,mistralai/Mistral-7B-Instruct-v0.3,Clarify the Desired Change,Action,tie,tie
single/gemma-3-4b,babc044c-675b-42dd-89a2-97ec68423d25,Qwen/Qwen2.5-7B-Instruct,mistralai/Mistral-7B-Instruct-v0.3,Ensure Readiness and Collaboration,Action,y,mistralai/Mistral-7B-Instruct-v0.3
sc/gemma-3-4b,babc044c-675b-42dd-89a2-97ec68423d25,Qwen/Qwen2.5-7B-Instruct,mistralai/Mistral-7B-Instruct-v0.3,Ensure Readiness and Collaboration,Action,y,mistralai/Mistral-7B-Instruct-v0.3
single/phi-4-mini,babc044c-675b-42dd-89a2-97ec68423d25,Qwen/Qwen2.5-7B-Instruct,mistralai/Mistral-7B-Instruct-v0.3,Ensure Readiness and Collaboration,Action,tie,tie
sc/phi-4-mini,babc044c-675b-42dd-89a2-97ec68423d25,Qwen/Qwen2.5-7B-Instruct,mistralai/Mistral-7B-Instruct-v0.3,Ensure Readiness and Collaboration,Action,tie,tie
ensemble_single,babc044c-675b-42dd-89a2-97ec68423d25,Qwen/Qwen2.5-7B-Instruct,mistralai/Mistral-7B-Instruct-v0.3,Ensure Readiness and Collaboration,Action,tie,tie
ensemble_sc,babc044c-675b-42dd-89a2-97ec68423d25,Qwen/Qwen2.5-7B-Instruct,mistralai/Mistral-7B-Instruct-v0.3,Ensure Readiness and Collaboration,Action,tie,tie
single/gemma-3-4b,babc044c-675b-42dd-89a2-97ec68423d25,Qwen/Qwen2.5-7B-Instruct,mistralai/Mistral-7B-Instruct-v0.3,Brainstorm and Evaluate Options,Action,y,mistralai/Mistral-7B-Instruct-v0.3
sc/gemma-3-4b,babc044c-675b-42dd-89a2-97ec68423d25,Qwen/Qwen2.5-7B-Instruct,mistralai/Mistral-7B-Instruct-v0.3,Brainstorm and Evaluate Options,Action,y,mistralai/Mistral-7B-Instruct-v0.3
single/phi-4-mini,babc044c-675b-42dd-89a2-97ec68423d25,Qwen/Qwen2.5-7B-Instruct,mistralai/Mistral-7B-Instruct-v0.3,Brainstorm and Evaluate Options,Action,tie,tie
sc/phi-4-mini,babc044c-675b-42dd-89a2-97ec68423d25,Qwen/Qwen2.5-7B-Instruct,mistralai/Mistral-7B-Instruct-v0.3,Brainstorm and Evaluate Options,Action,tie,tie
ensemble_single,babc044c-675b-42dd-89a2-97ec68423d25,Qwen/Qwen2.5-7B-Instruct,mistralai/Mistral-7B-Instruct-v0.3,Brainstorm and Evaluate Options,Action,tie,tie
ensemble_sc,babc044c-675b-42dd-89a2-97ec68423d25,Qwen/Qwen2.5-7B-Instruct,mistralai/Mistral-7B-Instruct-v0.3,Brainstorm and Evaluate Options,Action,tie,tie
single/gemma-3-4b,c1f338c5-5d1b-45d0-942a-d67127893667,Qwen/Qwen2.5-7B-Instruct,mistralai/Mistral-7B-Instruct-v0.3,Empathic Understanding,Exploration,x,Qwen/Qwen2.5-7B-Instruct
sc/gemma-3-4b,c1f338c5-5d1b-45d0-942a-d67127893667,Qwen/Qwen2.5-7B-Instruct,mistralai/Mistral-7B-Instruct-v0.3,Empathic Understanding,Exploration,tie,tie
single/phi-4-mini,c1f338c5-5d1b-45d0-942a-d67127893667,Qwen/Qwen2.5-7B-Instruct,mistralai/Mistral-7B-Instruct-v0.3,Empathic Understanding,Exploration,x,Qwen/Qwen2.5-7B-Instruct
sc/phi-4-mini,c1f338c5-5d1b-45d0-942a-d67127893667,Qwen/Qwen2.5-7B-Instruct,mistralai/Mistral-7B-Instruct-v0.3,Empathic Understanding,Exploration,tie,tie
ensemble_single,c1f338c5-5d1b-45d0-942a-d67127893667,Qwen/Qwen2.5-7B-Instruct,mistralai/Mistral-7B-Instruct-v0.3,Empathic Understanding,Exploration,x,Qwen/Qwen2.5-7B-Instruct
ensemble_sc,c1f338c5-5d1b-45d0-942a-d67127893667,Qwen/Qwen2.5-7B-Instruct,mistralai/Mistral-7B-Instruct-v0.3,Empathic Understanding,Exploration,tie,tie
single/gemma-3-4b,c1f338c5-5d1b-45d0-942a-d67127893667,Qwen/Qwen2.5-7B-Instruct,mistralai/Mistral-7B-Instruct-v0.3,Encouragement of Emotional Expression,Exploration,y,mistralai/Mistral-7B-Instruct-v0.3
sc/gemma-3-4b,c1f338c5-5d1b-45d0-942a-d67127893667,Qwen/Qwen2.5-7B-Instruct,mistralai/Mistral-7B-Instruct-v0.3,Encouragement of Emotional Expression,Exploration,y,mistralai/Mistral-7B-Instruct-v0.3
single/phi-4-mini,c1f338c5-5d1b-45d0-942a-d67127893667,Qwen/Qwen2.5-7B-Instruct,mistralai/Mistral-7B-Instruct-v0.3,Encouragement of Emotional Expression,Exploration,x,Qwen/Qwen2.5-7B-Instruct
sc/phi-4-mini,c1f338c5-5d1b-45d0-942a-d67127893667,Qwen/Qwen2.5-7B-Instruct,mistralai/Mistral-7B-Instruct-v0.3,Encouragement of Emotional Expression,Exploration,tie,tie
ensemble_single,c1f338c5-5d1b-45d0-942a-d67127893667,Qwen/Qwen2.5-7B-Instruct,mistralai/Mistral-7B-Instruct-v0.3,Encouragement of Emotional Expression,Exploration,tie,tie
ensemble_sc,c1f338c5-5d1b-45d0-942a-d67127893667,Qwen/Qwen2.5-7B-Instruct,mistralai/Mistral-7B-Instruct-v0.3,Encouragement of Emotional Expression,Exploration,tie,tie
single/gemma-3-4b,c1f338c5-5d1b-45d0-942a-d67127893667,Qwen/Qwen2.5-7B-Instruct,mistralai/Mistral-7B-Instruct-v0.3,Exploration of Thoughts and Narratives,Exploration,x,Qwen/Qwen2.5-7B-Instruct
sc/gemma-3-4b,c1f338c5-5d1b-45d0-942a-d67127893667,Qwen/Qwen2.5-7B-Instruct,mistralai/Mistral-7B-Instruct-v0.3,Exploration of Thoughts and Narratives,Exploration,tie,tie
single/phi-4-mini,c1f338c5-5d1b-45d0-942a-d67127893667,Qwen/Qwen2.5-7B-Instruct,mistralai/Mistral-7B-Instruct-v0.3,Exploration of Thoughts and Narratives,Exploration,tie,tie
sc/phi-4-mini,c1f338c5-5d1b-45d0-942a-d67127893667,Qwen/Qwen2.5-7B-Instruct,mistralai/Mistral-7B-Instruct-v0.3,Exploration of Thoughts and Narratives,Exploration,tie,tie
ensemble_single,c1f338c5-5d1b-45d0-942a-d67127893667,Qwen/Qwen2.5-7B-Instruct,mistralai/Mistral-7B-Instruct-v0.3,Exploration of Thoughts and Narratives,Exploration,tie,tie
ensemble_sc,c1f338c5-5d1b-45d0-942a-d67127893667,Qwen/Qwen2.5-7B-Instruct,mistralai/Mistral-7B-Instruct-v0.3,Exploration of Thoughts and Narratives,Exploration,tie,tie
single/gemma-3-4b,c1f338c5-5d1b-45d0-942a-d67127893667,Qwen/Qwen2.5-7B-Instruct,mistralai/Mistral-7B-Instruct-v0.3,Establish a Trusting Foundation,Insight,y,mistralai/Mistral-7B-Instruct-v0.3
sc/gemma-3-4b,c1f338c5-5d1b-45d0-942a-d67127893667,Qwen/Qwen2.5-7B-Instruct,mistralai/Mistral-7B-Instruct-v0.3,Establish a Trusting Foundation,Insight,y,mistralai/Mistral-7B-Instruct-v0.3
single/phi-4-mini,c1f338c5-5d1b-45d0-942a-d67127893667,Qwen/Qwen2.5-7B-Instruct,mistralai/Mistral-7B-Instruct-v0.3,Establish a Trusting Foundation,Insight,x,Qwen/Qwen2.5-7B-Instruct
sc/phi-4-mini,c1f338c5-5d1b-45d0-942a-d67127893667,Qwen/Qwen2.5-7B-Instruct,mistralai/Mistral-7B-Instruct-v0.3,Establish a Trusting Foundation,Insight,tie,tie
ensemble_single,c1f338c5-5d1b-45d0-942a-d67127893667,Qwen/Qwen2.5-7B-Instruct,mistralai/Mistral-7B-Instruct-v0.3,Establish a Trusting Foundation,Insight,tie,tie
ensemble_sc,c1f338c5-5d1b-45d0-942a-d67127893667,Qwen/Qwen2.5-7B-Instruct,mistralai/Mistral-7B-Instruct-v0.3,Establish a Trusting Foundation,Insight,tie,tie
single/gemma-3-4b,c1f338c5-5d1b-45d0-942a-d67127893667,Qwen/Qwen2.5-7B-Instruct,mistralai/Mistral-7B-Instruct-v0.3,Assess Readiness for Insight,Insight,tie,tie
sc/gemma-3-4b,c1f338c5-5d1b-45d0-942a-d67127893667,Qwen/Qwen2.5-7B-Instruct,mistralai/Mistral-7B-Instruct-v0.3,Assess Readiness for Insight,Insight,tie,tie
single/phi-4-mini,c1f338c5-5d1b-45d0-942a-d67127893667,Qwen/Qwen2.5-7B-Instruct,mistralai/Mistral-7B-Instruct-v0.3,Assess Readiness for Insight,Insight,tie,tie
sc/phi-4-mini,c1f338c5-5d1b-45d0-942a-d67127893667,Qwen/Qwen2.5-7B-Instruct,mistralai/Mistral-7B-Instruct-v0.3,Assess Readiness for Insight,Insight,tie,tie
ensemble_single,c1f338c5-5d1b-45d0-942a-d67127893667,Qwen/Qwen2.5-7B-Instruct,mistralai/Mistral-7B-Instruct-v0.3,Assess Readiness for Insight,Insight,tie,tie
ensemble_sc,c1f338c5-5d1b-45d0-942a-d67127893667,Qwen/Qwen2.5-7B-Instruct,mistralai/Mistral-7B-Instruct-v0.3,Assess Readiness for Insight,Insight,tie,tie
single/gemma-3-4b,c1f338c5-5d1b-45d0-942a-d67127893667,Qwen/Qwen2.5-7B-Instruct,mistralai/Mistral-7B-Instruct-v0.3,Use Gentle Challenges and Interpretations,Insight,x,Qwen/Qwen2.5-7B-Instruct
sc/gemma-3-4b,c1f338c5-5d1b-45d0-942a-d67127893667,Qwen/Qwen2.5-7B-Instruct,mistralai/Mistral-7B-Instruct-v0.3,Use Gentle Challenges and Interpretations,Insight,tie,tie
single/phi-4-mini,c1f338c5-5d1b-45d0-942a-d67127893667,Qwen/Qwen2.5-7B-Instruct,mistralai/Mistral-7B-Instruct-v0.3,Use Gentle Challenges and Interpretations,Insight,x,Qwen/Qwen2.5-7B-Instruct
sc/phi-4-mini,c1f338c5-5d1b-45d0-942a-d67127893667,Qwen/Qwen2.5-7B-Instruct,mistralai/Mistral-7B-Instruct-v0.3,Use Gentle Challenges and Interpretations,Insight,tie,tie
ensemble_single,c1f338c5-5d1b-45d0-942a-d67127893667,Qwen/Qwen2.5-7B-Instruct,mistralai/Mistral-7B-Instruct-v0.3,Use Gentle Challenges and Interpretations,Insight,x,Qwen/Qwen2.5-7B-Instruct
ensemble_sc,c1f338c5-5d1b-45d0-942a-d67127893667,Qwen/Qwen2.5-7B-Instruct,mistralai/Mistral-7B-Instruct-v0.3,Use Gentle Challenges and Interpretations,Insight,tie,tie
single/gemma-3-4b,c1f338c5-5d1b-45d0-942a-d67127893667,Qwen/Qwen2.5-7B-Instruct,mistralai/Mistral-7B-Instruct-v0.3,Clarify the Desired Change,Action,x,Qwen/Qwen2.5-7B-Instruct
sc/gemma-3-4b,c1f338c5-5d1b-45d0-942a-d67127893667,Qwen/Qwen2.5-7B-Instruct,mistralai/Mistral-7B-Instruct-v0.3,Clarify the Desired Change,Action,tie,tie
single/phi-4-mini,c1f338c5-5d1b-45d0-942a-d67127893667,Qwen/Qwen2.5-7B-Instruct,mistralai/Mistral-7B-Instruct-v0.3,Clarify the Desired Change,Action,x,Qwen/Qwen2.5-7B-Instruct
sc/phi-4-mini,c1f338c5-5d1b-45d0-942a-d67127893667,Qwen/Qwen2.5-7B-Instruct,mistralai/Mistral-7B-Instruct-v0.3,Clarify the Desired Change,Action,tie,tie
ensemble_single,c1f338c5-5d1b-45d0-942a-d67127893667,Qwen/Qwen2.5-7B-Instruct,mistralai/Mistral-7B-Instruct-v0.3,Clarify the Desired Change,Action,x,Qwen/Qwen2.5-7B-Instruct
ensemble_sc,c1f338c5-5d1b-45d0-942a-d67127893667,Qwen/Qwen2.5-7B-Instruct,mistralai/Mistral-7B-Instruct-v0.3,Clarify the Desired Change,Action,tie,tie
single/gemma-3-4b,c1f338c5-5d1b-45d0-942a-d67127893667,Qwen/Qwen2.5-7B-Instruct,mistralai/Mistral-7B-Instruct-v0.3,Ensure Readiness and Collaboration,Action,y,mistralai/Mistral-7B-Instruct-v0.3
sc/gemma-3-4b,c1f338c5-5d1b-45d0-942a-d67127893667,Qwen/Qwen2.5-7B-Instruct,mistralai/Mistral-7B-Instruct-v0.3,Ensure Readiness and Collaboration,Action,y,mistralai/Mistral-7B-Instruct-v0.3
single/phi-4-mini,c1f338c5-5d1b-45d0-942a-d67127893667,Qwen/Qwen2.5-7B-Instruct,mistralai/Mistral-7B-Instruct-v0.3,Ensure Readiness and Collaboration,Action,tie,tie
sc/phi-4-mini,c1f338c5-5d1b-45d0-942a-d67127893667,Qwen/Qwen2.5-7B-Instruct,mistralai/Mistral-7B-Instruct-v0.3,Ensure Readiness and Collaboration,Action,tie,tie
ensemble_single,c1f338c5-5d1b-45d0-942a-d67127893667,Qwen/Qwen2.5-7B-Instruct,mistralai/Mistral-7B-Instruct-v0.3,Ensure Readiness and Collaboration,Action,tie,tie
ensemble_sc,c1f338c5-5d1b-45d0-942a-d67127893667,Qwen/Qwen2.5-7B-Instruct,mistralai/Mistral-7B-Instruct-v0.3,Ensure Readiness and Collaboration,Action,tie,tie
single/gemma-3-4b,c1f338c5-5d1b-45d0-942a-d67127893667,Qwen/Qwen2.5-7B-Instruct,mistralai/Mistral-7B-Instruct-v0.3,Brainstorm and Evaluate Options,Action,tie,tie
sc/gemma-3-4b,c1f338c5-5d1b-45d0-942a-d67127893667,Qwen/Qwen2.5-7B-Instruct,mistralai/Mistral-7B-Instruct-v0.3,Brainstorm and Evaluate Options,Action,tie,tie
single/phi-4-mini,c1f338c5-5d1b-45d0-942a-d67127893667,Qwen/Qwen2.5-7B-Instruct,mistralai/Mistral-7B-Instruct-v0.3,Brainstorm and Evaluate Options,Action,x,Qwen/Qwen2.5-7B-Instruct
sc/phi-4-mini,c1f338c5-5d1b-45d0-942a-d67127893667,Qwen/Qwen2.5-7B-Instruct,mistralai/Mistral-7B-Instruct-v0.3,Brainstorm and Evaluate Options,Action,tie,tie
ensemble_single,c1f338c5-5d1b-45d0-942a-d67127893667,Qwen/Qwen2.5-7B-Instruct,mistralai/Mistral-7B-Instruct-v0.3,Brainstorm and Evaluate Options,Action,tie,tie
ensemble_sc,c1f338c5-5d1b-45d0-942a-d67127893667,Qwen/Qwen2.5-7B-Instruct,mistralai/Mistral-7B-Instruct-v0.3,Brainstorm and Evaluate Options,Action,tie,tie
single/gemma-3-4b,c608ec57-8f54-42e9-87da-ac6cc5047712,Qwen/Qwen2.5-7B-Instruct,mistralai/Mistral-7B-Instruct-v0.3,Empathic Understanding,Exploration,y,mistralai/Mistral-7B-Instruct-v0.3
sc/gemma-3-4b,c608ec57-8f54-42e9-87da-ac6cc5047712,Qwen/Qwen2.5-7B-Instruct,mistralai/Mistral-7B-Instruct-v0.3,Empathic Understanding,Exploration,tie,tie
single/phi-4-mini,c608ec57-8f54-42e9-87da-ac6cc5047712,Qwen/Qwen2.5-7B-Instruct,mistralai/Mistral-7B-Instruct-v0.3,Empathic Understanding,Exploration,tie,tie
sc/phi-4-mini,c608ec57-8f54-42e9-87da-ac6cc5047712,Qwen/Qwen2.5-7B-Instruct,mistralai/Mistral-7B-Instruct-v0.3,Empathic Understanding,Exploration,tie,tie
ensemble_single,c608ec57-8f54-42e9-87da-ac6cc5047712,Qwen/Qwen2.5-7B-Instruct,mistralai/Mistral-7B-Instruct-v0.3,Empathic Understanding,Exploration,tie,tie
ensemble_sc,c608ec57-8f54-42e9-87da-ac6cc5047712,Qwen/Qwen2.5-7B-Instruct,mistralai/Mistral-7B-Instruct-v0.3,Empathic Understanding,Exploration,tie,tie
single/gemma-3-4b,c608ec57-8f54-42e9-87da-ac6cc5047712,Qwen/Qwen2.5-7B-Instruct,mistralai/Mistral-7B-Instruct-v0.3,Encouragement of Emotional Expression,Exploration,x,Qwen/Qwen2.5-7B-Instruct
sc/gemma-3-4b,c608ec57-8f54-42e9-87da-ac6cc5047712,Qwen/Qwen2.5-7B-Instruct,mistralai/Mistral-7B-Instruct-v0.3,Encouragement of Emotional Expression,Exploration,x,Qwen/Qwen2.5-7B-Instruct
single/phi-4-mini,c608ec57-8f54-42e9-87da-ac6cc5047712,Qwen/Qwen2.5-7B-Instruct,mistralai/Mistral-7B-Instruct-v0.3,Encouragement of Emotional Expression,Exploration,tie,tie
sc/phi-4-mini,c608ec57-8f54-42e9-87da-ac6cc5047712,Qwen/Qwen2.5-7B-Instruct,mistralai/Mistral-7B-Instruct-v0.3,Encouragement of Emotional Expression,Exploration,tie,tie
ensemble_single,c608ec57-8f54-42e9-87da-ac6cc5047712,Qwen/Qwen2.5-7B-Instruct,mistralai/Mistral-7B-Instruct-v0.3,Encouragement of Emotional Expression,Exploration,tie,tie
ensemble_sc,c608ec57-8f54-42e9-87da-ac6cc5047712,Qwen/Qwen2.5-7B-Instruct,mistralai/Mistral-7B-Instruct-v0.3,Encouragement of Emotional Expression,Exploration,tie,tie
single/gemma-3-4b,c608ec57-8f54-42e9-87da-ac6cc5047712,Qwen/Qwen2.5-7B-Instruct,mistralai/Mistral-7B-Instruct-v0.3,Exploration of Thoughts and Narratives,Exploration,y,mistralai/Mistral-7B-Instruct-v0.3
sc/gemma-3-4b,c608ec57-8f54-42e9-87da-ac6cc5047712,Qwen/Qwen2.5-7B-Instruct,mistralai/Mistral-7B-Instruct-v0.3,Exploration of Thoughts and Narratives,Exploration,tie,tie
single/phi-4-mini,c608ec57-8f54-42e9-87da-ac6cc5047712,Qwen/Qwen2.5-7B-Instruct,mistralai/Mistral-7B-Instruct-v0.3,Exploration of Thoughts and Narratives,Exploration,x,Qwen/Qwen2.5-7B-Instruct
sc/phi-4-mini,c608ec57-8f54-42e9-87da-ac6cc5047712,Qwen/Qwen2.5-7B-Instruct,mistralai/Mistral-7B-Instruct-v0.3,Exploration of Thoughts and Narratives,Exploration,x,Qwen/Qwen2.5-7B-Instruct
ensemble_single,c608ec57-8f54-42e9-87da-ac6cc5047712,Qwen/Qwen2.5-7B-Instruct,mistralai/Mistral-7B-Instruct-v0.3,Exploration of Thoughts and Narratives,Exploration,tie,tie
ensemble_sc,c608ec57-8f54-42e9-87da-ac6cc5047712,Qwen/Qwen2.5-7B-Instruct,mistralai/Mistral-7B-Instruct-v0.3,Exploration of Thoughts and Narratives,Exploration,tie,tie
single/gemma-3-4b,c608ec57-8f54-42e9-87da-ac6cc5047712,Qwen/Qwen2.5-7B-Instruct,mistralai/Mistral-7B-Instruct-v0.3,Establish a Trusting Foundation,Insight,x,Qwen/Qwen2.5-7B-Instruct
sc/gemma-3-4b,c608ec57-8f54-42e9-87da-ac6cc5047712,Qwen/Qwen2.5-7B-Instruct,mistralai/Mistral-7B-Instruct-v0.3,Establish a Trusting Foundation,Insight,x,Qwen/Qwen2.5-7B-Instruct
single/phi-4-mini,c608ec57-8f54-42e9-87da-ac6cc5047712,Qwen/Qwen2.5-7B-Instruct,mistralai/Mistral-7B-Instruct-v0.3,Establish a Trusting Foundation,Insight,tie,tie
sc/phi-4-mini,c608ec57-8f54-42e9-87da-ac6cc5047712,Qwen/Qwen2.5-7B-Instruct,mistralai/Mistral-7B-Instruct-v0.3,Establish a Trusting Foundation,Insight,tie,tie
ensemble_single,c608ec57-8f54-42e9-87da-ac6cc5047712,Qwen/Qwen2.5-7B-Instruct,mistralai/Mistral-7B-Instruct-v0.3,Establish a Trusting Foundation,Insight,tie,tie
ensemble_sc,c608ec57-8f54-42e9-87da-ac6cc5047712,Qwen/Qwen2.5-7B-Instruct,mistralai/Mistral-7B-Instruct-v0.3,Establish a Trusting Foundation,Insight,tie,tie
single/gemma-3-4b,c608ec57-8f54-42e9-87da-ac6cc5047712,Qwen/Qwen2.5-7B-Instruct,mistralai/Mistral-7B-Instruct-v0.3,Assess Readiness for Insight,Insight,tie,tie
sc/gemma-3-4b,c608ec57-8f54-42e9-87da-ac6cc5047712,Qwen/Qwen2.5-7B-Instruct,mistralai/Mistral-7B-Instruct-v0.3,Assess Readiness for Insight,Insight,tie,tie
single/phi-4-mini,c608ec57-8f54-42e9-87da-ac6cc5047712,Qwen/Qwen2.5-7B-Instruct,mistralai/Mistral-7B-Instruct-v0.3,Assess Readiness for Insight,Insight,y,mistralai/Mistral-7B-Instruct-v0.3
sc/phi-4-mini,c608ec57-8f54-42e9-87da-ac6cc5047712,Qwen/Qwen2.5-7B-Instruct,mistralai/Mistral-7B-Instruct-v0.3,Assess Readiness for Insight,Insight,tie,tie
ensemble_single,c608ec57-8f54-42e9-87da-ac6cc5047712,Qwen/Qwen2.5-7B-Instruct,mistralai/Mistral-7B-Instruct-v0.3,Assess Readiness for Insight,Insight,tie,tie
ensemble_sc,c608ec57-8f54-42e9-87da-ac6cc5047712,Qwen/Qwen2.5-7B-Instruct,mistralai/Mistral-7B-Instruct-v0.3,Assess Readiness for Insight,Insight,tie,tie
single/gemma-3-4b,c608ec57-8f54-42e9-87da-ac6cc5047712,Qwen/Qwen2.5-7B-Instruct,mistralai/Mistral-7B-Instruct-v0.3,Use Gentle Challenges and Interpretations,Insight,x,Qwen/Qwen2.5-7B-Instruct
sc/gemma-3-4b,c608ec57-8f54-42e9-87da-ac6cc5047712,Qwen/Qwen2.5-7B-Instruct,mistralai/Mistral-7B-Instruct-v0.3,Use Gentle Challenges and Interpretations,Insight,x,Qwen/Qwen2.5-7B-Instruct
single/phi-4-mini,c608ec57-8f54-42e9-87da-ac6cc5047712,Qwen/Qwen2.5-7B-Instruct,mistralai/Mistral-7B-Instruct-v0.3,Use Gentle Challenges and Interpretations,Insight,,
sc/phi-4-mini,c608ec57-8f54-42e9-87da-ac6cc5047712,Qwen/Qwen2.5-7B-Instruct,mistralai/Mistral-7B-Instruct-v0.3,Use Gentle Challenges and Interpretations,Insight,,
ensemble_single,c608ec57-8f54-42e9-87da-ac6cc5047712,Qwen/Qwen2.5-7B-Instruct,mistralai/Mistral-7B-Instruct-v0.3,Use Gentle Challenges and Interpretations,Insight,,
ensemble_sc,c608ec57-8f54-42e9-87da-ac6cc5047712,Qwen/Qwen2.5-7B-Instruct,mistralai/Mistral-7B-Instruct-v0.3,Use Gentle Challenges and Interpretations,Insight,,
single/gemma-3-4b,c608ec57-8f54-42e9-87da-ac6cc5047712,Qwen/Qwen2.5-7B-Instruct,mistralai/Mistral-7B-Instruct-v0.3,Clarify the Desired Change,Action,x,Qwen/Qwen2.5-7B-Instruct
sc/gemma-3-4b,c608ec57-8f54-42e9-87da-ac6cc5047712,Qwen/Qwen2.5-7B-Instruct,mistralai/Mistral-7B-Instruct-v0.3,Clarify the Desired Change,Action,x,Qwen/Qwen2.5-7B-Instruct
single/phi-4-mini,c608ec57-8f54-42e9-87da-ac6cc5047712,Qwen/Qwen2.5-7B-Instruct,mistralai/Mistral-7B-Instruct-v0.3,Clarify the Desired Change,Action,,
sc/phi-4-mini,c608ec57-8f54-42e9-87da-ac6cc5047712,Qwen/Qwen2.5-7B-Instruct,mistralai/Mistral-7B-Instruct-v0.3,Clarify the Desired Change,Action,,
ensemble_single,c608ec57-8f54-42e9-87da-ac6cc5047712,Qwen/Qwen2.5-7B-Instruct,mistralai/Mistral-7B-Instruct-v0.3,Clarify the Desired Change,Action,,
ensemble_sc,c608ec57-8f54-42e9-87da-ac6cc5047712,Qwen/Qwen2.5-7B-Instruct,mistralai/Mistral-7B-Instruct-v0.3,Clarify the Desired Change,Action,,
single/gemma-3-4b,c608ec57-8f54-42e9-87da-ac6cc5047712,Qwen/Qwen2.5-7B-Instruct,mistralai/Mistral-7B-Instruct-v0.3,Ensure Readiness and Collaboration,Action,x,Qwen/Qwen2.5-7B-Instruct
sc/gemma-3-4b,c608ec57-8f54-42e9-87da-ac6cc5047712,Qwen/Qwen2.5-7B-Instruct,mistralai/Mistral-7B-Instruct-v0.3,Ensure Readiness and Collaboration,Action,x,Qwen/Qwen2.5-7B-Instruct
single/phi-4-mini,c608ec57-8f54-42e9-87da-ac6cc5047712,Qwen/Qwen2.5-7B-Instruct,mistralai/Mistral-7B-Instruct-v0.3,Ensure Readiness and Collaboration,Action,,
sc/phi-4-mini,c608ec57-8f54-42e9-87da-ac6cc5047712,Qwen/Qwen2.5-7B-Instruct,mistralai/Mistral-7B-Instruct-v0.3,Ensure Readiness and Collaboration,Action,,
ensemble_single,c608ec57-8f54-42e9-87da-ac6cc5047712,Qwen/Qwen2.5-7B-Instruct,mistralai/Mistral-7B-Instruct-v0.3,Ensure Readiness and Collaboration,Action,,
ensemble_sc,c608ec57-8f54-42e9-87da-ac6cc5047712,Qwen/Qwen2.5-7B-Instruct,mistralai/Mistral-7B-Instruct-v0.3,Ensure Readiness and Collaboration,Action,,
single/gemma-3-4b,c608ec57-8f54-42e9-87da-ac6cc5047712,Qwen/Qwen2.5-7B-Instruct,mistralai/Mistral-7B-Instruct-v0.3,Brainstorm and Evaluate Options,Action,tie,tie
sc/gemma-3-4b,c608ec57-8f54-42e9-87da-ac6cc5047712,Qwen/Qwen2.5-7B-Instruct,mistralai/Mistral-7B-Instruct-v0.3,Brainstorm and Evaluate Options,Action,tie,tie
single/phi-4-mini,c608ec57-8f54-42e9-87da-ac6cc5047712,Qwen/Qwen2.5-7B-Instruct,mistralai/Mistral-7B-Instruct-v0.3,Brainstorm and Evaluate Options,Action,,
sc/phi-4-mini,c608ec57-8f54-42e9-87da-ac6cc5047712,Qwen/Qwen2.5-7B-Instruct,mistralai/Mistral-7B-Instruct-v0.3,Brainstorm and Evaluate Options,Action,,
ensemble_single,c608ec57-8f54-42e9-87da-ac6cc5047712,Qwen/Qwen2.5-7B-Instruct,mistralai/Mistral-7B-Instruct-v0.3,Brainstorm and Evaluate Options,Action,,
ensemble_sc,c608ec57-8f54-42e9-87da-ac6cc5047712,Qwen/Qwen2.5-7B-Instruct,mistralai/Mistral-7B-Instruct-v0.3,Brainstorm and Evaluate Options,Action,,
single/gemma-3-4b,c94352e5-3433-4f64-a8c7-d33977ad4679,Qwen/Qwen2.5-7B-Instruct,mistralai/Mistral-7B-Instruct-v0.3,Empathic Understanding,Exploration,y,mistralai/Mistral-7B-Instruct-v0.3
sc/gemma-3-4b,c94352e5-3433-4f64-a8c7-d33977ad4679,Qwen/Qwen2.5-7B-Instruct,mistralai/Mistral-7B-Instruct-v0.3,Empathic Understanding,Exploration,y,mistralai/Mistral-7B-Instruct-v0.3
single/phi-4-mini,c94352e5-3433-4f64-a8c7-d33977ad4679,Qwen/Qwen2.5-7B-Instruct,mistralai/Mistral-7B-Instruct-v0.3,Empathic Understanding,Exploration,tie,tie
sc/phi-4-mini,c94352e5-3433-4f64-a8c7-d33977ad4679,Qwen/Qwen2.5-7B-Instruct,mistralai/Mistral-7B-Instruct-v0.3,Empathic Understanding,Exploration,tie,tie
ensemble_single,c94352e5-3433-4f64-a8c7-d33977ad4679,Qwen/Qwen2.5-7B-Instruct,mistralai/Mistral-7B-Instruct-v0.3,Empathic Understanding,Exploration,tie,tie
ensemble_sc,c94352e5-3433-4f64-a8c7-d33977ad4679,Qwen/Qwen2.5-7B-Instruct,mistralai/Mistral-7B-Instruct-v0.3,Empathic Understanding,Exploration,tie,tie
single/gemma-3-4b,c94352e5-3433-4f64-a8c7-d33977ad4679,Qwen/Qwen2.5-7B-Instruct,mistralai/Mistral-7B-Instruct-v0.3,Encouragement of Emotional Expression,Exploration,tie,tie
sc/gemma-3-4b,c94352e5-3433-4f64-a8c7-d33977ad4679,Qwen/Qwen2.5-7B-Instruct,mistralai/Mistral-7B-Instruct-v0.3,Encouragement of Emotional Expression,Exploration,tie,tie
single/phi-4-mini,c94352e5-3433-4f64-a8c7-d33977ad4679,Qwen/Qwen2.5-7B-Instruct,mistralai/Mistral-7B-Instruct-v0.3,Encouragement of Emotional Expression,Exploration,tie,tie
sc/phi-4-mini,c94352e5-3433-4f64-a8c7-d33977ad4679,Qwen/Qwen2.5-7B-Instruct,mistralai/Mistral-7B-Instruct-v0.3,Encouragement of Emotional Expression,Exploration,tie,tie
ensemble_single,c94352e5-3433-4f64-a8c7-d33977ad4679,Qwen/Qwen2.5-7B-Instruct,mistralai/Mistral-7B-Instruct-v0.3,Encouragement of Emotional Expression,Exploration,tie,tie
ensemble_sc,c94352e5-3433-4f64-a8c7-d33977ad4679,Qwen/Qwen2.5-7B-Instruct,mistralai/Mistral-7B-Instruct-v0.3,Encouragement of Emotional Expression,Exploration,tie,tie
single/gemma-3-4b,c94352e5-3433-4f64-a8c7-d33977ad4679,Qwen/Qwen2.5-7B-Instruct,mistralai/Mistral-7B-Instruct-v0.3,Exploration of Thoughts and Narratives,Exploration,y,mistralai/Mistral-7B-Instruct-v0.3
sc/gemma-3-4b,c94352e5-3433-4f64-a8c7-d33977ad4679,Qwen/Qwen2.5-7B-Instruct,mistralai/Mistral-7B-Instruct-v0.3,Exploration of Thoughts and Narratives,Exploration,y,mistralai/Mistral-7B-Instruct-v0.3
single/phi-4-mini,c94352e5-3433-4f64-a8c7-d33977ad4679,Qwen/Qwen2.5-7B-Instruct,mistralai/Mistral-7B-Instruct-v0.3,Exploration of Thoughts and Narratives,Exploration,x,Qwen/Qwen2.5-7B-Instruct
sc/phi-4-mini,c94352e5-3433-4f64-a8c7-d33977ad4679,Qwen/Qwen2.5-7B-Instruct,mistralai/Mistral-7B-Instruct-v0.3,Exploration of Thoughts and Narratives,Exploration,tie,tie
ensemble_single,c94352e5-3433-4f64-a8c7-d33977ad4679,Qwen/Qwen2.5-7B-Instruct,mistralai/Mistral-7B-Instruct-v0.3,Exploration of Thoughts and Narratives,Exploration,tie,tie
ensemble_sc,c94352e5-3433-4f64-a8c7-d33977ad4679,Qwen/Qwen2.5-7B-Instruct,mistralai/Mistral-7B-Instruct-v0.3,Exploration of Thoughts and Narratives,Exploration,tie,tie
single/gemma-3-4b,c94352e5-3433-4f64-a8c7-d33977ad4679,Qwen/Qwen2.5-7B-Instruct,mistralai/Mistral-7B-Instruct-v0.3,Establish a Trusting Foundation,Insight,y,mistralai/Mistral-7B-Instruct-v0.3
sc/gemma-3-4b,c94352e5-3433-4f64-a8c7-d33977ad4679,Qwen/Qwen2.5-7B-Instruct,mistralai/Mistral-7B-Instruct-v0.3,Establish a Trusting Foundation,Insight,y,mistralai/Mistral-7B-Instruct-v0.3
single/phi-4-mini,c94352e5-3433-4f64-a8c7-d33977ad4679,Qwen/Qwen2.5-7B-Instruct,mistralai/Mistral-7B-Instruct-v0.3,Establish a Trusting Foundation,Insight,tie,tie
sc/phi-4-mini,c94352e5-3433-4f64-a8c7-d33977ad4679,Qwen/Qwen2.5-7B-Instruct,mistralai/Mistral-7B-Instruct-v0.3,Establish a Trusting Foundation,Insight,tie,tie
ensemble_single,c94352e5-3433-4f64-a8c7-d33977ad4679,Qwen/Qwen2.5-7B-Instruct,mistralai/Mistral-7B-Instruct-v0.3,Establish a Trusting Foundation,Insight,tie,tie
ensemble_sc,c94352e5-3433-4f64-a8c7-d33977ad4679,Qwen/Qwen2.5-7B-Instruct,mistralai/Mistral-7B-Instruct-v0.3,Establish a Trusting Foundation,Insight,tie,tie
single/gemma-3-4b,c94352e5-3433-4f64-a8c7-d33977ad4679,Qwen/Qwen2.5-7B-Instruct,mistralai/Mistral-7B-Instruct-v0.3,Assess Readiness for Insight,Insight,y,mistralai/Mistral-7B-Instruct-v0.3
sc/gemma-3-4b,c94352e5-3433-4f64-a8c7-d33977ad4679,Qwen/Qwen2.5-7B-Instruct,mistralai/Mistral-7B-Instruct-v0.3,Assess Readiness for Insight,Insight,y,mistralai/Mistral-7B-Instruct-v0.3
single/phi-4-mini,c94352e5-3433-4f64-a8c7-d33977ad4679,Qwen/Qwen2.5-7B-Instruct,mistralai/Mistral-7B-Instruct-v0.3,Assess Readiness for Insight,Insight,tie,tie
sc/phi-4-mini,c94352e5-3433-4f64-a8c7-d33977ad4679,Qwen/Qwen2.5-7B-Instruct,mistralai/Mistral-7B-Instruct-v0.3,Assess Readiness for Insight,Insight,tie,tie
ensemble_single,c94352e5-3433-4f64-a8c7-d33977ad4679,Qwen/Qwen2.5-7B-Instruct,mistralai/Mistral-7B-Instruct-v0.3,Assess Readiness for Insight,Insight,tie,tie
ensemble_sc,c94352e5-3433-4f64-a8c7-d33977ad4679,Qwen/Qwen2.5-7B-Instruct,mistralai/Mistral-7B-Instruct-v0.3,Assess Readiness for Insight,Insight,tie,tie
single/gemma-3-4b,c94352e5-3433-4f64-a8c7-d33977ad4679,Qwen/Qwen2.5-7B-Instruct,mistralai/Mistral-7B-Instruct-v0.3,Use Gentle Challenges and Interpretations,Insight,y,mistralai/Mistral-7B-Instruct-v0.3
sc/gemma-3-4b,c94352e5-3433-4f64-a8c7-d33977ad4679,Qwen/Qwen2.5-7B-Instruct,mistralai/Mistral-7B-Instruct-v0.3,Use Gentle Challenges and Interpretations,Insight,y,mistralai/Mistral-7B-Instruct-v0.3
single/phi-4-mini,c94352e5-3433-4f64-a8c7-d33977ad4679,Qwen/Qwen2.5-7B-Instruct,mistralai/Mistral-7B-Instruct-v0.3,Use Gentle Challenges and Interpretations,Insight,x,Qwen/Qwen2.5-7B-Instruct
sc/phi-4-mini,c94352e5-3433-4f64-a8c7-d33977ad4679,Qwen/Qwen2.5-7B-Instruct,mistralai/Mistral-7B-Instruct-v0.3,Use Gentle Challenges and Interpretations,Insight,x,Qwen/Qwen2.5-7B-Instruct
ensemble_single,c94352e5-3433-4f64-a8c7-d33977ad4679,Qwen/Qwen2.5-7B-Instruct,mistralai/Mistral-7B-Instruct-v0.3,Use Gentle Challenges and Interpretations,Insight,tie,tie
ensemble_sc,c94352e5-3433-4f64-a8c7-d33977ad4679,Qwen/Qwen2.5-7B-Instruct,mistralai/Mistral-7B-Instruct-v0.3,Use Gentle Challenges and Interpretations,Insight,tie,tie
single/gemma-3-4b,c94352e5-3433-4f64-a8c7-d33977ad4679,Qwen/Qwen2.5-7B-Instruct,mistralai/Mistral-7B-Instruct-v0.3,Clarify the Desired Change,Action,y,mistralai/Mistral-7B-Instruct-v0.3
sc/gemma-3-4b,c94352e5-3433-4f64-a8c7-d33977ad4679,Qwen/Qwen2.5-7B-Instruct,mistralai/Mistral-7B-Instruct-v0.3,Clarify the Desired Change,Action,y,mistralai/Mistral-7B-Instruct-v0.3
single/phi-4-mini,c94352e5-3433-4f64-a8c7-d33977ad4679,Qwen/Qwen2.5-7B-Instruct,mistralai/Mistral-7B-Instruct-v0.3,Clarify the Desired Change,Action,tie,tie
sc/phi-4-mini,c94352e5-3433-4f64-a8c7-d33977ad4679,Qwen/Qwen2.5-7B-Instruct,mistralai/Mistral-7B-Instruct-v0.3,Clarify the Desired Change,Action,tie,tie
ensemble_single,c94352e5-3433-4f64-a8c7-d33977ad4679,Qwen/Qwen2.5-7B-Instruct,mistralai/Mistral-7B-Instruct-v0.3,Clarify the Desired Change,Action,tie,tie
ensemble_sc,c94352e5-3433-4f64-a8c7-d33977ad4679,Qwen/Qwen2.5-7B-Instruct,mistralai/Mistral-7B-Instruct-v0.3,Clarify the Desired Change,Action,tie,tie
single/gemma-3-4b,c94352e5-3433-4f64-a8c7-d33977ad4679,Qwen/Qwen2.5-7B-Instruct,mistralai/Mistral-7B-Instruct-v0.3,Ensure Readiness and Collaboration,Action,y,mistralai/Mistral-7B-Instruct-v0.3
sc/gemma-3-4b,c94352e5-3433-4f64-a8c7-d33977ad4679,Qwen/Qwen2.5-7B-Instruct,mistralai/Mistral-7B-Instruct-v0.3,Ensure Readiness and Collaboration,Action,y,mistralai/Mistral-7B-Instruct-v0.3
single/phi-4-mini,c94352e5-3433-4f64-a8c7-d33977ad4679,Qwen/Qwen2.5-7B-Instruct,mistralai/Mistral-7B-Instruct-v0.3,Ensure Readiness and Collaboration,Action,tie,tie
sc/phi-4-mini,c94352e5-3433-4f64-a8c7-d33977ad4679,Qwen/Qwen2.5-7B-Instruct,mistralai/Mistral-7B-Instruct-v0.3,Ensure Readiness and Collaboration,Action,tie,tie
ensemble_single,c94352e5-3433-4f64-a8c7-d33977ad4679,Qwen/Qwen2.5-7B-Instruct,mistralai/Mistral-7B-Instruct-v0.3,Ensure Readiness and Collaboration,Action,tie,tie
ensemble_sc,c94352e5-3433-4f64-a8c7-d33977ad4679,Qwen/Qwen2.5-7B-Instruct,mistralai/Mistral-7B-Instruct-v0.3,Ensure Readiness and Collaboration,Action,tie,tie
single/gemma-3-4b,c94352e5-3433-4f64-a8c7-d33977ad4679,Qwen/Qwen2.5-7B-Instruct,mistralai/Mistral-7B-Instruct-v0.3,Brainstorm and Evaluate Options,Action,x,Qwen/Qwen2.5-7B-Instruct
sc/gemma-3-4b,c94352e5-3433-4f64-a8c7-d33977ad4679,Qwen/Qwen2.5-7B-Instruct,mistralai/Mistral-7B-Instruct-v0.3,Brainstorm and Evaluate Options,Action,tie,tie
single/phi-4-mini,c94352e5-3433-4f64-a8c7-d33977ad4679,Qwen/Qwen2.5-7B-Instruct,mistralai/Mistral-7B-Instruct-v0.3,Brainstorm and Evaluate Options,Action,tie,tie
sc/phi-4-mini,c94352e5-3433-4f64-a8c7-d33977ad4679,Qwen/Qwen2.5-7B-Instruct,mistralai/Mistral-7B-Instruct-v0.3,Brainstorm and Evaluate Options,Action,tie,tie
ensemble_single,c94352e5-3433-4f64-a8c7-d33977ad4679,Qwen/Qwen2.5-7B-Instruct,mistralai/Mistral-7B-Instruct-v0.3,Brainstorm and Evaluate Options,Action,tie,tie
ensemble_sc,c94352e5-3433-4f64-a8c7-d33977ad4679,Qwen/Qwen2.5-7B-Instruct,mistralai/Mistral-7B-Instruct-v0.3,Brainstorm and Evaluate Options,Action,tie,tie
single/gemma-3-4b,cb39ec53-6788-4dac-af7a-9ed6b474caab,Qwen/Qwen2.5-7B-Instruct,mistralai/Mistral-7B-Instruct-v0.3,Empathic Understanding,Exploration,x,Qwen/Qwen2.5-7B-Instruct
sc/gemma-3-4b,cb39ec53-6788-4dac-af7a-9ed6b474caab,Qwen/Qwen2.5-7B-Instruct,mistralai/Mistral-7B-Instruct-v0.3,Empathic Understanding,Exploration,x,Qwen/Qwen2.5-7B-Instruct
single/phi-4-mini,cb39ec53-6788-4dac-af7a-9ed6b474caab,Qwen/Qwen2.5-7B-Instruct,mistralai/Mistral-7B-Instruct-v0.3,Empathic Understanding,Exploration,tie,tie
sc/phi-4-mini,cb39ec53-6788-4dac-af7a-9ed6b474caab,Qwen/Qwen2.5-7B-Instruct,mistralai/Mistral-7B-Instruct-v0.3,Empathic Understanding,Exploration,tie,tie
ensemble_single,cb39ec53-6788-4dac-af7a-9ed6b474caab,Qwen/Qwen2.5-7B-Instruct,mistralai/Mistral-7B-Instruct-v0.3,Empathic Understanding,Exploration,tie,tie
ensemble_sc,cb39ec53-6788-4dac-af7a-9ed6b474caab,Qwen/Qwen2.5-7B-Instruct,mistralai/Mistral-7B-Instruct-v0.3,Empathic Understanding,Exploration,tie,tie
single/gemma-3-4b,cb39ec53-6788-4dac-af7a-9ed6b474caab,Qwen/Qwen2.5-7B-Instruct,mistralai/Mistral-7B-Instruct-v0.3,Encouragement of Emotional Expression,Exploration,x,Qwen/Qwen2.5-7B-Instruct
sc/gemma-3-4b,cb39ec53-6788-4dac-af7a-9ed6b474caab,Qwen/Qwen2.5-7B-Instruct,mistralai/Mistral-7B-Instruct-v0.3,Encouragement of Emotional Expression,Exploration,x,Qwen/Qwen2.5-7B-Instruct
single/phi-4-mini,cb39ec53-6788-4dac-af7a-9ed6b474caab,Qwen/Qwen2.5-7B-Instruct,mistralai/Mistral-7B-Instruct-v0.3,Encouragement of Emotional Expression,Exploration,tie,tie
sc/phi-4-mini,cb39ec53-6788-4dac-af7a-9ed6b474caab,Qwen/Qwen2.5-7B-Instruct,mistralai/Mistral-7B-Instruct-v0.3,Encouragement of Emotional Expression,Exploration,tie,tie
ensemble_single,cb39ec53-6788-4dac-af7a-9ed6b474caab,Qwen/Qwen2.5-7B-Instruct,mistralai/Mistral-7B-Instruct-v0.3,Encouragement of Emotional Expression,Exploration,tie,tie
ensemble_sc,cb39ec53-6788-4dac-af7a-9ed6b474caab,Qwen/Qwen2.5-7B-Instruct,mistralai/Mistral-7B-Instruct-v0.3,Encouragement of Emotional Expression,Exploration,tie,tie
single/gemma-3-4b,cb39ec53-6788-4dac-af7a-9ed6b474caab,Qwen/Qwen2.5-7B-Instruct,mistralai/Mistral-7B-Instruct-v0.3,Exploration of Thoughts and Narratives,Exploration,y,mistralai/Mistral-7B-Instruct-v0.3
sc/gemma-3-4b,cb39ec53-6788-4dac-af7a-9ed6b474caab,Qwen/Qwen2.5-7B-Instruct,mistralai/Mistral-7B-Instruct-v0.3,Exploration of Thoughts and Narratives,Exploration,tie,tie
single/phi-4-mini,cb39ec53-6788-4dac-af7a-9ed6b474caab,Qwen/Qwen2.5-7B-Instruct,mistralai/Mistral-7B-Instruct-v0.3,Exploration of Thoughts and Narratives,Exploration,tie,tie
sc/phi-4-mini,cb39ec53-6788-4dac-af7a-9ed6b474caab,Qwen/Qwen2.5-7B-Instruct,mistralai/Mistral-7B-Instruct-v0.3,Exploration of Thoughts and Narratives,Exploration,tie,tie
ensemble_single,cb39ec53-6788-4dac-af7a-9ed6b474caab,Qwen/Qwen2.5-7B-Instruct,mistralai/Mistral-7B-Instruct-v0.3,Exploration of Thoughts and Narratives,Exploration,tie,tie
ensemble_sc,cb39ec53-6788-4dac-af7a-9ed6b474caab,Qwen/Qwen2.5-7B-Instruct,mistralai/Mistral-7B-Instruct-v0.3,Exploration of Thoughts and Narratives,Exploration,tie,tie
single/gemma-3-4b,cb39ec53-6788-4dac-af7a-9ed6b474caab,Qwen/Qwen2.5-7B-Instruct,mistralai/Mistral-7B-Instruct-v0.3,Establish a Trusting Foundation,Insight,y,mistralai/Mistral-7B-Instruct-v0.3
sc/gemma-3-4b,cb39ec53-6788-4dac-af7a-9ed6b474caab,Qwen/Qwen2.5-7B-Instruct,mistralai/Mistral-7B-Instruct-v0.3,Establish a Trusting Foundation,Insight,tie,tie
single/phi-4-mini,cb39ec53-6788-4dac-af7a-9ed6b474caab,Qwen/Qwen2.5-7B-Instruct,mistralai/Mistral-7B-Instruct-v0.3,Establish a Trusting Foundation,Insight,tie,tie
sc/phi-4-mini,cb39ec53-6788-4dac-af7a-9ed6b474caab,Qwen/Qwen2.5-7B-Instruct,mistralai/Mistral-7B-Instruct-v0.3,Establish a Trusting Foundation,Insight,tie,tie
ensemble_single,cb39ec53-6788-4dac-af7a-9ed6b474caab,Qwen/Qwen2.5-7B-Instruct,mistralai/Mistral-7B-Instruct-v0.3,Establish a Trusting Foundation,Insight,tie,tie
ensemble_sc,cb39ec53-6788-4dac-af7a-9ed6b474caab,Qwen/Qwen2.5-7B-Instruct,mistralai/Mistral-7B-Instruct-v0.3,Establish a Trusting Foundation,Insight,tie,tie
single/gemma-3-4b,cb39ec53-6788-4dac-af7a-9ed6b474caab,Qwen/Qwen2.5-7B-Instruct,mistralai/Mistral-7B-Instruct-v0.3,Assess Readiness for Insight,Insight,x,Qwen/Qwen2.5-7B-Instruct
sc/gemma-3-4b,cb39ec53-6788-4dac-af7a-9ed6b474caab,Qwen/Qwen2.5-7B-Instruct,mistralai/Mistral-7B-Instruct-v0.3,Assess Readiness for Insight,Insight,x,Qwen/Qwen2.5-7B-Instruct
single/phi-4-mini,cb39ec53-6788-4dac-af7a-9ed6b474caab,Qwen/Qwen2.5-7B-Instruct,mistralai/Mistral-7B-Instruct-v0.3,Assess Readiness for Insight,Insight,tie,tie
sc/phi-4-mini,cb39ec53-6788-4dac-af7a-9ed6b474caab,Qwen/Qwen2.5-7B-Instruct,mistralai/Mistral-7B-Instruct-v0.3,Assess Readiness for Insight,Insight,tie,tie
ensemble_single,cb39ec53-6788-4dac-af7a-9ed6b474caab,Qwen/Qwen2.5-7B-Instruct,mistralai/Mistral-7B-Instruct-v0.3,Assess Readiness for Insight,Insight,tie,tie
ensemble_sc,cb39ec53-6788-4dac-af7a-9ed6b474caab,Qwen/Qwen2.5-7B-Instruct,mistralai/Mistral-7B-Instruct-v0.3,Assess Readiness for Insight,Insight,tie,tie
single/gemma-3-4b,cb39ec53-6788-4dac-af7a-9ed6b474caab,Qwen/Qwen2.5-7B-Instruct,mistralai/Mistral-7B-Instruct-v0.3,Use Gentle Challenges and Interpretations,Insight,x,Qwen/Qwen2.5-7B-Instruct
sc/gemma-3-4b,cb39ec53-6788-4dac-af7a-9ed6b474caab,Qwen/Qwen2.5-7B-Instruct,mistralai/Mistral-7B-Instruct-v0.3,Use Gentle Challenges and Interpretations,Insight,x,Qwen/Qwen2.5-7B-Instruct
single/phi-4-mini,cb39ec53-6788-4dac-af7a-9ed6b474caab,Qwen/Qwen2.5-7B-Instruct,mistralai/Mistral-7B-Instruct-v0.3,Use Gentle Challenges and Interpretations,Insight,tie,tie
sc/phi-4-mini,cb39ec53-6788-4dac-af7a-9ed6b474caab,Qwen/Qwen2.5-7B-Instruct,mistralai/Mistral-7B-Instruct-v0.3,Use Gentle Challenges and Interpretations,Insight,tie,tie
ensemble_single,cb39ec53-6788-4dac-af7a-9ed6b474caab,Qwen/Qwen2.5-7B-Instruct,mistralai/Mistral-7B-Instruct-v0.3,Use Gentle Challenges and Interpretations,Insight,tie,tie
ensemble_sc,cb39ec53-6788-4dac-af7a-9ed6b474caab,Qwen/Qwen2.5-7B-Instruct,mistralai/Mistral-7B-Instruct-v0.3,Use Gentle Challenges and Interpretations,Insight,tie,tie
single/gemma-3-4b,cb39ec53-6788-4dac-af7a-9ed6b474caab,Qwen/Qwen2.5-7B-Instruct,mistralai/Mistral-7B-Instruct-v0.3,Clarify the Desired Change,Action,y,mistralai/Mistral-7B-Instruct-v0.3
sc/gemma-3-4b,cb39ec53-6788-4dac-af7a-9ed6b474caab,Qwen/Qwen2.5-7B-Instruct,mistralai/Mistral-7B-Instruct-v0.3,Clarify the Desired Change,Action,tie,tie
single/phi-4-mini,cb39ec53-6788-4dac-af7a-9ed6b474caab,Qwen/Qwen2.5-7B-Instruct,mistralai/Mistral-7B-Instruct-v0.3,Clarify the Desired Change,Action,y,mistralai/Mistral-7B-Instruct-v0.3
sc/phi-4-mini,cb39ec53-6788-4dac-af7a-9ed6b474caab,Qwen/Qwen2.5-7B-Instruct,mistralai/Mistral-7B-Instruct-v0.3,Clarify the Desired Change,Action,tie,tie
ensemble_single,cb39ec53-6788-4dac-af7a-9ed6b474caab,Qwen/Qwen2.5-7B-Instruct,mistralai/Mistral-7B-Instruct-v0.3,Clarify the Desired Change,Action,y,mistralai/Mistral-7B-Instruct-v0.3
ensemble_sc,cb39ec53-6788-4dac-af7a-9ed6b474caab,Qwen/Qwen2.5-7B-Instruct,mistralai/Mistral-7B-Instruct-v0.3,Clarify the Desired Change,Action,tie,tie
single/gemma-3-4b,cb39ec53-6788-4dac-af7a-9ed6b474caab,Qwen/Qwen2.5-7B-Instruct,mistralai/Mistral-7B-Instruct-v0.3,Ensure Readiness and Collaboration,Action,x,Qwen/Qwen2.5-7B-Instruct
sc/gemma-3-4b,cb39ec53-6788-4dac-af7a-9ed6b474caab,Qwen/Qwen2.5-7B-Instruct,mistralai/Mistral-7B-Instruct-v0.3,Ensure Readiness and Collaboration,Action,x,Qwen/Qwen2.5-7B-Instruct
single/phi-4-mini,cb39ec53-6788-4dac-af7a-9ed6b474caab,Qwen/Qwen2.5-7B-Instruct,mistralai/Mistral-7B-Instruct-v0.3,Ensure Readiness and Collaboration,Action,tie,tie
sc/phi-4-mini,cb39ec53-6788-4dac-af7a-9ed6b474caab,Qwen/Qwen2.5-7B-Instruct,mistralai/Mistral-7B-Instruct-v0.3,Ensure Readiness and Collaboration,Action,tie,tie
ensemble_single,cb39ec53-6788-4dac-af7a-9ed6b474caab,Qwen/Qwen2.5-7B-Instruct,mistralai/Mistral-7B-Instruct-v0.3,Ensure Readiness and Collaboration,Action,tie,tie
ensemble_sc,cb39ec53-6788-4dac-af7a-9ed6b474caab,Qwen/Qwen2.5-7B-Instruct,mistralai/Mistral-7B-Instruct-v0.3,Ensure Readiness and Collaboration,Action,tie,tie
single/gemma-3-4b,cb39ec53-6788-4dac-af7a-9ed6b474caab,Qwen/Qwen2.5-7B-Instruct,mistralai/Mistral-7B-Instruct-v0.3,Brainstorm and Evaluate Options,Action,y,mistralai/Mistral-7B-Instruct-v0.3
sc/gemma-3-4b,cb39ec53-6788-4dac-af7a-9ed6b474caab,Qwen/Qwen2.5-7B-Instruct,mistralai/Mistral-7B-Instruct-v0.3,Brainstorm and Evaluate Options,Action,tie,tie
single/phi-4-mini,cb39ec53-6788-4dac-af7a-9ed6b474caab,Qwen/Qwen2.5-7B-Instruct,mistralai/Mistral-7B-Instruct-v0.3,Brainstorm and Evaluate Options,Action,y,mistralai/Mistral-7B-Instruct-v0.3
sc/phi-4-mini,cb39ec53-6788-4dac-af7a-9ed6b474caab,Qwen/Qwen2.5-7B-Instruct,mistralai/Mistral-7B-Instruct-v0.3,Brainstorm and Evaluate Options,Action,y,mistralai/Mistral-7B-Instruct-v0.3
ensemble_single,cb39ec53-6788-4dac-af7a-9ed6b474caab,Qwen/Qwen2.5-7B-Instruct,mistralai/Mistral-7B-Instruct-v0.3,Brainstorm and Evaluate Options,Action,y,mistralai/Mistral-7B-Instruct-v0.3
ensemble_sc,cb39ec53-6788-4dac-af7a-9ed6b474caab,Qwen/Qwen2.5-7B-Instruct,mistralai/Mistral-7B-Instruct-v0.3,Brainstorm and Evaluate Options,Action,tie,tie
single/gemma-3-4b,cbf850f0-6f64-4b13-95f4-7e70c6def1e3,Qwen/Qwen2.5-7B-Instruct,mistralai/Mistral-7B-Instruct-v0.3,Empathic Understanding,Exploration,y,mistralai/Mistral-7B-Instruct-v0.3
sc/gemma-3-4b,cbf850f0-6f64-4b13-95f4-7e70c6def1e3,Qwen/Qwen2.5-7B-Instruct,mistralai/Mistral-7B-Instruct-v0.3,Empathic Understanding,Exploration,tie,tie
single/phi-4-mini,cbf850f0-6f64-4b13-95f4-7e70c6def1e3,Qwen/Qwen2.5-7B-Instruct,mistralai/Mistral-7B-Instruct-v0.3,Empathic Understanding,Exploration,x,Qwen/Qwen2.5-7B-Instruct
sc/phi-4-mini,cbf850f0-6f64-4b13-95f4-7e70c6def1e3,Qwen/Qwen2.5-7B-Instruct,mistralai/Mistral-7B-Instruct-v0.3,Empathic Understanding,Exploration,tie,tie
ensemble_single,cbf850f0-6f64-4b13-95f4-7e70c6def1e3,Qwen/Qwen2.5-7B-Instruct,mistralai/Mistral-7B-Instruct-v0.3,Empathic Understanding,Exploration,tie,tie
ensemble_sc,cbf850f0-6f64-4b13-95f4-7e70c6def1e3,Qwen/Qwen2.5-7B-Instruct,mistralai/Mistral-7B-Instruct-v0.3,Empathic Understanding,Exploration,tie,tie
single/gemma-3-4b,cbf850f0-6f64-4b13-95f4-7e70c6def1e3,Qwen/Qwen2.5-7B-Instruct,mistralai/Mistral-7B-Instruct-v0.3,Encouragement of Emotional Expression,Exploration,y,mistralai/Mistral-7B-Instruct-v0.3
sc/gemma-3-4b,cbf850f0-6f64-4b13-95f4-7e70c6def1e3,Qwen/Qwen2.5-7B-Instruct,mistralai/Mistral-7B-Instruct-v0.3,Encouragement of Emotional Expression,Exploration,tie,tie
single/phi-4-mini,cbf850f0-6f64-4b13-95f4-7e70c6def1e3,Qwen/Qwen2.5-7B-Instruct,mistralai/Mistral-7B-Instruct-v0.3,Encouragement of Emotional Expression,Exploration,x,Qwen/Qwen2.5-7B-Instruct
sc/phi-4-mini,cbf850f0-6f64-4b13-95f4-7e70c6def1e3,Qwen/Qwen2.5-7B-Instruct,mistralai/Mistral-7B-Instruct-v0.3,Encouragement of Emotional Expression,Exploration,tie,tie
ensemble_single,cbf850f0-6f64-4b13-95f4-7e70c6def1e3,Qwen/Qwen2.5-7B-Instruct,mistralai/Mistral-7B-Instruct-v0.3,Encouragement of Emotional Expression,Exploration,tie,tie
ensemble_sc,cbf850f0-6f64-4b13-95f4-7e70c6def1e3,Qwen/Qwen2.5-7B-Instruct,mistralai/Mistral-7B-Instruct-v0.3,Encouragement of Emotional Expression,Exploration,tie,tie
single/gemma-3-4b,cbf850f0-6f64-4b13-95f4-7e70c6def1e3,Qwen/Qwen2.5-7B-Instruct,mistralai/Mistral-7B-Instruct-v0.3,Exploration of Thoughts and Narratives,Exploration,y,mistralai/Mistral-7B-Instruct-v0.3
sc/gemma-3-4b,cbf850f0-6f64-4b13-95f4-7e70c6def1e3,Qwen/Qwen2.5-7B-Instruct,mistralai/Mistral-7B-Instruct-v0.3,Exploration of Thoughts and Narratives,Exploration,tie,tie
single/phi-4-mini,cbf850f0-6f64-4b13-95f4-7e70c6def1e3,Qwen/Qwen2.5-7B-Instruct,mistralai/Mistral-7B-Instruct-v0.3,Exploration of Thoughts and Narratives,Exploration,x,Qwen/Qwen2.5-7B-Instruct
sc/phi-4-mini,cbf850f0-6f64-4b13-95f4-7e70c6def1e3,Qwen/Qwen2.5-7B-Instruct,mistralai/Mistral-7B-Instruct-v0.3,Exploration of Thoughts and Narratives,Exploration,tie,tie
ensemble_single,cbf850f0-6f64-4b13-95f4-7e70c6def1e3,Qwen/Qwen2.5-7B-Instruct,mistralai/Mistral-7B-Instruct-v0.3,Exploration of Thoughts and Narratives,Exploration,tie,tie
ensemble_sc,cbf850f0-6f64-4b13-95f4-7e70c6def1e3,Qwen/Qwen2.5-7B-Instruct,mistralai/Mistral-7B-Instruct-v0.3,Exploration of Thoughts and Narratives,Exploration,tie,tie
single/gemma-3-4b,cbf850f0-6f64-4b13-95f4-7e70c6def1e3,Qwen/Qwen2.5-7B-Instruct,mistralai/Mistral-7B-Instruct-v0.3,Establish a Trusting Foundation,Insight,y,mistralai/Mistral-7B-Instruct-v0.3
sc/gemma-3-4b,cbf850f0-6f64-4b13-95f4-7e70c6def1e3,Qwen/Qwen2.5-7B-Instruct,mistralai/Mistral-7B-Instruct-v0.3,Establish a Trusting Foundation,Insight,tie,tie
single/phi-4-mini,cbf850f0-6f64-4b13-95f4-7e70c6def1e3,Qwen/Qwen2.5-7B-Instruct,mistralai/Mistral-7B-Instruct-v0.3,Establish a Trusting Foundation,Insight,x,Qwen/Qwen2.5-7B-Instruct
sc/phi-4-mini,cbf850f0-6f64-4b13-95f4-7e70c6def1e3,Qwen/Qwen2.5-7B-Instruct,mistralai/Mistral-7B-Instruct-v0.3,Establish a Trusting Foundation,Insight,tie,tie
ensemble_single,cbf850f0-6f64-4b13-95f4-7e70c6def1e3,Qwen/Qwen2.5-7B-Instruct,mistralai/Mistral-7B-Instruct-v0.3,Establish a Trusting Foundation,Insight,tie,tie
ensemble_sc,cbf850f0-6f64-4b13-95f4-7e70c6def1e3,Qwen/Qwen2.5-7B-Instruct,mistralai/Mistral-7B-Instruct-v0.3,Establish a Trusting Foundation,Insight,tie,tie
single/gemma-3-4b,cbf850f0-6f64-4b13-95f4-7e70c6def1e3,Qwen/Qwen2.5-7B-Instruct,mistralai/Mistral-7B-Instruct-v0.3,Assess Readiness for Insight,Insight,y,mistralai/Mistral-7B-Instruct-v0.3
sc/gemma-3-4b,cbf850f0-6f64-4b13-95f4-7e70c6def1e3,Qwen/Qwen2.5-7B-Instruct,mistralai/Mistral-7B-Instruct-v0.3,Assess Readiness for Insight,Insight,tie,tie
single/phi-4-mini,cbf850f0-6f64-4b13-95f4-7e70c6def1e3,Qwen/Qwen2.5-7B-Instruct,mistralai/Mistral-7B-Instruct-v0.3,Assess Readiness for Insight,Insight,tie,tie
sc/phi-4-mini,cbf850f0-6f64-4b13-95f4-7e70c6def1e3,Qwen/Qwen2.5-7B-Instruct,mistralai/Mistral-7B-Instruct-v0.3,Assess Readiness for Insight,Insight,tie,tie
ensemble_single,cbf850f0-6f64-4b13-95f4-7e70c6def1e3,Qwen/Qwen2.5-7B-Instruct,mistralai/Mistral-7B-Instruct-v0.3,Assess Readiness for Insight,Insight,tie,tie
ensemble_sc,cbf850f0-6f64-4b13-95f4-7e70c6def1e3,Qwen/Qwen2.5-7B-Instruct,mistralai/Mistral-7B-Instruct-v0.3,Assess Readiness for Insight,Insight,tie,tie
single/gemma-3-4b,cbf850f0-6f64-4b13-95f4-7e70c6def1e3,Qwen/Qwen2.5-7B-Instruct,mistralai/Mistral-7B-Instruct-v0.3,Use Gentle Challenges and Interpretations,Insight,tie,tie
sc/gemma-3-4b,cbf850f0-6f64-4b13-95f4-7e70c6def1e3,Qwen/Qwen2.5-7B-Instruct,mistralai/Mistral-7B-Instruct-v0.3,Use Gentle Challenges and Interpretations,Insight,tie,tie
single/phi-4-mini,cbf850f0-6f64-4b13-95f4-7e70c6def1e3,Qwen/Qwen2.5-7B-Instruct,mistralai/Mistral-7B-Instruct-v0.3,Use Gentle Challenges and Interpretations,Insight,tie,tie
sc/phi-4-mini,cbf850f0-6f64-4b13-95f4-7e70c6def1e3,Qwen/Qwen2.5-7B-Instruct,mistralai/Mistral-7B-Instruct-v0.3,Use Gentle Challenges and Interpretations,Insight,tie,tie
ensemble_single,cbf850f0-6f64-4b13-95f4-7e70c6def1e3,Qwen/Qwen2.5-7B-Instruct,mistralai/Mistral-7B-Instruct-v0.3,Use Gentle Challenges and Interpretations,Insight,tie,tie
ensemble_sc,cbf850f0-6f64-4b13-95f4-7e70c6def1e3,Qwen/Qwen2.5-7B-Instruct,mistralai/Mistral-7B-Instruct-v0.3,Use Gentle Challenges and Interpretations,Insight,tie,tie
single/gemma-3-4b,cbf850f0-6f64-4b13-95f4-7e70c6def1e3,Qwen/Qwen2.5-7B-Instruct,mistralai/Mistral-7B-Instruct-v0.3,Clarify the Desired Change,Action,y,mistralai/Mistral-7B-Instruct-v0.3
sc/gemma-3-4b,cbf850f0-6f64-4b13-95f4-7e70c6def1e3,Qwen/Qwen2.5-7B-Instruct,mistralai/Mistral-7B-Instruct-v0.3,Clarify the Desired Change,Action,tie,tie
single/phi-4-mini,cbf850f0-6f64-4b13-95f4-7e70c6def1e3,Qwen/Qwen2.5-7B-Instruct,mistralai/Mistral-7B-Instruct-v0.3,Clarify the Desired Change,Action,x,Qwen/Qwen2.5-7B-Instruct
sc/phi-4-mini,cbf850f0-6f64-4b13-95f4-7e70c6def1e3,Qwen/Qwen2.5-7B-Instruct,mistralai/Mistral-7B-Instruct-v0.3,Clarify the Desired Change,Action,tie,tie
ensemble_single,cbf850f0-6f64-4b13-95f4-7e70c6def1e3,Qwen/Qwen2.5-7B-Instruct,mistralai/Mistral-7B-Instruct-v0.3,Clarify the Desired Change,Action,tie,tie
ensemble_sc,cbf850f0-6f64-4b13-95f4-7e70c6def1e3,Qwen/Qwen2.5-7B-Instruct,mistralai/Mistral-7B-Instruct-v0.3,Clarify the Desired Change,Action,tie,tie
single/gemma-3-4b,cbf850f0-6f64-4b13-95f4-7e70c6def1e3,Qwen/Qwen2.5-7B-Instruct,mistralai/Mistral-7B-Instruct-v0.3,Ensure Readiness and Collaboration,Action,y,mistralai/Mistral-7B-Instruct-v0.3
sc/gemma-3-4b,cbf850f0-6f64-4b13-95f4-7e70c6def1e3,Qwen/Qwen2.5-7B-Instruct,mistralai/Mistral-7B-Instruct-v0.3,Ensure Readiness and Collaboration,Action,tie,tie
single/phi-4-mini,cbf850f0-6f64-4b13-95f4-7e70c6def1e3,Qwen/Qwen2.5-7B-Instruct,mistralai/Mistral-7B-Instruct-v0.3,Ensure Readiness and Collaboration,Action,x,Qwen/Qwen2.5-7B-Instruct
sc/phi-4-mini,cbf850f0-6f64-4b13-95f4-7e70c6def1e3,Qwen/Qwen2.5-7B-Instruct,mistralai/Mistral-7B-Instruct-v0.3,Ensure Readiness and Collaboration,Action,tie,tie
ensemble_single,cbf850f0-6f64-4b13-95f4-7e70c6def1e3,Qwen/Qwen2.5-7B-Instruct,mistralai/Mistral-7B-Instruct-v0.3,Ensure Readiness and Collaboration,Action,tie,tie
ensemble_sc,cbf850f0-6f64-4b13-95f4-7e70c6def1e3,Qwen/Qwen2.5-7B-Instruct,mistralai/Mistral-7B-Instruct-v0.3,Ensure Readiness and Collaboration,Action,tie,tie
single/gemma-3-4b,cbf850f0-6f64-4b13-95f4-7e70c6def1e3,Qwen/Qwen2.5-7B-Instruct,mistralai/Mistral-7B-Instruct-v0.3,Brainstorm and Evaluate Options,Action,y,mistralai/Mistral-7B-Instruct-v0.3
sc/gemma-3-4b,cbf850f0-6f64-4b13-95f4-7e70c6def1e3,Qwen/Qwen2.5-7B-Instruct,mistralai/Mistral-7B-Instruct-v0.3,Brainstorm and Evaluate Options,Action,y,mistralai/Mistral-7B-Instruct-v0.3
single/phi-4-mini,cbf850f0-6f64-4b13-95f4-7e70c6def1e3,Qwen/Qwen2.5-7B-Instruct,mistralai/Mistral-7B-Instruct-v0.3,Brainstorm and Evaluate Options,Action,y,mistralai/Mistral-7B-Instruct-v0.3
sc/phi-4-mini,cbf850f0-6f64-4b13-95f4-7e70c6def1e3,Qwen/Qwen2.5-7B-Instruct,mistralai/Mistral-7B-Instruct-v0.3,Brainstorm and Evaluate Options,Action,tie,tie
ensemble_single,cbf850f0-6f64-4b13-95f4-7e70c6def1e3,Qwen/Qwen2.5-7B-Instruct,mistralai/Mistral-7B-Instruct-v0.3,Brainstorm and Evaluate Options,Action,y,mistralai/Mistral-7B-Instruct-v0.3
ensemble_sc,cbf850f0-6f64-4b13-95f4-7e70c6def1e3,Qwen/Qwen2.5-7B-Instruct,mistralai/Mistral-7B-Instruct-v0.3,Brainstorm and Evaluate Options,Action,tie,tie
single/gemma-3-4b,d839ec4a-1ad4-4acd-8006-136303bf992b,Qwen/Qwen2.5-7B-Instruct,mistralai/Mistral-7B-Instruct-v0.3,Empathic Understanding,Exploration,tie,tie
sc/gemma-3-4b,d839ec4a-1ad4-4acd-8006-136303bf992b,Qwen/Qwen2.5-7B-Instruct,mistralai/Mistral-7B-Instruct-v0.3,Empathic Understanding,Exploration,tie,tie
single/phi-4-mini,d839ec4a-1ad4-4acd-8006-136303bf992b,Qwen/Qwen2.5-7B-Instruct,mistralai/Mistral-7B-Instruct-v0.3,Empathic Understanding,Exploration,x,Qwen/Qwen2.5-7B-Instruct
sc/phi-4-mini,d839ec4a-1ad4-4acd-8006-136303bf992b,Qwen/Qwen2.5-7B-Instruct,mistralai/Mistral-7B-Instruct-v0.3,Empathic Understanding,Exploration,tie,tie
ensemble_single,d839ec4a-1ad4-4acd-8006-136303bf992b,Qwen/Qwen2.5-7B-Instruct,mistralai/Mistral-7B-Instruct-v0.3,Empathic Understanding,Exploration,tie,tie
ensemble_sc,d839ec4a-1ad4-4acd-8006-136303bf992b,Qwen/Qwen2.5-7B-Instruct,mistralai/Mistral-7B-Instruct-v0.3,Empathic Understanding,Exploration,tie,tie
single/gemma-3-4b,d839ec4a-1ad4-4acd-8006-136303bf992b,Qwen/Qwen2.5-7B-Instruct,mistralai/Mistral-7B-Instruct-v0.3,Encouragement of Emotional Expression,Exploration,y,mistralai/Mistral-7B-Instruct-v0.3
sc/gemma-3-4b,d839ec4a-1ad4-4acd-8006-136303bf992b,Qwen/Qwen2.5-7B-Instruct,mistralai/Mistral-7B-Instruct-v0.3,Encouragement of Emotional Expression,Exploration,y,mistralai/Mistral-7B-Instruct-v0.3
single/phi-4-mini,d839ec4a-1ad4-4acd-8006-136303bf992b,Qwen/Qwen2.5-7B-Instruct,mistralai/Mistral-7B-Instruct-v0.3,Encouragement of Emotional Expression,Exploration,x,Qwen/Qwen2.5-7B-Instruct
sc/phi-4-mini,d839ec4a-1ad4-4acd-8006-136303bf992b,Qwen/Qwen2.5-7B-Instruct,mistralai/Mistral-7B-Instruct-v0.3,Encouragement of Emotional Expression,Exploration,tie,tie
ensemble_single,d839ec4a-1ad4-4acd-8006-136303bf992b,Qwen/Qwen2.5-7B-Instruct,mistralai/Mistral-7B-Instruct-v0.3,Encouragement of Emotional Expression,Exploration,tie,tie
ensemble_sc,d839ec4a-1ad4-4acd-8006-136303bf992b,Qwen/Qwen2.5-7B-Instruct,mistralai/Mistral-7B-Instruct-v0.3,Encouragement of Emotional Expression,Exploration,tie,tie
single/gemma-3-4b,d839ec4a-1ad4-4acd-8006-136303bf992b,Qwen/Qwen2.5-7B-Instruct,mistralai/Mistral-7B-Instruct-v0.3,Exploration of Thoughts and Narratives,Exploration,y,mistralai/Mistral-7B-Instruct-v0.3
sc/gemma-3-4b,d839ec4a-1ad4-4acd-8006-136303bf992b,Qwen/Qwen2.5-7B-Instruct,mistralai/Mistral-7B-Instruct-v0.3,Exploration of Thoughts and Narratives,Exploration,y,mistralai/Mistral-7B-Instruct-v0.3
single/phi-4-mini,d839ec4a-1ad4-4acd-8006-136303bf992b,Qwen/Qwen2.5-7B-Instruct,mistralai/Mistral-7B-Instruct-v0.3,Exploration of Thoughts and Narratives,Exploration,x,Qwen/Qwen2.5-7B-Instruct
sc/phi-4-mini,d839ec4a-1ad4-4acd-8006-136303bf992b,Qwen/Qwen2.5-7B-Instruct,mistralai/Mistral-7B-Instruct-v0.3,Exploration of Thoughts and Narratives,Exploration,tie,tie
ensemble_single,d839ec4a-1ad4-4acd-8006-136303bf992b,Qwen/Qwen2.5-7B-Instruct,mistralai/Mistral-7B-Instruct-v0.3,Exploration of Thoughts and Narratives,Exploration,tie,tie
ensemble_sc,d839ec4a-1ad4-4acd-8006-136303bf992b,Qwen/Qwen2.5-7B-Instruct,mistralai/Mistral-7B-Instruct-v0.3,Exploration of Thoughts and Narratives,Exploration,tie,tie
single/gemma-3-4b,d839ec4a-1ad4-4acd-8006-136303bf992b,Qwen/Qwen2.5-7B-Instruct,mistralai/Mistral-7B-Instruct-v0.3,Establish a Trusting Foundation,Insight,y,mistralai/Mistral-7B-Instruct-v0.3
sc/gemma-3-4b,d839ec4a-1ad4-4acd-8006-136303bf992b,Qwen/Qwen2.5-7B-Instruct,mistralai/Mistral-7B-Instruct-v0.3,Establish a Trusting Foundation,Insight,tie,tie
single/phi-4-mini,d839ec4a-1ad4-4acd-8006-136303bf992b,Qwen/Qwen2.5-7B-Instruct,mistralai/Mistral-7B-Instruct-v0.3,Establish a Trusting Foundation,Insight,x,Qwen/Qwen2.5-7B-Instruct
sc/phi-4-mini,d839ec4a-1ad4-4acd-8006-136303bf992b,Qwen/Qwen2.5-7B-Instruct,mistralai/Mistral-7B-Instruct-v0.3,Establish a Trusting Foundation,Insight,tie,tie
ensemble_single,d839ec4a-1ad4-4acd-8006-136303bf992b,Qwen/Qwen2.5-7B-Instruct,mistralai/Mistral-7B-Instruct-v0.3,Establish a Trusting Foundation,Insight,tie,tie
ensemble_sc,d839ec4a-1ad4-4acd-8006-136303bf992b,Qwen/Qwen2.5-7B-Instruct,mistralai/Mistral-7B-Instruct-v0.3,Establish a Trusting Foundation,Insight,tie,tie
single/gemma-3-4b,d839ec4a-1ad4-4acd-8006-136303bf992b,Qwen/Qwen2.5-7B-Instruct,mistralai/Mistral-7B-Instruct-v0.3,Assess Readiness for Insight,Insight,y,mistralai/Mistral-7B-Instruct-v0.3
sc/gemma-3-4b,d839ec4a-1ad4-4acd-8006-136303bf992b,Qwen/Qwen2.5-7B-Instruct,mistralai/Mistral-7B-Instruct-v0.3,Assess Readiness for Insight,Insight,y,mistralai/Mistral-7B-Instruct-v0.3
single/phi-4-mini,d839ec4a-1ad4-4acd-8006-136303bf992b,Qwen/Qwen2.5-7B-Instruct,mistralai/Mistral-7B-Instruct-v0.3,Assess Readiness for Insight,Insight,tie,tie
sc/phi-4-mini,d839ec4a-1ad4-4acd-8006-136303bf992b,Qwen/Qwen2.5-7B-Instruct,mistralai/Mistral-7B-Instruct-v0.3,Assess Readiness for Insight,Insight,tie,tie
ensemble_single,d839ec4a-1ad4-4acd-8006-136303bf992b,Qwen/Qwen2.5-7B-Instruct,mistralai/Mistral-7B-Instruct-v0.3,Assess Readiness for Insight,Insight,tie,tie
ensemble_sc,d839ec4a-1ad4-4acd-8006-136303bf992b,Qwen/Qwen2.5-7B-Instruct,mistralai/Mistral-7B-Instruct-v0.3,Assess Readiness for Insight,Insight,tie,tie
single/gemma-3-4b,d839ec4a-1ad4-4acd-8006-136303bf992b,Qwen/Qwen2.5-7B-Instruct,mistralai/Mistral-7B-Instruct-v0.3,Use Gentle Challenges and Interpretations,Insight,y,mistralai/Mistral-7B-Instruct-v0.3
sc/gemma-3-4b,d839ec4a-1ad4-4acd-8006-136303bf992b,Qwen/Qwen2.5-7B-Instruct,mistralai/Mistral-7B-Instruct-v0.3,Use Gentle Challenges and Interpretations,Insight,y,mistralai/Mistral-7B-Instruct-v0.3
single/phi-4-mini,d839ec4a-1ad4-4acd-8006-136303bf992b,Qwen/Qwen2.5-7B-Instruct,mistralai/Mistral-7B-Instruct-v0.3,Use Gentle Challenges and Interpretations,Insight,x,Qwen/Qwen2.5-7B-Instruct
sc/phi-4-mini,d839ec4a-1ad4-4acd-8006-136303bf992b,Qwen/Qwen2.5-7B-Instruct,mistralai/Mistral-7B-Instruct-v0.3,Use Gentle Challenges and Interpretations,Insight,tie,tie
ensemble_single,d839ec4a-1ad4-4acd-8006-136303bf992b,Qwen/Qwen2.5-7B-Instruct,mistralai/Mistral-7B-Instruct-v0.3,Use Gentle Challenges and Interpretations,Insight,tie,tie
ensemble_sc,d839ec4a-1ad4-4acd-8006-136303bf992b,Qwen/Qwen2.5-7B-Instruct,mistralai/Mistral-7B-Instruct-v0.3,Use Gentle Challenges and Interpretations,Insight,tie,tie
single/gemma-3-4b,d839ec4a-1ad4-4acd-8006-136303bf992b,Qwen/Qwen2.5-7B-Instruct,mistralai/Mistral-7B-Instruct-v0.3,Clarify the Desired Change,Action,y,mistralai/Mistral-7B-Instruct-v0.3
sc/gemma-3-4b,d839ec4a-1ad4-4acd-8006-136303bf992b,Qwen/Qwen2.5-7B-Instruct,mistralai/Mistral-7B-Instruct-v0.3,Clarify the Desired Change,Action,y,mistralai/Mistral-7B-Instruct-v0.3
single/phi-4-mini,d839ec4a-1ad4-4acd-8006-136303bf992b,Qwen/Qwen2.5-7B-Instruct,mistralai/Mistral-7B-Instruct-v0.3,Clarify the Desired Change,Action,tie,tie
sc/phi-4-mini,d839ec4a-1ad4-4acd-8006-136303bf992b,Qwen/Qwen2.5-7B-Instruct,mistralai/Mistral-7B-Instruct-v0.3,Clarify the Desired Change,Action,tie,tie
ensemble_single,d839ec4a-1ad4-4acd-8006-136303bf992b,Qwen/Qwen2.5-7B-Instruct,mistralai/Mistral-7B-Instruct-v0.3,Clarify the Desired Change,Action,tie,tie
ensemble_sc,d839ec4a-1ad4-4acd-8006-136303bf992b,Qwen/Qwen2.5-7B-Instruct,mistralai/Mistral-7B-Instruct-v0.3,Clarify the Desired Change,Action,tie,tie
single/gemma-3-4b,d839ec4a-1ad4-4acd-8006-136303bf992b,Qwen/Qwen2.5-7B-Instruct,mistralai/Mistral-7B-Instruct-v0.3,Ensure Readiness and Collaboration,Action,y,mistralai/Mistral-7B-Instruct-v0.3
sc/gemma-3-4b,d839ec4a-1ad4-4acd-8006-136303bf992b,Qwen/Qwen2.5-7B-Instruct,mistralai/Mistral-7B-Instruct-v0.3,Ensure Readiness and Collaboration,Action,y,mistralai/Mistral-7B-Instruct-v0.3
single/phi-4-mini,d839ec4a-1ad4-4acd-8006-136303bf992b,Qwen/Qwen2.5-7B-Instruct,mistralai/Mistral-7B-Instruct-v0.3,Ensure Readiness and Collaboration,Action,tie,tie
sc/phi-4-mini,d839ec4a-1ad4-4acd-8006-136303bf992b,Qwen/Qwen2.5-7B-Instruct,mistralai/Mistral-7B-Instruct-v0.3,Ensure Readiness and Collaboration,Action,tie,tie
ensemble_single,d839ec4a-1ad4-4acd-8006-136303bf992b,Qwen/Qwen2.5-7B-Instruct,mistralai/Mistral-7B-Instruct-v0.3,Ensure Readiness and Collaboration,Action,tie,tie
ensemble_sc,d839ec4a-1ad4-4acd-8006-136303bf992b,Qwen/Qwen2.5-7B-Instruct,mistralai/Mistral-7B-Instruct-v0.3,Ensure Readiness and Collaboration,Action,tie,tie
single/gemma-3-4b,d839ec4a-1ad4-4acd-8006-136303bf992b,Qwen/Qwen2.5-7B-Instruct,mistralai/Mistral-7B-Instruct-v0.3,Brainstorm and Evaluate Options,Action,y,mistralai/Mistral-7B-Instruct-v0.3
sc/gemma-3-4b,d839ec4a-1ad4-4acd-8006-136303bf992b,Qwen/Qwen2.5-7B-Instruct,mistralai/Mistral-7B-Instruct-v0.3,Brainstorm and Evaluate Options,Action,y,mistralai/Mistral-7B-Instruct-v0.3
single/phi-4-mini,d839ec4a-1ad4-4acd-8006-136303bf992b,Qwen/Qwen2.5-7B-Instruct,mistralai/Mistral-7B-Instruct-v0.3,Brainstorm and Evaluate Options,Action,tie,tie
sc/phi-4-mini,d839ec4a-1ad4-4acd-8006-136303bf992b,Qwen/Qwen2.5-7B-Instruct,mistralai/Mistral-7B-Instruct-v0.3,Brainstorm and Evaluate Options,Action,tie,tie
ensemble_single,d839ec4a-1ad4-4acd-8006-136303bf992b,Qwen/Qwen2.5-7B-Instruct,mistralai/Mistral-7B-Instruct-v0.3,Brainstorm and Evaluate Options,Action,tie,tie
ensemble_sc,d839ec4a-1ad4-4acd-8006-136303bf992b,Qwen/Qwen2.5-7B-Instruct,mistralai/Mistral-7B-Instruct-v0.3,Brainstorm and Evaluate Options,Action,tie,tie
single/gemma-3-4b,df0302fd-304a-4bbc-8eae-23f6e30e9495,Qwen/Qwen2.5-7B-Instruct,mistralai/Mistral-7B-Instruct-v0.3,Empathic Understanding,Exploration,y,mistralai/Mistral-7B-Instruct-v0.3
sc/gemma-3-4b,df0302fd-304a-4bbc-8eae-23f6e30e9495,Qwen/Qwen2.5-7B-Instruct,mistralai/Mistral-7B-Instruct-v0.3,Empathic Understanding,Exploration,y,mistralai/Mistral-7B-Instruct-v0.3
single/phi-4-mini,df0302fd-304a-4bbc-8eae-23f6e30e9495,Qwen/Qwen2.5-7B-Instruct,mistralai/Mistral-7B-Instruct-v0.3,Empathic Understanding,Exploration,tie,tie
sc/phi-4-mini,df0302fd-304a-4bbc-8eae-23f6e30e9495,Qwen/Qwen2.5-7B-Instruct,mistralai/Mistral-7B-Instruct-v0.3,Empathic Understanding,Exploration,tie,tie
ensemble_single,df0302fd-304a-4bbc-8eae-23f6e30e9495,Qwen/Qwen2.5-7B-Instruct,mistralai/Mistral-7B-Instruct-v0.3,Empathic Understanding,Exploration,tie,tie
ensemble_sc,df0302fd-304a-4bbc-8eae-23f6e30e9495,Qwen/Qwen2.5-7B-Instruct,mistralai/Mistral-7B-Instruct-v0.3,Empathic Understanding,Exploration,tie,tie
single/gemma-3-4b,df0302fd-304a-4bbc-8eae-23f6e30e9495,Qwen/Qwen2.5-7B-Instruct,mistralai/Mistral-7B-Instruct-v0.3,Encouragement of Emotional Expression,Exploration,y,mistralai/Mistral-7B-Instruct-v0.3
sc/gemma-3-4b,df0302fd-304a-4bbc-8eae-23f6e30e9495,Qwen/Qwen2.5-7B-Instruct,mistralai/Mistral-7B-Instruct-v0.3,Encouragement of Emotional Expression,Exploration,tie,tie
single/phi-4-mini,df0302fd-304a-4bbc-8eae-23f6e30e9495,Qwen/Qwen2.5-7B-Instruct,mistralai/Mistral-7B-Instruct-v0.3,Encouragement of Emotional Expression,Exploration,tie,tie
sc/phi-4-mini,df0302fd-304a-4bbc-8eae-23f6e30e9495,Qwen/Qwen2.5-7B-Instruct,mistralai/Mistral-7B-Instruct-v0.3,Encouragement of Emotional Expression,Exploration,tie,tie
ensemble_single,df0302fd-304a-4bbc-8eae-23f6e30e9495,Qwen/Qwen2.5-7B-Instruct,mistralai/Mistral-7B-Instruct-v0.3,Encouragement of Emotional Expression,Exploration,tie,tie
ensemble_sc,df0302fd-304a-4bbc-8eae-23f6e30e9495,Qwen/Qwen2.5-7B-Instruct,mistralai/Mistral-7B-Instruct-v0.3,Encouragement of Emotional Expression,Exploration,tie,tie
single/gemma-3-4b,df0302fd-304a-4bbc-8eae-23f6e30e9495,Qwen/Qwen2.5-7B-Instruct,mistralai/Mistral-7B-Instruct-v0.3,Exploration of Thoughts and Narratives,Exploration,y,mistralai/Mistral-7B-Instruct-v0.3
sc/gemma-3-4b,df0302fd-304a-4bbc-8eae-23f6e30e9495,Qwen/Qwen2.5-7B-Instruct,mistralai/Mistral-7B-Instruct-v0.3,Exploration of Thoughts and Narratives,Exploration,tie,tie
single/phi-4-mini,df0302fd-304a-4bbc-8eae-23f6e30e9495,Qwen/Qwen2.5-7B-Instruct,mistralai/Mistral-7B-Instruct-v0.3,Exploration of Thoughts and Narratives,Exploration,tie,tie
sc/phi-4-mini,df0302fd-304a-4bbc-8eae-23f6e30e9495,Qwen/Qwen2.5-7B-Instruct,mistralai/Mistral-7B-Instruct-v0.3,Exploration of Thoughts and Narratives,Exploration,tie,tie
ensemble_single,df0302fd-304a-4bbc-8eae-23f6e30e9495,Qwen/Qwen2.5-7B-Instruct,mistralai/Mistral-7B-Instruct-v0.3,Exploration of Thoughts and Narratives,Exploration,tie,tie
ensemble_sc,df0302fd-304a-4bbc-8eae-23f6e30e9495,Qwen/Qwen2.5-7B-Instruct,mistralai/Mistral-7B-Instruct-v0.3,Exploration of Thoughts and Narratives,Exploration,tie,tie
single/gemma-3-4b,df0302fd-304a-4bbc-8eae-23f6e30e9495,Qwen/Qwen2.5-7B-Instruct,mistralai/Mistral-7B-Instruct-v0.3,Establish a Trusting Foundation,Insight,tie,tie
sc/gemma-3-4b,df0302fd-304a-4bbc-8eae-23f6e30e9495,Qwen/Qwen2.5-7B-Instruct,mistralai/Mistral-7B-Instruct-v0.3,Establish a Trusting Foundation,Insight,tie,tie
single/phi-4-mini,df0302fd-304a-4bbc-8eae-23f6e30e9495,Qwen/Qwen2.5-7B-Instruct,mistralai/Mistral-7B-Instruct-v0.3,Establish a Trusting Foundation,Insight,tie,tie
sc/phi-4-mini,df0302fd-304a-4bbc-8eae-23f6e30e9495,Qwen/Qwen2.5-7B-Instruct,mistralai/Mistral-7B-Instruct-v0.3,Establish a Trusting Foundation,Insight,tie,tie
ensemble_single,df0302fd-304a-4bbc-8eae-23f6e30e9495,Qwen/Qwen2.5-7B-Instruct,mistralai/Mistral-7B-Instruct-v0.3,Establish a Trusting Foundation,Insight,tie,tie
ensemble_sc,df0302fd-304a-4bbc-8eae-23f6e30e9495,Qwen/Qwen2.5-7B-Instruct,mistralai/Mistral-7B-Instruct-v0.3,Establish a Trusting Foundation,Insight,tie,tie
single/gemma-3-4b,df0302fd-304a-4bbc-8eae-23f6e30e9495,Qwen/Qwen2.5-7B-Instruct,mistralai/Mistral-7B-Instruct-v0.3,Assess Readiness for Insight,Insight,tie,tie
sc/gemma-3-4b,df0302fd-304a-4bbc-8eae-23f6e30e9495,Qwen/Qwen2.5-7B-Instruct,mistralai/Mistral-7B-Instruct-v0.3,Assess Readiness for Insight,Insight,tie,tie
single/phi-4-mini,df0302fd-304a-4bbc-8eae-23f6e30e9495,Qwen/Qwen2.5-7B-Instruct,mistralai/Mistral-7B-Instruct-v0.3,Assess Readiness for Insight,Insight,tie,tie
sc/phi-4-mini,df0302fd-304a-4bbc-8eae-23f6e30e9495,Qwen/Qwen2.5-7B-Instruct,mistralai/Mistral-7B-Instruct-v0.3,Assess Readiness for Insight,Insight,tie,tie
ensemble_single,df0302fd-304a-4bbc-8eae-23f6e30e9495,Qwen/Qwen2.5-7B-Instruct,mistralai/Mistral-7B-Instruct-v0.3,Assess Readiness for Insight,Insight,tie,tie
ensemble_sc,df0302fd-304a-4bbc-8eae-23f6e30e9495,Qwen/Qwen2.5-7B-Instruct,mistralai/Mistral-7B-Instruct-v0.3,Assess Readiness for Insight,Insight,tie,tie
single/gemma-3-4b,df0302fd-304a-4bbc-8eae-23f6e30e9495,Qwen/Qwen2.5-7B-Instruct,mistralai/Mistral-7B-Instruct-v0.3,Use Gentle Challenges and Interpretations,Insight,y,mistralai/Mistral-7B-Instruct-v0.3
sc/gemma-3-4b,df0302fd-304a-4bbc-8eae-23f6e30e9495,Qwen/Qwen2.5-7B-Instruct,mistralai/Mistral-7B-Instruct-v0.3,Use Gentle Challenges and Interpretations,Insight,tie,tie
single/phi-4-mini,df0302fd-304a-4bbc-8eae-23f6e30e9495,Qwen/Qwen2.5-7B-Instruct,mistralai/Mistral-7B-Instruct-v0.3,Use Gentle Challenges and Interpretations,Insight,tie,tie
sc/phi-4-mini,df0302fd-304a-4bbc-8eae-23f6e30e9495,Qwen/Qwen2.5-7B-Instruct,mistralai/Mistral-7B-Instruct-v0.3,Use Gentle Challenges and Interpretations,Insight,tie,tie
ensemble_single,df0302fd-304a-4bbc-8eae-23f6e30e9495,Qwen/Qwen2.5-7B-Instruct,mistralai/Mistral-7B-Instruct-v0.3,Use Gentle Challenges and Interpretations,Insight,tie,tie
ensemble_sc,df0302fd-304a-4bbc-8eae-23f6e30e9495,Qwen/Qwen2.5-7B-Instruct,mistralai/Mistral-7B-Instruct-v0.3,Use Gentle Challenges and Interpretations,Insight,tie,tie
single/gemma-3-4b,df0302fd-304a-4bbc-8eae-23f6e30e9495,Qwen/Qwen2.5-7B-Instruct,mistralai/Mistral-7B-Instruct-v0.3,Clarify the Desired Change,Action,y,mistralai/Mistral-7B-Instruct-v0.3
sc/gemma-3-4b,df0302fd-304a-4bbc-8eae-23f6e30e9495,Qwen/Qwen2.5-7B-Instruct,mistralai/Mistral-7B-Instruct-v0.3,Clarify the Desired Change,Action,y,mistralai/Mistral-7B-Instruct-v0.3
single/phi-4-mini,df0302fd-304a-4bbc-8eae-23f6e30e9495,Qwen/Qwen2.5-7B-Instruct,mistralai/Mistral-7B-Instruct-v0.3,Clarify the Desired Change,Action,x,Qwen/Qwen2.5-7B-Instruct
sc/phi-4-mini,df0302fd-304a-4bbc-8eae-23f6e30e9495,Qwen/Qwen2.5-7B-Instruct,mistralai/Mistral-7B-Instruct-v0.3,Clarify the Desired Change,Action,tie,tie
ensemble_single,df0302fd-304a-4bbc-8eae-23f6e30e9495,Qwen/Qwen2.5-7B-Instruct,mistralai/Mistral-7B-Instruct-v0.3,Clarify the Desired Change,Action,tie,tie
ensemble_sc,df0302fd-304a-4bbc-8eae-23f6e30e9495,Qwen/Qwen2.5-7B-Instruct,mistralai/Mistral-7B-Instruct-v0.3,Clarify the Desired Change,Action,tie,tie
single/gemma-3-4b,df0302fd-304a-4bbc-8eae-23f6e30e9495,Qwen/Qwen2.5-7B-Instruct,mistralai/Mistral-7B-Instruct-v0.3,Ensure Readiness and Collaboration,Action,y,mistralai/Mistral-7B-Instruct-v0.3
sc/gemma-3-4b,df0302fd-304a-4bbc-8eae-23f6e30e9495,Qwen/Qwen2.5-7B-Instruct,mistralai/Mistral-7B-Instruct-v0.3,Ensure Readiness and Collaboration,Action,y,mistralai/Mistral-7B-Instruct-v0.3
single/phi-4-mini,df0302fd-304a-4bbc-8eae-23f6e30e9495,Qwen/Qwen2.5-7B-Instruct,mistralai/Mistral-7B-Instruct-v0.3,Ensure Readiness and Collaboration,Action,tie,tie
sc/phi-4-mini,df0302fd-304a-4bbc-8eae-23f6e30e9495,Qwen/Qwen2.5-7B-Instruct,mistralai/Mistral-7B-Instruct-v0.3,Ensure Readiness and Collaboration,Action,tie,tie
ensemble_single,df0302fd-304a-4bbc-8eae-23f6e30e9495,Qwen/Qwen2.5-7B-Instruct,mistralai/Mistral-7B-Instruct-v0.3,Ensure Readiness and Collaboration,Action,tie,tie
ensemble_sc,df0302fd-304a-4bbc-8eae-23f6e30e9495,Qwen/Qwen2.5-7B-Instruct,mistralai/Mistral-7B-Instruct-v0.3,Ensure Readiness and Collaboration,Action,tie,tie
single/gemma-3-4b,df0302fd-304a-4bbc-8eae-23f6e30e9495,Qwen/Qwen2.5-7B-Instruct,mistralai/Mistral-7B-Instruct-v0.3,Brainstorm and Evaluate Options,Action,x,Qwen/Qwen2.5-7B-Instruct
sc/gemma-3-4b,df0302fd-304a-4bbc-8eae-23f6e30e9495,Qwen/Qwen2.5-7B-Instruct,mistralai/Mistral-7B-Instruct-v0.3,Brainstorm and Evaluate Options,Action,tie,tie
single/phi-4-mini,df0302fd-304a-4bbc-8eae-23f6e30e9495,Qwen/Qwen2.5-7B-Instruct,mistralai/Mistral-7B-Instruct-v0.3,Brainstorm and Evaluate Options,Action,tie,tie
sc/phi-4-mini,df0302fd-304a-4bbc-8eae-23f6e30e9495,Qwen/Qwen2.5-7B-Instruct,mistralai/Mistral-7B-Instruct-v0.3,Brainstorm and Evaluate Options,Action,tie,tie
ensemble_single,df0302fd-304a-4bbc-8eae-23f6e30e9495,Qwen/Qwen2.5-7B-Instruct,mistralai/Mistral-7B-Instruct-v0.3,Brainstorm and Evaluate Options,Action,tie,tie
ensemble_sc,df0302fd-304a-4bbc-8eae-23f6e30e9495,Qwen/Qwen2.5-7B-Instruct,mistralai/Mistral-7B-Instruct-v0.3,Brainstorm and Evaluate Options,Action,tie,tie
single/gemma-3-4b,e0658d32-f70a-4cd3-a1e6-fce35adb1ebe,Qwen/Qwen2.5-7B-Instruct,mistralai/Mistral-7B-Instruct-v0.3,Empathic Understanding,Exploration,tie,tie
sc/gemma-3-4b,e0658d32-f70a-4cd3-a1e6-fce35adb1ebe,Qwen/Qwen2.5-7B-Instruct,mistralai/Mistral-7B-Instruct-v0.3,Empathic Understanding,Exploration,tie,tie
single/phi-4-mini,e0658d32-f70a-4cd3-a1e6-fce35adb1ebe,Qwen/Qwen2.5-7B-Instruct,mistralai/Mistral-7B-Instruct-v0.3,Empathic Understanding,Exploration,tie,tie
sc/phi-4-mini,e0658d32-f70a-4cd3-a1e6-fce35adb1ebe,Qwen/Qwen2.5-7B-Instruct,mistralai/Mistral-7B-Instruct-v0.3,Empathic Understanding,Exploration,tie,tie
ensemble_single,e0658d32-f70a-4cd3-a1e6-fce35adb1ebe,Qwen/Qwen2.5-7B-Instruct,mistralai/Mistral-7B-Instruct-v0.3,Empathic Understanding,Exploration,tie,tie
ensemble_sc,e0658d32-f70a-4cd3-a1e6-fce35adb1ebe,Qwen/Qwen2.5-7B-Instruct,mistralai/Mistral-7B-Instruct-v0.3,Empathic Understanding,Exploration,tie,tie
single/gemma-3-4b,e0658d32-f70a-4cd3-a1e6-fce35adb1ebe,Qwen/Qwen2.5-7B-Instruct,mistralai/Mistral-7B-Instruct-v0.3,Encouragement of Emotional Expression,Exploration,y,mistralai/Mistral-7B-Instruct-v0.3
sc/gemma-3-4b,e0658d32-f70a-4cd3-a1e6-fce35adb1ebe,Qwen/Qwen2.5-7B-Instruct,mistralai/Mistral-7B-Instruct-v0.3,Encouragement of Emotional Expression,Exploration,tie,tie
single/phi-4-mini,e0658d32-f70a-4cd3-a1e6-fce35adb1ebe,Qwen/Qwen2.5-7B-Instruct,mistralai/Mistral-7B-Instruct-v0.3,Encouragement of Emotional Expression,Exploration,tie,tie
sc/phi-4-mini,e0658d32-f70a-4cd3-a1e6-fce35adb1ebe,Qwen/Qwen2.5-7B-Instruct,mistralai/Mistral-7B-Instruct-v0.3,Encouragement of Emotional Expression,Exploration,tie,tie
ensemble_single,e0658d32-f70a-4cd3-a1e6-fce35adb1ebe,Qwen/Qwen2.5-7B-Instruct,mistralai/Mistral-7B-Instruct-v0.3,Encouragement of Emotional Expression,Exploration,tie,tie
ensemble_sc,e0658d32-f70a-4cd3-a1e6-fce35adb1ebe,Qwen/Qwen2.5-7B-Instruct,mistralai/Mistral-7B-Instruct-v0.3,Encouragement of Emotional Expression,Exploration,tie,tie
single/gemma-3-4b,e0658d32-f70a-4cd3-a1e6-fce35adb1ebe,Qwen/Qwen2.5-7B-Instruct,mistralai/Mistral-7B-Instruct-v0.3,Exploration of Thoughts and Narratives,Exploration,y,mistralai/Mistral-7B-Instruct-v0.3
sc/gemma-3-4b,e0658d32-f70a-4cd3-a1e6-fce35adb1ebe,Qwen/Qwen2.5-7B-Instruct,mistralai/Mistral-7B-Instruct-v0.3,Exploration of Thoughts and Narratives,Exploration,tie,tie
single/phi-4-mini,e0658d32-f70a-4cd3-a1e6-fce35adb1ebe,Qwen/Qwen2.5-7B-Instruct,mistralai/Mistral-7B-Instruct-v0.3,Exploration of Thoughts and Narratives,Exploration,x,Qwen/Qwen2.5-7B-Instruct
sc/phi-4-mini,e0658d32-f70a-4cd3-a1e6-fce35adb1ebe,Qwen/Qwen2.5-7B-Instruct,mistralai/Mistral-7B-Instruct-v0.3,Exploration of Thoughts and Narratives,Exploration,x,Qwen/Qwen2.5-7B-Instruct
ensemble_single,e0658d32-f70a-4cd3-a1e6-fce35adb1ebe,Qwen/Qwen2.5-7B-Instruct,mistralai/Mistral-7B-Instruct-v0.3,Exploration of Thoughts and Narratives,Exploration,tie,tie
ensemble_sc,e0658d32-f70a-4cd3-a1e6-fce35adb1ebe,Qwen/Qwen2.5-7B-Instruct,mistralai/Mistral-7B-Instruct-v0.3,Exploration of Thoughts and Narratives,Exploration,tie,tie
single/gemma-3-4b,e0658d32-f70a-4cd3-a1e6-fce35adb1ebe,Qwen/Qwen2.5-7B-Instruct,mistralai/Mistral-7B-Instruct-v0.3,Establish a Trusting Foundation,Insight,y,mistralai/Mistral-7B-Instruct-v0.3
sc/gemma-3-4b,e0658d32-f70a-4cd3-a1e6-fce35adb1ebe,Qwen/Qwen2.5-7B-Instruct,mistralai/Mistral-7B-Instruct-v0.3,Establish a Trusting Foundation,Insight,tie,tie
single/phi-4-mini,e0658d32-f70a-4cd3-a1e6-fce35adb1ebe,Qwen/Qwen2.5-7B-Instruct,mistralai/Mistral-7B-Instruct-v0.3,Establish a Trusting Foundation,Insight,tie,tie
sc/phi-4-mini,e0658d32-f70a-4cd3-a1e6-fce35adb1ebe,Qwen/Qwen2.5-7B-Instruct,mistralai/Mistral-7B-Instruct-v0.3,Establish a Trusting Foundation,Insight,tie,tie
ensemble_single,e0658d32-f70a-4cd3-a1e6-fce35adb1ebe,Qwen/Qwen2.5-7B-Instruct,mistralai/Mistral-7B-Instruct-v0.3,Establish a Trusting Foundation,Insight,tie,tie
ensemble_sc,e0658d32-f70a-4cd3-a1e6-fce35adb1ebe,Qwen/Qwen2.5-7B-Instruct,mistralai/Mistral-7B-Instruct-v0.3,Establish a Trusting Foundation,Insight,tie,tie
single/gemma-3-4b,e0658d32-f70a-4cd3-a1e6-fce35adb1ebe,Qwen/Qwen2.5-7B-Instruct,mistralai/Mistral-7B-Instruct-v0.3,Assess Readiness for Insight,Insight,y,mistralai/Mistral-7B-Instruct-v0.3
sc/gemma-3-4b,e0658d32-f70a-4cd3-a1e6-fce35adb1ebe,Qwen/Qwen2.5-7B-Instruct,mistralai/Mistral-7B-Instruct-v0.3,Assess Readiness for Insight,Insight,tie,tie
single/phi-4-mini,e0658d32-f70a-4cd3-a1e6-fce35adb1ebe,Qwen/Qwen2.5-7B-Instruct,mistralai/Mistral-7B-Instruct-v0.3,Assess Readiness for Insight,Insight,tie,tie
sc/phi-4-mini,e0658d32-f70a-4cd3-a1e6-fce35adb1ebe,Qwen/Qwen2.5-7B-Instruct,mistralai/Mistral-7B-Instruct-v0.3,Assess Readiness for Insight,Insight,tie,tie
ensemble_single,e0658d32-f70a-4cd3-a1e6-fce35adb1ebe,Qwen/Qwen2.5-7B-Instruct,mistralai/Mistral-7B-Instruct-v0.3,Assess Readiness for Insight,Insight,tie,tie
ensemble_sc,e0658d32-f70a-4cd3-a1e6-fce35adb1ebe,Qwen/Qwen2.5-7B-Instruct,mistralai/Mistral-7B-Instruct-v0.3,Assess Readiness for Insight,Insight,tie,tie
single/gemma-3-4b,e0658d32-f70a-4cd3-a1e6-fce35adb1ebe,Qwen/Qwen2.5-7B-Instruct,mistralai/Mistral-7B-Instruct-v0.3,Use Gentle Challenges and Interpretations,Insight,y,mistralai/Mistral-7B-Instruct-v0.3
sc/gemma-3-4b,e0658d32-f70a-4cd3-a1e6-fce35adb1ebe,Qwen/Qwen2.5-7B-Instruct,mistralai/Mistral-7B-Instruct-v0.3,Use Gentle Challenges and Interpretations,Insight,tie,tie
single/phi-4-mini,e0658d32-f70a-4cd3-a1e6-fce35adb1ebe,Qwen/Qwen2.5-7B-Instruct,mistralai/Mistral-7B-Instruct-v0.3,Use Gentle Challenges and Interpretations,Insight,x,Qwen/Qwen2.5-7B-Instruct
sc/phi-4-mini,e0658d32-f70a-4cd3-a1e6-fce35adb1ebe,Qwen/Qwen2.5-7B-Instruct,mistralai/Mistral-7B-Instruct-v0.3,Use Gentle Challenges and Interpretations,Insight,x,Qwen/Qwen2.5-7B-Instruct
ensemble_single,e0658d32-f70a-4cd3-a1e6-fce35adb1ebe,Qwen/Qwen2.5-7B-Instruct,mistralai/Mistral-7B-Instruct-v0.3,Use Gentle Challenges and Interpretations,Insight,tie,tie
ensemble_sc,e0658d32-f70a-4cd3-a1e6-fce35adb1ebe,Qwen/Qwen2.5-7B-Instruct,mistralai/Mistral-7B-Instruct-v0.3,Use Gentle Challenges and Interpretations,Insight,tie,tie
single/gemma-3-4b,e0658d32-f70a-4cd3-a1e6-fce35adb1ebe,Qwen/Qwen2.5-7B-Instruct,mistralai/Mistral-7B-Instruct-v0.3,Clarify the Desired Change,Action,y,mistralai/Mistral-7B-Instruct-v0.3
sc/gemma-3-4b,e0658d32-f70a-4cd3-a1e6-fce35adb1ebe,Qwen/Qwen2.5-7B-Instruct,mistralai/Mistral-7B-Instruct-v0.3,Clarify the Desired Change,Action,tie,tie
single/phi-4-mini,e0658d32-f70a-4cd3-a1e6-fce35adb1ebe,Qwen/Qwen2.5-7B-Instruct,mistralai/Mistral-7B-Instruct-v0.3,Clarify the Desired Change,Action,tie,tie
sc/phi-4-mini,e0658d32-f70a-4cd3-a1e6-fce35adb1ebe,Qwen/Qwen2.5-7B-Instruct,mistralai/Mistral-7B-Instruct-v0.3,Clarify the Desired Change,Action,tie,tie
ensemble_single,e0658d32-f70a-4cd3-a1e6-fce35adb1ebe,Qwen/Qwen2.5-7B-Instruct,mistralai/Mistral-7B-Instruct-v0.3,Clarify the Desired Change,Action,tie,tie
ensemble_sc,e0658d32-f70a-4cd3-a1e6-fce35adb1ebe,Qwen/Qwen2.5-7B-Instruct,mistralai/Mistral-7B-Instruct-v0.3,Clarify the Desired Change,Action,tie,tie
single/gemma-3-4b,e0658d32-f70a-4cd3-a1e6-fce35adb1ebe,Qwen/Qwen2.5-7B-Instruct,mistralai/Mistral-7B-Instruct-v0.3,Ensure Readiness and Collaboration,Action,y,mistralai/Mistral-7B-Instruct-v0.3
sc/gemma-3-4b,e0658d32-f70a-4cd3-a1e6-fce35adb1ebe,Qwen/Qwen2.5-7B-Instruct,mistralai/Mistral-7B-Instruct-v0.3,Ensure Readiness and Collaboration,Action,tie,tie
single/phi-4-mini,e0658d32-f70a-4cd3-a1e6-fce35adb1ebe,Qwen/Qwen2.5-7B-Instruct,mistralai/Mistral-7B-Instruct-v0.3,Ensure Readiness and Collaboration,Action,tie,tie
sc/phi-4-mini,e0658d32-f70a-4cd3-a1e6-fce35adb1ebe,Qwen/Qwen2.5-7B-Instruct,mistralai/Mistral-7B-Instruct-v0.3,Ensure Readiness and Collaboration,Action,tie,tie
ensemble_single,e0658d32-f70a-4cd3-a1e6-fce35adb1ebe,Qwen/Qwen2.5-7B-Instruct,mistralai/Mistral-7B-Instruct-v0.3,Ensure Readiness and Collaboration,Action,tie,tie
ensemble_sc,e0658d32-f70a-4cd3-a1e6-fce35adb1ebe,Qwen/Qwen2.5-7B-Instruct,mistralai/Mistral-7B-Instruct-v0.3,Ensure Readiness and Collaboration,Action,tie,tie
single/gemma-3-4b,e0658d32-f70a-4cd3-a1e6-fce35adb1ebe,Qwen/Qwen2.5-7B-Instruct,mistralai/Mistral-7B-Instruct-v0.3,Brainstorm and Evaluate Options,Action,y,mistralai/Mistral-7B-Instruct-v0.3
sc/gemma-3-4b,e0658d32-f70a-4cd3-a1e6-fce35adb1ebe,Qwen/Qwen2.5-7B-Instruct,mistralai/Mistral-7B-Instruct-v0.3,Brainstorm and Evaluate Options,Action,y,mistralai/Mistral-7B-Instruct-v0.3
single/phi-4-mini,e0658d32-f70a-4cd3-a1e6-fce35adb1ebe,Qwen/Qwen2.5-7B-Instruct,mistralai/Mistral-7B-Instruct-v0.3,Brainstorm and Evaluate Options,Action,tie,tie
sc/phi-4-mini,e0658d32-f70a-4cd3-a1e6-fce35adb1ebe,Qwen/Qwen2.5-7B-Instruct,mistralai/Mistral-7B-Instruct-v0.3,Brainstorm and Evaluate Options,Action,tie,tie
ensemble_single,e0658d32-f70a-4cd3-a1e6-fce35adb1ebe,Qwen/Qwen2.5-7B-Instruct,mistralai/Mistral-7B-Instruct-v0.3,Brainstorm and Evaluate Options,Action,tie,tie
ensemble_sc,e0658d32-f70a-4cd3-a1e6-fce35adb1ebe,Qwen/Qwen2.5-7B-Instruct,mistralai/Mistral-7B-Instruct-v0.3,Brainstorm and Evaluate Options,Action,tie,tie
single/gemma-3-4b,e07d6dbe-66a1-4a71-a010-a7f45e4a6bac,Qwen/Qwen2.5-7B-Instruct,mistralai/Mistral-7B-Instruct-v0.3,Empathic Understanding,Exploration,x,Qwen/Qwen2.5-7B-Instruct
sc/gemma-3-4b,e07d6dbe-66a1-4a71-a010-a7f45e4a6bac,Qwen/Qwen2.5-7B-Instruct,mistralai/Mistral-7B-Instruct-v0.3,Empathic Understanding,Exploration,tie,tie
single/phi-4-mini,e07d6dbe-66a1-4a71-a010-a7f45e4a6bac,Qwen/Qwen2.5-7B-Instruct,mistralai/Mistral-7B-Instruct-v0.3,Empathic Understanding,Exploration,tie,tie
sc/phi-4-mini,e07d6dbe-66a1-4a71-a010-a7f45e4a6bac,Qwen/Qwen2.5-7B-Instruct,mistralai/Mistral-7B-Instruct-v0.3,Empathic Understanding,Exploration,tie,tie
ensemble_single,e07d6dbe-66a1-4a71-a010-a7f45e4a6bac,Qwen/Qwen2.5-7B-Instruct,mistralai/Mistral-7B-Instruct-v0.3,Empathic Understanding,Exploration,tie,tie
ensemble_sc,e07d6dbe-66a1-4a71-a010-a7f45e4a6bac,Qwen/Qwen2.5-7B-Instruct,mistralai/Mistral-7B-Instruct-v0.3,Empathic Understanding,Exploration,tie,tie
single/gemma-3-4b,e07d6dbe-66a1-4a71-a010-a7f45e4a6bac,Qwen/Qwen2.5-7B-Instruct,mistralai/Mistral-7B-Instruct-v0.3,Encouragement of Emotional Expression,Exploration,x,Qwen/Qwen2.5-7B-Instruct
sc/gemma-3-4b,e07d6dbe-66a1-4a71-a010-a7f45e4a6bac,Qwen/Qwen2.5-7B-Instruct,mistralai/Mistral-7B-Instruct-v0.3,Encouragement of Emotional Expression,Exploration,tie,tie
single/phi-4-mini,e07d6dbe-66a1-4a71-a010-a7f45e4a6bac,Qwen/Qwen2.5-7B-Instruct,mistralai/Mistral-7B-Instruct-v0.3,Encouragement of Emotional Expression,Exploration,tie,tie
sc/phi-4-mini,e07d6dbe-66a1-4a71-a010-a7f45e4a6bac,Qwen/Qwen2.5-7B-Instruct,mistralai/Mistral-7B-Instruct-v0.3,Encouragement of Emotional Expression,Exploration,tie,tie
ensemble_single,e07d6dbe-66a1-4a71-a010-a7f45e4a6bac,Qwen/Qwen2.5-7B-Instruct,mistralai/Mistral-7B-Instruct-v0.3,Encouragement of Emotional Expression,Exploration,tie,tie
ensemble_sc,e07d6dbe-66a1-4a71-a010-a7f45e4a6bac,Qwen/Qwen2.5-7B-Instruct,mistralai/Mistral-7B-Instruct-v0.3,Encouragement of Emotional Expression,Exploration,tie,tie
single/gemma-3-4b,e07d6dbe-66a1-4a71-a010-a7f45e4a6bac,Qwen/Qwen2.5-7B-Instruct,mistralai/Mistral-7B-Instruct-v0.3,Exploration of Thoughts and Narratives,Exploration,x,Qwen/Qwen2.5-7B-Instruct
sc/gemma-3-4b,e07d6dbe-66a1-4a71-a010-a7f45e4a6bac,Qwen/Qwen2.5-7B-Instruct,mistralai/Mistral-7B-Instruct-v0.3,Exploration of Thoughts and Narratives,Exploration,tie,tie
single/phi-4-mini,e07d6dbe-66a1-4a71-a010-a7f45e4a6bac,Qwen/Qwen2.5-7B-Instruct,mistralai/Mistral-7B-Instruct-v0.3,Exploration of Thoughts and Narratives,Exploration,tie,tie
sc/phi-4-mini,e07d6dbe-66a1-4a71-a010-a7f45e4a6bac,Qwen/Qwen2.5-7B-Instruct,mistralai/Mistral-7B-Instruct-v0.3,Exploration of Thoughts and Narratives,Exploration,tie,tie
ensemble_single,e07d6dbe-66a1-4a71-a010-a7f45e4a6bac,Qwen/Qwen2.5-7B-Instruct,mistralai/Mistral-7B-Instruct-v0.3,Exploration of Thoughts and Narratives,Exploration,tie,tie
ensemble_sc,e07d6dbe-66a1-4a71-a010-a7f45e4a6bac,Qwen/Qwen2.5-7B-Instruct,mistralai/Mistral-7B-Instruct-v0.3,Exploration of Thoughts and Narratives,Exploration,tie,tie
single/gemma-3-4b,e07d6dbe-66a1-4a71-a010-a7f45e4a6bac,Qwen/Qwen2.5-7B-Instruct,mistralai/Mistral-7B-Instruct-v0.3,Establish a Trusting Foundation,Insight,x,Qwen/Qwen2.5-7B-Instruct
sc/gemma-3-4b,e07d6dbe-66a1-4a71-a010-a7f45e4a6bac,Qwen/Qwen2.5-7B-Instruct,mistralai/Mistral-7B-Instruct-v0.3,Establish a Trusting Foundation,Insight,tie,tie
single/phi-4-mini,e07d6dbe-66a1-4a71-a010-a7f45e4a6bac,Qwen/Qwen2.5-7B-Instruct,mistralai/Mistral-7B-Instruct-v0.3,Establish a Trusting Foundation,Insight,tie,tie
sc/phi-4-mini,e07d6dbe-66a1-4a71-a010-a7f45e4a6bac,Qwen/Qwen2.5-7B-Instruct,mistralai/Mistral-7B-Instruct-v0.3,Establish a Trusting Foundation,Insight,tie,tie
ensemble_single,e07d6dbe-66a1-4a71-a010-a7f45e4a6bac,Qwen/Qwen2.5-7B-Instruct,mistralai/Mistral-7B-Instruct-v0.3,Establish a Trusting Foundation,Insight,tie,tie
ensemble_sc,e07d6dbe-66a1-4a71-a010-a7f45e4a6bac,Qwen/Qwen2.5-7B-Instruct,mistralai/Mistral-7B-Instruct-v0.3,Establish a Trusting Foundation,Insight,tie,tie
single/gemma-3-4b,e07d6dbe-66a1-4a71-a010-a7f45e4a6bac,Qwen/Qwen2.5-7B-Instruct,mistralai/Mistral-7B-Instruct-v0.3,Assess Readiness for Insight,Insight,x,Qwen/Qwen2.5-7B-Instruct
sc/gemma-3-4b,e07d6dbe-66a1-4a71-a010-a7f45e4a6bac,Qwen/Qwen2.5-7B-Instruct,mistralai/Mistral-7B-Instruct-v0.3,Assess Readiness for Insight,Insight,tie,tie
single/phi-4-mini,e07d6dbe-66a1-4a71-a010-a7f45e4a6bac,Qwen/Qwen2.5-7B-Instruct,mistralai/Mistral-7B-Instruct-v0.3,Assess Readiness for Insight,Insight,tie,tie
sc/phi-4-mini,e07d6dbe-66a1-4a71-a010-a7f45e4a6bac,Qwen/Qwen2.5-7B-Instruct,mistralai/Mistral-7B-Instruct-v0.3,Assess Readiness for Insight,Insight,tie,tie
ensemble_single,e07d6dbe-66a1-4a71-a010-a7f45e4a6bac,Qwen/Qwen2.5-7B-Instruct,mistralai/Mistral-7B-Instruct-v0.3,Assess Readiness for Insight,Insight,tie,tie
ensemble_sc,e07d6dbe-66a1-4a71-a010-a7f45e4a6bac,Qwen/Qwen2.5-7B-Instruct,mistralai/Mistral-7B-Instruct-v0.3,Assess Readiness for Insight,Insight,tie,tie
single/gemma-3-4b,e07d6dbe-66a1-4a71-a010-a7f45e4a6bac,Qwen/Qwen2.5-7B-Instruct,mistralai/Mistral-7B-Instruct-v0.3,Use Gentle Challenges and Interpretations,Insight,x,Qwen/Qwen2.5-7B-Instruct
sc/gemma-3-4b,e07d6dbe-66a1-4a71-a010-a7f45e4a6bac,Qwen/Qwen2.5-7B-Instruct,mistralai/Mistral-7B-Instruct-v0.3,Use Gentle Challenges and Interpretations,Insight,tie,tie
single/phi-4-mini,e07d6dbe-66a1-4a71-a010-a7f45e4a6bac,Qwen/Qwen2.5-7B-Instruct,mistralai/Mistral-7B-Instruct-v0.3,Use Gentle Challenges and Interpretations,Insight,tie,tie
sc/phi-4-mini,e07d6dbe-66a1-4a71-a010-a7f45e4a6bac,Qwen/Qwen2.5-7B-Instruct,mistralai/Mistral-7B-Instruct-v0.3,Use Gentle Challenges and Interpretations,Insight,tie,tie
ensemble_single,e07d6dbe-66a1-4a71-a010-a7f45e4a6bac,Qwen/Qwen2.5-7B-Instruct,mistralai/Mistral-7B-Instruct-v0.3,Use Gentle Challenges and Interpretations,Insight,tie,tie
ensemble_sc,e07d6dbe-66a1-4a71-a010-a7f45e4a6bac,Qwen/Qwen2.5-7B-Instruct,mistralai/Mistral-7B-Instruct-v0.3,Use Gentle Challenges and Interpretations,Insight,tie,tie
single/gemma-3-4b,e07d6dbe-66a1-4a71-a010-a7f45e4a6bac,Qwen/Qwen2.5-7B-Instruct,mistralai/Mistral-7B-Instruct-v0.3,Clarify the Desired Change,Action,x,Qwen/Qwen2.5-7B-Instruct
sc/gemma-3-4b,e07d6dbe-66a1-4a71-a010-a7f45e4a6bac,Qwen/Qwen2.5-7B-Instruct,mistralai/Mistral-7B-Instruct-v0.3,Clarify the Desired Change,Action,tie,tie
single/phi-4-mini,e07d6dbe-66a1-4a71-a010-a7f45e4a6bac,Qwen/Qwen2.5-7B-Instruct,mistralai/Mistral-7B-Instruct-v0.3,Clarify the Desired Change,Action,tie,tie
sc/phi-4-mini,e07d6dbe-66a1-4a71-a010-a7f45e4a6bac,Qwen/Qwen2.5-7B-Instruct,mistralai/Mistral-7B-Instruct-v0.3,Clarify the Desired Change,Action,tie,tie
ensemble_single,e07d6dbe-66a1-4a71-a010-a7f45e4a6bac,Qwen/Qwen2.5-7B-Instruct,mistralai/Mistral-7B-Instruct-v0.3,Clarify the Desired Change,Action,tie,tie
ensemble_sc,e07d6dbe-66a1-4a71-a010-a7f45e4a6bac,Qwen/Qwen2.5-7B-Instruct,mistralai/Mistral-7B-Instruct-v0.3,Clarify the Desired Change,Action,tie,tie
single/gemma-3-4b,e07d6dbe-66a1-4a71-a010-a7f45e4a6bac,Qwen/Qwen2.5-7B-Instruct,mistralai/Mistral-7B-Instruct-v0.3,Ensure Readiness and Collaboration,Action,x,Qwen/Qwen2.5-7B-Instruct
sc/gemma-3-4b,e07d6dbe-66a1-4a71-a010-a7f45e4a6bac,Qwen/Qwen2.5-7B-Instruct,mistralai/Mistral-7B-Instruct-v0.3,Ensure Readiness and Collaboration,Action,tie,tie
single/phi-4-mini,e07d6dbe-66a1-4a71-a010-a7f45e4a6bac,Qwen/Qwen2.5-7B-Instruct,mistralai/Mistral-7B-Instruct-v0.3,Ensure Readiness and Collaboration,Action,tie,tie
sc/phi-4-mini,e07d6dbe-66a1-4a71-a010-a7f45e4a6bac,Qwen/Qwen2.5-7B-Instruct,mistralai/Mistral-7B-Instruct-v0.3,Ensure Readiness and Collaboration,Action,tie,tie
ensemble_single,e07d6dbe-66a1-4a71-a010-a7f45e4a6bac,Qwen/Qwen2.5-7B-Instruct,mistralai/Mistral-7B-Instruct-v0.3,Ensure Readiness and Collaboration,Action,tie,tie
ensemble_sc,e07d6dbe-66a1-4a71-a010-a7f45e4a6bac,Qwen/Qwen2.5-7B-Instruct,mistralai/Mistral-7B-Instruct-v0.3,Ensure Readiness and Collaboration,Action,tie,tie
single/gemma-3-4b,e07d6dbe-66a1-4a71-a010-a7f45e4a6bac,Qwen/Qwen2.5-7B-Instruct,mistralai/Mistral-7B-Instruct-v0.3,Brainstorm and Evaluate Options,Action,y,mistralai/Mistral-7B-Instruct-v0.3
sc/gemma-3-4b,e07d6dbe-66a1-4a71-a010-a7f45e4a6bac,Qwen/Qwen2.5-7B-Instruct,mistralai/Mistral-7B-Instruct-v0.3,Brainstorm and Evaluate Options,Action,tie,tie
single/phi-4-mini,e07d6dbe-66a1-4a71-a010-a7f45e4a6bac,Qwen/Qwen2.5-7B-Instruct,mistralai/Mistral-7B-Instruct-v0.3,Brainstorm and Evaluate Options,Action,tie,tie
sc/phi-4-mini,e07d6dbe-66a1-4a71-a010-a7f45e4a6bac,Qwen/Qwen2.5-7B-Instruct,mistralai/Mistral-7B-Instruct-v0.3,Brainstorm and Evaluate Options,Action,tie,tie
ensemble_single,e07d6dbe-66a1-4a71-a010-a7f45e4a6bac,Qwen/Qwen2.5-7B-Instruct,mistralai/Mistral-7B-Instruct-v0.3,Brainstorm and Evaluate Options,Action,tie,tie
ensemble_sc,e07d6dbe-66a1-4a71-a010-a7f45e4a6bac,Qwen/Qwen2.5-7B-Instruct,mistralai/Mistral-7B-Instruct-v0.3,Brainstorm and Evaluate Options,Action,tie,tie
single/gemma-3-4b,f0622a8c-c533-4e5d-bee3-717e794e46b2,Qwen/Qwen2.5-7B-Instruct,mistralai/Mistral-7B-Instruct-v0.3,Empathic Understanding,Exploration,x,Qwen/Qwen2.5-7B-Instruct
sc/gemma-3-4b,f0622a8c-c533-4e5d-bee3-717e794e46b2,Qwen/Qwen2.5-7B-Instruct,mistralai/Mistral-7B-Instruct-v0.3,Empathic Understanding,Exploration,tie,tie
single/phi-4-mini,f0622a8c-c533-4e5d-bee3-717e794e46b2,Qwen/Qwen2.5-7B-Instruct,mistralai/Mistral-7B-Instruct-v0.3,Empathic Understanding,Exploration,tie,tie
sc/phi-4-mini,f0622a8c-c533-4e5d-bee3-717e794e46b2,Qwen/Qwen2.5-7B-Instruct,mistralai/Mistral-7B-Instruct-v0.3,Empathic Understanding,Exploration,tie,tie
ensemble_single,f0622a8c-c533-4e5d-bee3-717e794e46b2,Qwen/Qwen2.5-7B-Instruct,mistralai/Mistral-7B-Instruct-v0.3,Empathic Understanding,Exploration,tie,tie
ensemble_sc,f0622a8c-c533-4e5d-bee3-717e794e46b2,Qwen/Qwen2.5-7B-Instruct,mistralai/Mistral-7B-Instruct-v0.3,Empathic Understanding,Exploration,tie,tie
single/gemma-3-4b,f0622a8c-c533-4e5d-bee3-717e794e46b2,Qwen/Qwen2.5-7B-Instruct,mistralai/Mistral-7B-Instruct-v0.3,Encouragement of Emotional Expression,Exploration,x,Qwen/Qwen2.5-7B-Instruct
sc/gemma-3-4b,f0622a8c-c533-4e5d-bee3-717e794e46b2,Qwen/Qwen2.5-7B-Instruct,mistralai/Mistral-7B-Instruct-v0.3,Encouragement of Emotional Expression,Exploration,x,Qwen/Qwen2.5-7B-Instruct
single/phi-4-mini,f0622a8c-c533-4e5d-bee3-717e794e46b2,Qwen/Qwen2.5-7B-Instruct,mistralai/Mistral-7B-Instruct-v0.3,Encouragement of Emotional Expression,Exploration,tie,tie
sc/phi-4-mini,f0622a8c-c533-4e5d-bee3-717e794e46b2,Qwen/Qwen2.5-7B-Instruct,mistralai/Mistral-7B-Instruct-v0.3,Encouragement of Emotional Expression,Exploration,tie,tie
ensemble_single,f0622a8c-c533-4e5d-bee3-717e794e46b2,Qwen/Qwen2.5-7B-Instruct,mistralai/Mistral-7B-Instruct-v0.3,Encouragement of Emotional Expression,Exploration,tie,tie
ensemble_sc,f0622a8c-c533-4e5d-bee3-717e794e46b2,Qwen/Qwen2.5-7B-Instruct,mistralai/Mistral-7B-Instruct-v0.3,Encouragement of Emotional Expression,Exploration,tie,tie
single/gemma-3-4b,f0622a8c-c533-4e5d-bee3-717e794e46b2,Qwen/Qwen2.5-7B-Instruct,mistralai/Mistral-7B-Instruct-v0.3,Exploration of Thoughts and Narratives,Exploration,x,Qwen/Qwen2.5-7B-Instruct
sc/gemma-3-4b,f0622a8c-c533-4e5d-bee3-717e794e46b2,Qwen/Qwen2.5-7B-Instruct,mistralai/Mistral-7B-Instruct-v0.3,Exploration of Thoughts and Narratives,Exploration,x,Qwen/Qwen2.5-7B-Instruct
single/phi-4-mini,f0622a8c-c533-4e5d-bee3-717e794e46b2,Qwen/Qwen2.5-7B-Instruct,mistralai/Mistral-7B-Instruct-v0.3,Exploration of Thoughts and Narratives,Exploration,tie,tie
sc/phi-4-mini,f0622a8c-c533-4e5d-bee3-717e794e46b2,Qwen/Qwen2.5-7B-Instruct,mistralai/Mistral-7B-Instruct-v0.3,Exploration of Thoughts and Narratives,Exploration,tie,tie
ensemble_single,f0622a8c-c533-4e5d-bee3-717e794e46b2,Qwen/Qwen2.5-7B-Instruct,mistralai/Mistral-7B-Instruct-v0.3,Exploration of Thoughts and Narratives,Exploration,tie,tie
ensemble_sc,f0622a8c-c533-4e5d-bee3-717e794e46b2,Qwen/Qwen2.5-7B-Instruct,mistralai/Mistral-7B-Instruct-v0.3,Exploration of Thoughts and Narratives,Exploration,tie,tie
single/gemma-3-4b,f0622a8c-c533-4e5d-bee3-717e794e46b2,Qwen/Qwen2.5-7B-Instruct,mistralai/Mistral-7B-Instruct-v0.3,Establish a Trusting Foundation,Insight,x,Qwen/Qwen2.5-7B-Instruct
sc/gemma-3-4b,f0622a8c-c533-4e5d-bee3-717e794e46b2,Qwen/Qwen2.5-7B-Instruct,mistralai/Mistral-7B-Instruct-v0.3,Establish a Trusting Foundation,Insight,tie,tie
single/phi-4-mini,f0622a8c-c533-4e5d-bee3-717e794e46b2,Qwen/Qwen2.5-7B-Instruct,mistralai/Mistral-7B-Instruct-v0.3,Establish a Trusting Foundation,Insight,tie,tie
sc/phi-4-mini,f0622a8c-c533-4e5d-bee3-717e794e46b2,Qwen/Qwen2.5-7B-Instruct,mistralai/Mistral-7B-Instruct-v0.3,Establish a Trusting Foundation,Insight,tie,tie
ensemble_single,f0622a8c-c533-4e5d-bee3-717e794e46b2,Qwen/Qwen2.5-7B-Instruct,mistralai/Mistral-7B-Instruct-v0.3,Establish a Trusting Foundation,Insight,tie,tie
ensemble_sc,f0622a8c-c533-4e5d-bee3-717e794e46b2,Qwen/Qwen2.5-7B-Instruct,mistralai/Mistral-7B-Instruct-v0.3,Establish a Trusting Foundation,Insight,tie,tie
single/gemma-3-4b,f0622a8c-c533-4e5d-bee3-717e794e46b2,Qwen/Qwen2.5-7B-Instruct,mistralai/Mistral-7B-Instruct-v0.3,Assess Readiness for Insight,Insight,tie,tie
sc/gemma-3-4b,f0622a8c-c533-4e5d-bee3-717e794e46b2,Qwen/Qwen2.5-7B-Instruct,mistralai/Mistral-7B-Instruct-v0.3,Assess Readiness for Insight,Insight,tie,tie
single/phi-4-mini,f0622a8c-c533-4e5d-bee3-717e794e46b2,Qwen/Qwen2.5-7B-Instruct,mistralai/Mistral-7B-Instruct-v0.3,Assess Readiness for Insight,Insight,tie,tie
sc/phi-4-mini,f0622a8c-c533-4e5d-bee3-717e794e46b2,Qwen/Qwen2.5-7B-Instruct,mistralai/Mistral-7B-Instruct-v0.3,Assess Readiness for Insight,Insight,tie,tie
ensemble_single,f0622a8c-c533-4e5d-bee3-717e794e46b2,Qwen/Qwen2.5-7B-Instruct,mistralai/Mistral-7B-Instruct-v0.3,Assess Readiness for Insight,Insight,tie,tie
ensemble_sc,f0622a8c-c533-4e5d-bee3-717e794e46b2,Qwen/Qwen2.5-7B-Instruct,mistralai/Mistral-7B-Instruct-v0.3,Assess Readiness for Insight,Insight,tie,tie
single/gemma-3-4b,f0622a8c-c533-4e5d-bee3-717e794e46b2,Qwen/Qwen2.5-7B-Instruct,mistralai/Mistral-7B-Instruct-v0.3,Use Gentle Challenges and Interpretations,Insight,x,Qwen/Qwen2.5-7B-Instruct
sc/gemma-3-4b,f0622a8c-c533-4e5d-bee3-717e794e46b2,Qwen/Qwen2.5-7B-Instruct,mistralai/Mistral-7B-Instruct-v0.3,Use Gentle Challenges and Interpretations,Insight,x,Qwen/Qwen2.5-7B-Instruct
single/phi-4-mini,f0622a8c-c533-4e5d-bee3-717e794e46b2,Qwen/Qwen2.5-7B-Instruct,mistralai/Mistral-7B-Instruct-v0.3,Use Gentle Challenges and Interpretations,Insight,tie,tie
sc/phi-4-mini,f0622a8c-c533-4e5d-bee3-717e794e46b2,Qwen/Qwen2.5-7B-Instruct,mistralai/Mistral-7B-Instruct-v0.3,Use Gentle Challenges and Interpretations,Insight,tie,tie
ensemble_single,f0622a8c-c533-4e5d-bee3-717e794e46b2,Qwen/Qwen2.5-7B-Instruct,mistralai/Mistral-7B-Instruct-v0.3,Use Gentle Challenges and Interpretations,Insight,tie,tie
ensemble_sc,f0622a8c-c533-4e5d-bee3-717e794e46b2,Qwen/Qwen2.5-7B-Instruct,mistralai/Mistral-7B-Instruct-v0.3,Use Gentle Challenges and Interpretations,Insight,tie,tie
single/gemma-3-4b,f0622a8c-c533-4e5d-bee3-717e794e46b2,Qwen/Qwen2.5-7B-Instruct,mistralai/Mistral-7B-Instruct-v0.3,Clarify the Desired Change,Action,x,Qwen/Qwen2.5-7B-Instruct
sc/gemma-3-4b,f0622a8c-c533-4e5d-bee3-717e794e46b2,Qwen/Qwen2.5-7B-Instruct,mistralai/Mistral-7B-Instruct-v0.3,Clarify the Desired Change,Action,tie,tie
single/phi-4-mini,f0622a8c-c533-4e5d-bee3-717e794e46b2,Qwen/Qwen2.5-7B-Instruct,mistralai/Mistral-7B-Instruct-v0.3,Clarify the Desired Change,Action,tie,tie
sc/phi-4-mini,f0622a8c-c533-4e5d-bee3-717e794e46b2,Qwen/Qwen2.5-7B-Instruct,mistralai/Mistral-7B-Instruct-v0.3,Clarify the Desired Change,Action,tie,tie
ensemble_single,f0622a8c-c533-4e5d-bee3-717e794e46b2,Qwen/Qwen2.5-7B-Instruct,mistralai/Mistral-7B-Instruct-v0.3,Clarify the Desired Change,Action,tie,tie
ensemble_sc,f0622a8c-c533-4e5d-bee3-717e794e46b2,Qwen/Qwen2.5-7B-Instruct,mistralai/Mistral-7B-Instruct-v0.3,Clarify the Desired Change,Action,tie,tie
single/gemma-3-4b,f0622a8c-c533-4e5d-bee3-717e794e46b2,Qwen/Qwen2.5-7B-Instruct,mistralai/Mistral-7B-Instruct-v0.3,Ensure Readiness and Collaboration,Action,x,Qwen/Qwen2.5-7B-Instruct
sc/gemma-3-4b,f0622a8c-c533-4e5d-bee3-717e794e46b2,Qwen/Qwen2.5-7B-Instruct,mistralai/Mistral-7B-Instruct-v0.3,Ensure Readiness and Collaboration,Action,x,Qwen/Qwen2.5-7B-Instruct
single/phi-4-mini,f0622a8c-c533-4e5d-bee3-717e794e46b2,Qwen/Qwen2.5-7B-Instruct,mistralai/Mistral-7B-Instruct-v0.3,Ensure Readiness and Collaboration,Action,tie,tie
sc/phi-4-mini,f0622a8c-c533-4e5d-bee3-717e794e46b2,Qwen/Qwen2.5-7B-Instruct,mistralai/Mistral-7B-Instruct-v0.3,Ensure Readiness and Collaboration,Action,tie,tie
ensemble_single,f0622a8c-c533-4e5d-bee3-717e794e46b2,Qwen/Qwen2.5-7B-Instruct,mistralai/Mistral-7B-Instruct-v0.3,Ensure Readiness and Collaboration,Action,tie,tie
ensemble_sc,f0622a8c-c533-4e5d-bee3-717e794e46b2,Qwen/Qwen2.5-7B-Instruct,mistralai/Mistral-7B-Instruct-v0.3,Ensure Readiness and Collaboration,Action,tie,tie
single/gemma-3-4b,f0622a8c-c533-4e5d-bee3-717e794e46b2,Qwen/Qwen2.5-7B-Instruct,mistralai/Mistral-7B-Instruct-v0.3,Brainstorm and Evaluate Options,Action,tie,tie
sc/gemma-3-4b,f0622a8c-c533-4e5d-bee3-717e794e46b2,Qwen/Qwen2.5-7B-Instruct,mistralai/Mistral-7B-Instruct-v0.3,Brainstorm and Evaluate Options,Action,tie,tie
single/phi-4-mini,f0622a8c-c533-4e5d-bee3-717e794e46b2,Qwen/Qwen2.5-7B-Instruct,mistralai/Mistral-7B-Instruct-v0.3,Brainstorm and Evaluate Options,Action,tie,tie
sc/phi-4-mini,f0622a8c-c533-4e5d-bee3-717e794e46b2,Qwen/Qwen2.5-7B-Instruct,mistralai/Mistral-7B-Instruct-v0.3,Brainstorm and Evaluate Options,Action,tie,tie
ensemble_single,f0622a8c-c533-4e5d-bee3-717e794e46b2,Qwen/Qwen2.5-7B-Instruct,mistralai/Mistral-7B-Instruct-v0.3,Brainstorm and Evaluate Options,Action,tie,tie
ensemble_sc,f0622a8c-c533-4e5d-bee3-717e794e46b2,Qwen/Qwen2.5-7B-Instruct,mistralai/Mistral-7B-Instruct-v0.3,Brainstorm and Evaluate Options,Action,tie,tie
single/gemma-3-4b,f77b5bfd-78c1-4470-96b2-cf8642c49714,Qwen/Qwen2.5-7B-Instruct,mistralai/Mistral-7B-Instruct-v0.3,Empathic Understanding,Exploration,x,Qwen/Qwen2.5-7B-Instruct
sc/gemma-3-4b,f77b5bfd-78c1-4470-96b2-cf8642c49714,Qwen/Qwen2.5-7B-Instruct,mistralai/Mistral-7B-Instruct-v0.3,Empathic Understanding,Exploration,x,Qwen/Qwen2.5-7B-Instruct
single/phi-4-mini,f77b5bfd-78c1-4470-96b2-cf8642c49714,Qwen/Qwen2.5-7B-Instruct,mistralai/Mistral-7B-Instruct-v0.3,Empathic Understanding,Exploration,x,Qwen/Qwen2.5-7B-Instruct
sc/phi-4-mini,f77b5bfd-78c1-4470-96b2-cf8642c49714,Qwen/Qwen2.5-7B-Instruct,mistralai/Mistral-7B-Instruct-v0.3,Empathic Understanding,Exploration,x,Qwen/Qwen2.5-7B-Instruct
ensemble_single,f77b5bfd-78c1-4470-96b2-cf8642c49714,Qwen/Qwen2.5-7B-Instruct,mistralai/Mistral-7B-Instruct-v0.3,Empathic Understanding,Exploration,x,Qwen/Qwen2.5-7B-Instruct
ensemble_sc,f77b5bfd-78c1-4470-96b2-cf8642c49714,Qwen/Qwen2.5-7B-Instruct,mistralai/Mistral-7B-Instruct-v0.3,Empathic Understanding,Exploration,x,Qwen/Qwen2.5-7B-Instruct
single/gemma-3-4b,f77b5bfd-78c1-4470-96b2-cf8642c49714,Qwen/Qwen2.5-7B-Instruct,mistralai/Mistral-7B-Instruct-v0.3,Encouragement of Emotional Expression,Exploration,x,Qwen/Qwen2.5-7B-Instruct
sc/gemma-3-4b,f77b5bfd-78c1-4470-96b2-cf8642c49714,Qwen/Qwen2.5-7B-Instruct,mistralai/Mistral-7B-Instruct-v0.3,Encouragement of Emotional Expression,Exploration,tie,tie
single/phi-4-mini,f77b5bfd-78c1-4470-96b2-cf8642c49714,Qwen/Qwen2.5-7B-Instruct,mistralai/Mistral-7B-Instruct-v0.3,Encouragement of Emotional Expression,Exploration,x,Qwen/Qwen2.5-7B-Instruct
sc/phi-4-mini,f77b5bfd-78c1-4470-96b2-cf8642c49714,Qwen/Qwen2.5-7B-Instruct,mistralai/Mistral-7B-Instruct-v0.3,Encouragement of Emotional Expression,Exploration,x,Qwen/Qwen2.5-7B-Instruct
ensemble_single,f77b5bfd-78c1-4470-96b2-cf8642c49714,Qwen/Qwen2.5-7B-Instruct,mistralai/Mistral-7B-Instruct-v0.3,Encouragement of Emotional Expression,Exploration,x,Qwen/Qwen2.5-7B-Instruct
ensemble_sc,f77b5bfd-78c1-4470-96b2-cf8642c49714,Qwen/Qwen2.5-7B-Instruct,mistralai/Mistral-7B-Instruct-v0.3,Encouragement of Emotional Expression,Exploration,tie,tie
single/gemma-3-4b,f77b5bfd-78c1-4470-96b2-cf8642c49714,Qwen/Qwen2.5-7B-Instruct,mistralai/Mistral-7B-Instruct-v0.3,Exploration of Thoughts and Narratives,Exploration,x,Qwen/Qwen2.5-7B-Instruct
sc/gemma-3-4b,f77b5bfd-78c1-4470-96b2-cf8642c49714,Qwen/Qwen2.5-7B-Instruct,mistralai/Mistral-7B-Instruct-v0.3,Exploration of Thoughts and Narratives,Exploration,tie,tie
single/phi-4-mini,f77b5bfd-78c1-4470-96b2-cf8642c49714,Qwen/Qwen2.5-7B-Instruct,mistralai/Mistral-7B-Instruct-v0.3,Exploration of Thoughts and Narratives,Exploration,x,Qwen/Qwen2.5-7B-Instruct
sc/phi-4-mini,f77b5bfd-78c1-4470-96b2-cf8642c49714,Qwen/Qwen2.5-7B-Instruct,mistralai/Mistral-7B-Instruct-v0.3,Exploration of Thoughts and Narratives,Exploration,x,Qwen/Qwen2.5-7B-Instruct
ensemble_single,f77b5bfd-78c1-4470-96b2-cf8642c49714,Qwen/Qwen2.5-7B-Instruct,mistralai/Mistral-7B-Instruct-v0.3,Exploration of Thoughts and Narratives,Exploration,x,Qwen/Qwen2.5-7B-Instruct
ensemble_sc,f77b5bfd-78c1-4470-96b2-cf8642c49714,Qwen/Qwen2.5-7B-Instruct,mistralai/Mistral-7B-Instruct-v0.3,Exploration of Thoughts and Narratives,Exploration,tie,tie
single/gemma-3-4b,f77b5bfd-78c1-4470-96b2-cf8642c49714,Qwen/Qwen2.5-7B-Instruct,mistralai/Mistral-7B-Instruct-v0.3,Establish a Trusting Foundation,Insight,x,Qwen/Qwen2.5-7B-Instruct
sc/gemma-3-4b,f77b5bfd-78c1-4470-96b2-cf8642c49714,Qwen/Qwen2.5-7B-Instruct,mistralai/Mistral-7B-Instruct-v0.3,Establish a Trusting Foundation,Insight,x,Qwen/Qwen2.5-7B-Instruct
single/phi-4-mini,f77b5bfd-78c1-4470-96b2-cf8642c49714,Qwen/Qwen2.5-7B-Instruct,mistralai/Mistral-7B-Instruct-v0.3,Establish a Trusting Foundation,Insight,x,Qwen/Qwen2.5-7B-Instruct
sc/phi-4-mini,f77b5bfd-78c1-4470-96b2-cf8642c49714,Qwen/Qwen2.5-7B-Instruct,mistralai/Mistral-7B-Instruct-v0.3,Establish a Trusting Foundation,Insight,tie,tie
ensemble_single,f77b5bfd-78c1-4470-96b2-cf8642c49714,Qwen/Qwen2.5-7B-Instruct,mistralai/Mistral-7B-Instruct-v0.3,Establish a Trusting Foundation,Insight,x,Qwen/Qwen2.5-7B-Instruct
ensemble_sc,f77b5bfd-78c1-4470-96b2-cf8642c49714,Qwen/Qwen2.5-7B-Instruct,mistralai/Mistral-7B-Instruct-v0.3,Establish a Trusting Foundation,Insight,tie,tie
single/gemma-3-4b,f77b5bfd-78c1-4470-96b2-cf8642c49714,Qwen/Qwen2.5-7B-Instruct,mistralai/Mistral-7B-Instruct-v0.3,Assess Readiness for Insight,Insight,x,Qwen/Qwen2.5-7B-Instruct
sc/gemma-3-4b,f77b5bfd-78c1-4470-96b2-cf8642c49714,Qwen/Qwen2.5-7B-Instruct,mistralai/Mistral-7B-Instruct-v0.3,Assess Readiness for Insight,Insight,tie,tie
single/phi-4-mini,f77b5bfd-78c1-4470-96b2-cf8642c49714,Qwen/Qwen2.5-7B-Instruct,mistralai/Mistral-7B-Instruct-v0.3,Assess Readiness for Insight,Insight,x,Qwen/Qwen2.5-7B-Instruct
sc/phi-4-mini,f77b5bfd-78c1-4470-96b2-cf8642c49714,Qwen/Qwen2.5-7B-Instruct,mistralai/Mistral-7B-Instruct-v0.3,Assess Readiness for Insight,Insight,tie,tie
ensemble_single,f77b5bfd-78c1-4470-96b2-cf8642c49714,Qwen/Qwen2.5-7B-Instruct,mistralai/Mistral-7B-Instruct-v0.3,Assess Readiness for Insight,Insight,x,Qwen/Qwen2.5-7B-Instruct
ensemble_sc,f77b5bfd-78c1-4470-96b2-cf8642c49714,Qwen/Qwen2.5-7B-Instruct,mistralai/Mistral-7B-Instruct-v0.3,Assess Readiness for Insight,Insight,tie,tie
single/gemma-3-4b,f77b5bfd-78c1-4470-96b2-cf8642c49714,Qwen/Qwen2.5-7B-Instruct,mistralai/Mistral-7B-Instruct-v0.3,Use Gentle Challenges and Interpretations,Insight,x,Qwen/Qwen2.5-7B-Instruct
sc/gemma-3-4b,f77b5bfd-78c1-4470-96b2-cf8642c49714,Qwen/Qwen2.5-7B-Instruct,mistralai/Mistral-7B-Instruct-v0.3,Use Gentle Challenges and Interpretations,Insight,tie,tie
single/phi-4-mini,f77b5bfd-78c1-4470-96b2-cf8642c49714,Qwen/Qwen2.5-7B-Instruct,mistralai/Mistral-7B-Instruct-v0.3,Use Gentle Challenges and Interpretations,Insight,x,Qwen/Qwen2.5-7B-Instruct
sc/phi-4-mini,f77b5bfd-78c1-4470-96b2-cf8642c49714,Qwen/Qwen2.5-7B-Instruct,mistralai/Mistral-7B-Instruct-v0.3,Use Gentle Challenges and Interpretations,Insight,x,Qwen/Qwen2.5-7B-Instruct
ensemble_single,f77b5bfd-78c1-4470-96b2-cf8642c49714,Qwen/Qwen2.5-7B-Instruct,mistralai/Mistral-7B-Instruct-v0.3,Use Gentle Challenges and Interpretations,Insight,x,Qwen/Qwen2.5-7B-Instruct
ensemble_sc,f77b5bfd-78c1-4470-96b2-cf8642c49714,Qwen/Qwen2.5-7B-Instruct,mistralai/Mistral-7B-Instruct-v0.3,Use Gentle Challenges and Interpretations,Insight,tie,tie
single/gemma-3-4b,f77b5bfd-78c1-4470-96b2-cf8642c49714,Qwen/Qwen2.5-7B-Instruct,mistralai/Mistral-7B-Instruct-v0.3,Clarify the Desired Change,Action,x,Qwen/Qwen2.5-7B-Instruct
sc/gemma-3-4b,f77b5bfd-78c1-4470-96b2-cf8642c49714,Qwen/Qwen2.5-7B-Instruct,mistralai/Mistral-7B-Instruct-v0.3,Clarify the Desired Change,Action,tie,tie
single/phi-4-mini,f77b5bfd-78c1-4470-96b2-cf8642c49714,Qwen/Qwen2.5-7B-Instruct,mistralai/Mistral-7B-Instruct-v0.3,Clarify the Desired Change,Action,,
sc/phi-4-mini,f77b5bfd-78c1-4470-96b2-cf8642c49714,Qwen/Qwen2.5-7B-Instruct,mistralai/Mistral-7B-Instruct-v0.3,Clarify the Desired Change,Action,,
ensemble_single,f77b5bfd-78c1-4470-96b2-cf8642c49714,Qwen/Qwen2.5-7B-Instruct,mistralai/Mistral-7B-Instruct-v0.3,Clarify the Desired Change,Action,,
ensemble_sc,f77b5bfd-78c1-4470-96b2-cf8642c49714,Qwen/Qwen2.5-7B-Instruct,mistralai/Mistral-7B-Instruct-v0.3,Clarify the Desired Change,Action,,
single/gemma-3-4b,f77b5bfd-78c1-4470-96b2-cf8642c49714,Qwen/Qwen2.5-7B-Instruct,mistralai/Mistral-7B-Instruct-v0.3,Ensure Readiness and Collaboration,Action,x,Qwen/Qwen2.5-7B-Instruct
sc/gemma-3-4b,f77b5bfd-78c1-4470-96b2-cf8642c49714,Qwen/Qwen2.5-7B-Instruct,mistralai/Mistral-7B-Instruct-v0.3,Ensure Readiness and Collaboration,Action,tie,tie
single/phi-4-mini,f77b5bfd-78c1-4470-96b2-cf8642c49714,Qwen/Qwen2.5-7B-Instruct,mistralai/Mistral-7B-Instruct-v0.3,Ensure Readiness and Collaboration,Action,,
sc/phi-4-mini,f77b5bfd-78c1-4470-96b2-cf8642c49714,Qwen/Qwen2.5-7B-Instruct,mistralai/Mistral-7B-Instruct-v0.3,Ensure Readiness and Collaboration,Action,,
ensemble_single,f77b5bfd-78c1-4470-96b2-cf8642c49714,Qwen/Qwen2.5-7B-Instruct,mistralai/Mistral-7B-Instruct-v0.3,Ensure Readiness and Collaboration,Action,,
ensemble_sc,f77b5bfd-78c1-4470-96b2-cf8642c49714,Qwen/Qwen2.5-7B-Instruct,mistralai/Mistral-7B-Instruct-v0.3,Ensure Readiness and Collaboration,Action,,
single/gemma-3-4b,f77b5bfd-78c1-4470-96b2-cf8642c49714,Qwen/Qwen2.5-7B-Instruct,mistralai/Mistral-7B-Instruct-v0.3,Brainstorm and Evaluate Options,Action,x,Qwen/Qwen2.5-7B-Instruct
sc/gemma-3-4b,f77b5bfd-78c1-4470-96b2-cf8642c49714,Qwen/Qwen2.5-7B-Instruct,mistralai/Mistral-7B-Instruct-v0.3,Brainstorm and Evaluate Options,Action,tie,tie
single/phi-4-mini,f77b5bfd-78c1-4470-96b2-cf8642c49714,Qwen/Qwen2.5-7B-Instruct,mistralai/Mistral-7B-Instruct-v0.3,Brainstorm and Evaluate Options,Action,,
sc/phi-4-mini,f77b5bfd-78c1-4470-96b2-cf8642c49714,Qwen/Qwen2.5-7B-Instruct,mistralai/Mistral-7B-Instruct-v0.3,Brainstorm and Evaluate Options,Action,,
ensemble_single,f77b5bfd-78c1-4470-96b2-cf8642c49714,Qwen/Qwen2.5-7B-Instruct,mistralai/Mistral-7B-Instruct-v0.3,Brainstorm and Evaluate Options,Action,,
ensemble_sc,f77b5bfd-78c1-4470-96b2-cf8642c49714,Qwen/Qwen2.5-7B-Instruct,mistralai/Mistral-7B-Instruct-v0.3,Brainstorm and Evaluate Options,Action,,
single/gemma-3-4b,fa3b56b4-c94d-43da-b3f1-392a6fbacf8a,Qwen/Qwen2.5-7B-Instruct,mistralai/Mistral-7B-Instruct-v0.3,Empathic Understanding,Exploration,y,mistralai/Mistral-7B-Instruct-v0.3
sc/gemma-3-4b,fa3b56b4-c94d-43da-b3f1-392a6fbacf8a,Qwen/Qwen2.5-7B-Instruct,mistralai/Mistral-7B-Instruct-v0.3,Empathic Understanding,Exploration,y,mistralai/Mistral-7B-Instruct-v0.3
single/phi-4-mini,fa3b56b4-c94d-43da-b3f1-392a6fbacf8a,Qwen/Qwen2.5-7B-Instruct,mistralai/Mistral-7B-Instruct-v0.3,Empathic Understanding,Exploration,tie,tie
sc/phi-4-mini,fa3b56b4-c94d-43da-b3f1-392a6fbacf8a,Qwen/Qwen2.5-7B-Instruct,mistralai/Mistral-7B-Instruct-v0.3,Empathic Understanding,Exploration,tie,tie
ensemble_single,fa3b56b4-c94d-43da-b3f1-392a6fbacf8a,Qwen/Qwen2.5-7B-Instruct,mistralai/Mistral-7B-Instruct-v0.3,Empathic Understanding,Exploration,tie,tie
ensemble_sc,fa3b56b4-c94d-43da-b3f1-392a6fbacf8a,Qwen/Qwen2.5-7B-Instruct,mistralai/Mistral-7B-Instruct-v0.3,Empathic Understanding,Exploration,tie,tie
single/gemma-3-4b,fa3b56b4-c94d-43da-b3f1-392a6fbacf8a,Qwen/Qwen2.5-7B-Instruct,mistralai/Mistral-7B-Instruct-v0.3,Encouragement of Emotional Expression,Exploration,y,mistralai/Mistral-7B-Instruct-v0.3
sc/gemma-3-4b,fa3b56b4-c94d-43da-b3f1-392a6fbacf8a,Qwen/Qwen2.5-7B-Instruct,mistralai/Mistral-7B-Instruct-v0.3,Encouragement of Emotional Expression,Exploration,tie,tie
single/phi-4-mini,fa3b56b4-c94d-43da-b3f1-392a6fbacf8a,Qwen/Qwen2.5-7B-Instruct,mistralai/Mistral-7B-Instruct-v0.3,Encouragement of Emotional Expression,Exploration,tie,tie
sc/phi-4-mini,fa3b56b4-c94d-43da-b3f1-392a6fbacf8a,Qwen/Qwen2.5-7B-Instruct,mistralai/Mistral-7B-Instruct-v0.3,Encouragement of Emotional Expression,Exploration,tie,tie
ensemble_single,fa3b56b4-c94d-43da-b3f1-392a6fbacf8a,Qwen/Qwen2.5-7B-Instruct,mistralai/Mistral-7B-Instruct-v0.3,Encouragement of Emotional Expression,Exploration,tie,tie
ensemble_sc,fa3b56b4-c94d-43da-b3f1-392a6fbacf8a,Qwen/Qwen2.5-7B-Instruct,mistralai/Mistral-7B-Instruct-v0.3,Encouragement of Emotional Expression,Exploration,tie,tie
single/gemma-3-4b,fa3b56b4-c94d-43da-b3f1-392a6fbacf8a,Qwen/Qwen2.5-7B-Instruct,mistralai/Mistral-7B-Instruct-v0.3,Exploration of Thoughts and Narratives,Exploration,y,mistralai/Mistral-7B-Instruct-v0.3
sc/gemma-3-4b,fa3b56b4-c94d-43da-b3f1-392a6fbacf8a,Qwen/Qwen2.5-7B-Instruct,mistralai/Mistral-7B-Instruct-v0.3,Exploration of Thoughts and Narratives,Exploration,y,mistralai/Mistral-7B-Instruct-v0.3
single/phi-4-mini,fa3b56b4-c94d-43da-b3f1-392a6fbacf8a,Qwen/Qwen2.5-7B-Instruct,mistralai/Mistral-7B-Instruct-v0.3,Exploration of Thoughts and Narratives,Exploration,tie,tie
sc/phi-4-mini,fa3b56b4-c94d-43da-b3f1-392a6fbacf8a,Qwen/Qwen2.5-7B-Instruct,mistralai/Mistral-7B-Instruct-v0.3,Exploration of Thoughts and Narratives,Exploration,tie,tie
ensemble_single,fa3b56b4-c94d-43da-b3f1-392a6fbacf8a,Qwen/Qwen2.5-7B-Instruct,mistralai/Mistral-7B-Instruct-v0.3,Exploration of Thoughts and Narratives,Exploration,tie,tie
ensemble_sc,fa3b56b4-c94d-43da-b3f1-392a6fbacf8a,Qwen/Qwen2.5-7B-Instruct,mistralai/Mistral-7B-Instruct-v0.3,Exploration of Thoughts and Narratives,Exploration,tie,tie
single/gemma-3-4b,fa3b56b4-c94d-43da-b3f1-392a6fbacf8a,Qwen/Qwen2.5-7B-Instruct,mistralai/Mistral-7B-Instruct-v0.3,Establish a Trusting Foundation,Insight,y,mistralai/Mistral-7B-Instruct-v0.3
sc/gemma-3-4b,fa3b56b4-c94d-43da-b3f1-392a6fbacf8a,Qwen/Qwen2.5-7B-Instruct,mistralai/Mistral-7B-Instruct-v0.3,Establish a Trusting Foundation,Insight,y,mistralai/Mistral-7B-Instruct-v0.3
single/phi-4-mini,fa3b56b4-c94d-43da-b3f1-392a6fbacf8a,Qwen/Qwen2.5-7B-Instruct,mistralai/Mistral-7B-Instruct-v0.3,Establish a Trusting Foundation,Insight,tie,tie
sc/phi-4-mini,fa3b56b4-c94d-43da-b3f1-392a6fbacf8a,Qwen/Qwen2.5-7B-Instruct,mistralai/Mistral-7B-Instruct-v0.3,Establish a Trusting Foundation,Insight,tie,tie
ensemble_single,fa3b56b4-c94d-43da-b3f1-392a6fbacf8a,Qwen/Qwen2.5-7B-Instruct,mistralai/Mistral-7B-Instruct-v0.3,Establish a Trusting Foundation,Insight,tie,tie
ensemble_sc,fa3b56b4-c94d-43da-b3f1-392a6fbacf8a,Qwen/Qwen2.5-7B-Instruct,mistralai/Mistral-7B-Instruct-v0.3,Establish a Trusting Foundation,Insight,tie,tie
single/gemma-3-4b,fa3b56b4-c94d-43da-b3f1-392a6fbacf8a,Qwen/Qwen2.5-7B-Instruct,mistralai/Mistral-7B-Instruct-v0.3,Assess Readiness for Insight,Insight,y,mistralai/Mistral-7B-Instruct-v0.3
sc/gemma-3-4b,fa3b56b4-c94d-43da-b3f1-392a6fbacf8a,Qwen/Qwen2.5-7B-Instruct,mistralai/Mistral-7B-Instruct-v0.3,Assess Readiness for Insight,Insight,tie,tie
single/phi-4-mini,fa3b56b4-c94d-43da-b3f1-392a6fbacf8a,Qwen/Qwen2.5-7B-Instruct,mistralai/Mistral-7B-Instruct-v0.3,Assess Readiness for Insight,Insight,tie,tie
sc/phi-4-mini,fa3b56b4-c94d-43da-b3f1-392a6fbacf8a,Qwen/Qwen2.5-7B-Instruct,mistralai/Mistral-7B-Instruct-v0.3,Assess Readiness for Insight,Insight,tie,tie
ensemble_single,fa3b56b4-c94d-43da-b3f1-392a6fbacf8a,Qwen/Qwen2.5-7B-Instruct,mistralai/Mistral-7B-Instruct-v0.3,Assess Readiness for Insight,Insight,tie,tie
ensemble_sc,fa3b56b4-c94d-43da-b3f1-392a6fbacf8a,Qwen/Qwen2.5-7B-Instruct,mistralai/Mistral-7B-Instruct-v0.3,Assess Readiness for Insight,Insight,tie,tie
single/gemma-3-4b,fa3b56b4-c94d-43da-b3f1-392a6fbacf8a,Qwen/Qwen2.5-7B-Instruct,mistralai/Mistral-7B-Instruct-v0.3,Use Gentle Challenges and Interpretations,Insight,y,mistralai/Mistral-7B-Instruct-v0.3
sc/gemma-3-4b,fa3b56b4-c94d-43da-b3f1-392a6fbacf8a,Qwen/Qwen2.5-7B-Instruct,mistralai/Mistral-7B-Instruct-v0.3,Use Gentle Challenges and Interpretations,Insight,y,mistralai/Mistral-7B-Instruct-v0.3
single/phi-4-mini,fa3b56b4-c94d-43da-b3f1-392a6fbacf8a,Qwen/Qwen2.5-7B-Instruct,mistralai/Mistral-7B-Instruct-v0.3,Use Gentle Challenges and Interpretations,Insight,tie,tie
sc/phi-4-mini,fa3b56b4-c94d-43da-b3f1-392a6fbacf8a,Qwen/Qwen2.5-7B-Instruct,mistralai/Mistral-7B-Instruct-v0.3,Use Gentle Challenges and Interpretations,Insight,tie,tie
ensemble_single,fa3b56b4-c94d-43da-b3f1-392a6fbacf8a,Qwen/Qwen2.5-7B-Instruct,mistralai/Mistral-7B-Instruct-v0.3,Use Gentle Challenges and Interpretations,Insight,tie,tie
ensemble_sc,fa3b56b4-c94d-43da-b3f1-392a6fbacf8a,Qwen/Qwen2.5-7B-Instruct,mistralai/Mistral-7B-Instruct-v0.3,Use Gentle Challenges and Interpretations,Insight,tie,tie
single/gemma-3-4b,fa3b56b4-c94d-43da-b3f1-392a6fbacf8a,Qwen/Qwen2.5-7B-Instruct,mistralai/Mistral-7B-Instruct-v0.3,Clarify the Desired Change,Action,y,mistralai/Mistral-7B-Instruct-v0.3
sc/gemma-3-4b,fa3b56b4-c94d-43da-b3f1-392a6fbacf8a,Qwen/Qwen2.5-7B-Instruct,mistralai/Mistral-7B-Instruct-v0.3,Clarify the Desired Change,Action,tie,tie
single/phi-4-mini,fa3b56b4-c94d-43da-b3f1-392a6fbacf8a,Qwen/Qwen2.5-7B-Instruct,mistralai/Mistral-7B-Instruct-v0.3,Clarify the Desired Change,Action,tie,tie
sc/phi-4-mini,fa3b56b4-c94d-43da-b3f1-392a6fbacf8a,Qwen/Qwen2.5-7B-Instruct,mistralai/Mistral-7B-Instruct-v0.3,Clarify the Desired Change,Action,tie,tie
ensemble_single,fa3b56b4-c94d-43da-b3f1-392a6fbacf8a,Qwen/Qwen2.5-7B-Instruct,mistralai/Mistral-7B-Instruct-v0.3,Clarify the Desired Change,Action,tie,tie
ensemble_sc,fa3b56b4-c94d-43da-b3f1-392a6fbacf8a,Qwen/Qwen2.5-7B-Instruct,mistralai/Mistral-7B-Instruct-v0.3,Clarify the Desired Change,Action,tie,tie
single/gemma-3-4b,fa3b56b4-c94d-43da-b3f1-392a6fbacf8a,Qwen/Qwen2.5-7B-Instruct,mistralai/Mistral-7B-Instruct-v0.3,Ensure Readiness and Collaboration,Action,y,mistralai/Mistral-7B-Instruct-v0.3
sc/gemma-3-4b,fa3b56b4-c94d-43da-b3f1-392a6fbacf8a,Qwen/Qwen2.5-7B-Instruct,mistralai/Mistral-7B-Instruct-v0.3,Ensure Readiness and Collaboration,Action,tie,tie
single/phi-4-mini,fa3b56b4-c94d-43da-b3f1-392a6fbacf8a,Qwen/Qwen2.5-7B-Instruct,mistralai/Mistral-7B-Instruct-v0.3,Ensure Readiness and Collaboration,Action,tie,tie
sc/phi-4-mini,fa3b56b4-c94d-43da-b3f1-392a6fbacf8a,Qwen/Qwen2.5-7B-Instruct,mistralai/Mistral-7B-Instruct-v0.3,Ensure Readiness and Collaboration,Action,tie,tie
ensemble_single,fa3b56b4-c94d-43da-b3f1-392a6fbacf8a,Qwen/Qwen2.5-7B-Instruct,mistralai/Mistral-7B-Instruct-v0.3,Ensure Readiness and Collaboration,Action,tie,tie
ensemble_sc,fa3b56b4-c94d-43da-b3f1-392a6fbacf8a,Qwen/Qwen2.5-7B-Instruct,mistralai/Mistral-7B-Instruct-v0.3,Ensure Readiness and Collaboration,Action,tie,tie
single/gemma-3-4b,fa3b56b4-c94d-43da-b3f1-392a6fbacf8a,Qwen/Qwen2.5-7B-Instruct,mistralai/Mistral-7B-Instruct-v0.3,Brainstorm and Evaluate Options,Action,y,mistralai/Mistral-7B-Instruct-v0.3
sc/gemma-3-4b,fa3b56b4-c94d-43da-b3f1-392a6fbacf8a,Qwen/Qwen2.5-7B-Instruct,mistralai/Mistral-7B-Instruct-v0.3,Brainstorm and Evaluate Options,Action,tie,tie
single/phi-4-mini,fa3b56b4-c94d-43da-b3f1-392a6fbacf8a,Qwen/Qwen2.5-7B-Instruct,mistralai/Mistral-7B-Instruct-v0.3,Brainstorm and Evaluate Options,Action,tie,tie
sc/phi-4-mini,fa3b56b4-c94d-43da-b3f1-392a6fbacf8a,Qwen/Qwen2.5-7B-Instruct,mistralai/Mistral-7B-Instruct-v0.3,Brainstorm and Evaluate Options,Action,tie,tie
ensemble_single,fa3b56b4-c94d-43da-b3f1-392a6fbacf8a,Qwen/Qwen2.5-7B-Instruct,mistralai/Mistral-7B-Instruct-v0.3,Brainstorm and Evaluate Options,Action,tie,tie
ensemble_sc,fa3b56b4-c94d-43da-b3f1-392a6fbacf8a,Qwen/Qwen2.5-7B-Instruct,mistralai/Mistral-7B-Instruct-v0.3,Brainstorm and Evaluate Options,Action,tie,tie
